[0;32m╔═══════════════════════════════════════════════════════════════════════╗[0m
[0;32m║ Verifying System Requirements [0m
[0;32m╚═══════════════════════════════════════════════════════════════════════╝[0m
[0;32mVerified this is NixOS.[0m
[0;32m╔═══════════════════════════════════════════════════════════════════════╗[0m
[0;32m║ Initial Setup [0m
[0;32m╚═══════════════════════════════════════════════════════════════════════╝[0m
Default options are in brackets []
Just press enter to select the default
[0;32m╔═══════════════════════════════════════════════════════════════════════╗[0m
[0;32m║ Locate or clone ddubsOS repository [0m
[0;32m╚═══════════════════════════════════════════════════════════════════════╝[0m
[0;32mUsing repository at script directory: .[0m
[0;32mCurrent directory: /home/princedimond/ddubsos[0m
[0;32m╔═══════════════════════════════════════════════════════════════════════╗[0m
[0;32m║ Hostname Configuration [0m
[0;32m╚═══════════════════════════════════════════════════════════════════════╝[0m
⚠️  [0;31mImportant: Do NOT use 'default' as hostname - it will be overwritten on updates![0m
Suggested hostnames: my-desktop, my-laptop, workstation, gaming-pc, home-server

Enter Your New Hostname: [ my-desktop ] [0;32mSelected hostname: PD-5CG84633PQ[0m
[0;32m╔═══════════════════════════════════════════════════════════════════════╗[0m
[0;32m║ GPU Profile Detection [0m
[0;32m╚═══════════════════════════════════════════════════════════════════════╝[0m
[0;32mDetected GPU profile: intel[0m
Correct? (Y/N): 
[0;32m╔═══════════════════════════════════════════════════════════════════════╗[0m
[0;32m║ Configuring Host and Profile [0m
[0;32m╚═══════════════════════════════════════════════════════════════════════╝[0m
[0;32m╔═══════════════════════════════════════════════════════════════════════╗[0m
[0;32m║ Timezone Configuration [0m
[0;32m╚═══════════════════════════════════════════════════════════════════════╝[0m
Common timezones:
  America/New_York    (Eastern Time)
  America/Chicago     (Central Time)
  America/Denver      (Mountain Time)
  America/Los_Angeles (Pacific Time)
  Europe/London       (GMT/BST)
  Europe/Paris        (CET/CEST)
  Asia/Tokyo          (JST)
  UTC                 (Coordinated Universal Time)

Enter your timezone: [America/New_York] [0;32mSelected timezone: America/Chicago[0m
[0;32m╔═══════════════════════════════════════════════════════════════════════╗[0m
[0;32m║ Git Configuration [0m
[0;32m╚═══════════════════════════════════════════════════════════════════════╝[0m
📝 Git configuration for version control (used for commits and contributions)
💡 Use your real name and primary email address

Enter your Git username: [YourName] Enter your Git email: [your.email@example.com] [0;32mGit configured: princedimond <princedimond@gmail.com>[0m
[0;32m╔═══════════════════════════════════════════════════════════════════════╗[0m
[0;32m║ Keyboard Layout Configuration [0m
[0;32m╚═══════════════════════════════════════════════════════════════════════╝[0m
Common keyboard layouts:
  us      (US QWERTY - most common)
  uk      (UK QWERTY)
  de      (German QWERTZ)
  fr      (French AZERTY)
  es      (Spanish QWERTY)
  it      (Italian QWERTY)
  dvorak  (Dvorak layout)
  colemak (Colemak layout)

Enter your keyboard layout: [ us ] [0;32mSelected keyboard layout: us[0m
[0;32m╔═══════════════════════════════════════════════════════════════════════╗[0m
[0;32m║ Console Keymap Configuration [0m
[0;32m╚═══════════════════════════════════════════════════════════════════════╝[0m
💡 Console keymap usually matches keyboard layout
Common console keymaps:
  us    (US layout)
  uk    (UK layout)
  de    (German layout)
  fr    (French layout)

Enter your console keymap: [ us ] [0;32mSelected console keymap: us[0m
[0;32m╔═══════════════════════════════════════════════════════════════════════╗[0m
[0;32m║ Username Configuration [0m
[0;32m╚═══════════════════════════════════════════════════════════════════════╝[0m
[0;32m╔═══════════════════════════════════════════════════════════════════════╗[0m
[0;32m║ Capturing Hardware Configuration [0m
[0;32m╚═══════════════════════════════════════════════════════════════════════╝[0m
Using /etc/nixos/hardware-configuration.nix
[0;32m╔═══════════════════════════════════════════════════════════════════════╗[0m
[0;32m║ Adding new host to Git [0m
[0;32m╚═══════════════════════════════════════════════════════════════════════╝[0m
[0;32m╔═══════════════════════════════════════════════════════════════════════╗[0m
[0;32m║ Setting Nix Configuration [0m
[0;32m╚═══════════════════════════════════════════════════════════════════════╝[0m
[0;32m╔═══════════════════════════════════════════════════════════════════════╗[0m
[0;32m║ Initiating NixOS Build [0m
[0;32m╚═══════════════════════════════════════════════════════════════════════╝[0m
[0;32m╔═══════════════════════════════════════════════════════════════════════╗[0m
[0;32m║ Pre-build Verification [0m
[0;32m╚═══════════════════════════════════════════════════════════════════════╝[0m
About to build configuration with these settings:
  🖥️  Host: [0;32mPD-5CG84633PQ[0m
  🎮  GPU Profile: [0;32mintel[0m
  👤  Username: [0;32mprincedimond[0m
  🌍  Timezone: [0;32mAmerica/Chicago[0m
  ⌨️   Keyboard: [0;32mus[0m

[0;33mThis will build and apply your ddubsOS configuration.[0m
[0;33mThe build process may take 10-30 minutes depending on your hardware.[0m

Ready to run initial build? (Y/N): 
Building by profile target: intel
warning: Git tree '/home/princedimond/ddubsos' is dirty
copying path '/nix/store/9rf7z9hhnxqvbf5i04labfsxill2zhyl-source' from 'https://cache.nixos.org'...
unpacking 'github:DreamMaoMao/mangowc/318dc85b22cb66c6bc4fcdb2b39cf8cf14cee0d3?narHash=sha256-GU/Tcy8MryR4y7B5re/TX0e9XQToF/mYQEwUOvuYLi8%3D' into the Git cache...
copying path '/nix/store/k31xbp4dli6ibphay5dkms5cldry2j8a-source' from 'https://nix-community.cachix.org'...
copying path '/nix/store/fks9sdzd2lxk1g63vprm3rqbfqx1q9v3-source' from 'https://nix-community.cachix.org'...
copying path '/nix/store/g4qnz5w64870i5b3w6nx4xm7jyas6zyl-source' from 'https://nix-community.cachix.org'...
copying path '/nix/store/3ig97hwqb2zbqdw08p6qsg0f8lj8n4vz-source' from 'https://nix-community.cachix.org'...
unpacking 'github:catppuccin/nix/95042630028d613080393e0f03c694b77883c7db?narHash=sha256-P6UHmw6enwxmP5wP4Lv722%2Btgpq1PFDAPAdtj7l/16U%3D' into the Git cache...
unpacking 'github:tonybanters/oxwm/14dbc9cb524d55046f7ced758dbc3ada7e3a759d?narHash=sha256-BeLHKwdrY2iIZQmN1H0mXusgWgCQfzeNW56GuQfROq8%3D' into the Git cache...
unpacking 'github:jacopone/antigravity-nix/e23c1c7becfa74615b9e882fb60518e8a4d66b24?narHash=sha256-Gs4DuTFMij3TgBzIRXaYfCQviqas2hL7hdcoROo%2BdXg%3D' into the Git cache...
these 11 paths will be fetched (3.95 MiB download, 14.84 MiB unpacked):
  /nix/store/rj4hri5qpi22xqx6sarh4i2js52dmk7l-busybox-1.36.1
  /nix/store/xhvjnvmha1zlz2l63g1wjaayxx3cgj0b-lowdown-2.0.4-lib
  /nix/store/mbsszngwcbprz10lvd22vww32g6d82qr-nix-2.31.2
  /nix/store/s709svqn0dbi2v6n0miyjfnrccfmjr7p-nix-2.31.2
  /nix/store/6jdcsl582shgq8sj8jrnqqksnqc5k2bh-nix-cmd-2.31.2
  /nix/store/61cr1wcd0a7fsbsgkgvw42f8cfwc00wi-nix-expr-2.31.2
  /nix/store/4xxrkxshvj7lh91mymk2sg6rdjls1ms1-nix-fetchers-2.31.2
  /nix/store/fwic5ybywcb9ajb4rr4f1000ls9sc0fi-nix-flake-2.31.2
  /nix/store/cazhdha9gh1iyx1myldd8z5q750a89xq-nix-main-2.31.2
  /nix/store/fl0ak05y5yyr60xk52j2wn2wfj9hqi3c-nix-store-2.31.2
  /nix/store/w7lbairvar314k3ajxryf9faypard5r7-nixos-rebuild-ng-26.05
copying path '/nix/store/rj4hri5qpi22xqx6sarh4i2js52dmk7l-busybox-1.36.1' from 'https://cache.nixos.org'...
copying path '/nix/store/xhvjnvmha1zlz2l63g1wjaayxx3cgj0b-lowdown-2.0.4-lib' from 'https://cache.nixos.org'...
copying path '/nix/store/fl0ak05y5yyr60xk52j2wn2wfj9hqi3c-nix-store-2.31.2' from 'https://cache.nixos.org'...
copying path '/nix/store/cazhdha9gh1iyx1myldd8z5q750a89xq-nix-main-2.31.2' from 'https://cache.nixos.org'...
copying path '/nix/store/4xxrkxshvj7lh91mymk2sg6rdjls1ms1-nix-fetchers-2.31.2' from 'https://cache.nixos.org'...
copying path '/nix/store/61cr1wcd0a7fsbsgkgvw42f8cfwc00wi-nix-expr-2.31.2' from 'https://cache.nixos.org'...
copying path '/nix/store/fwic5ybywcb9ajb4rr4f1000ls9sc0fi-nix-flake-2.31.2' from 'https://cache.nixos.org'...
copying path '/nix/store/6jdcsl582shgq8sj8jrnqqksnqc5k2bh-nix-cmd-2.31.2' from 'https://cache.nixos.org'...
copying path '/nix/store/mbsszngwcbprz10lvd22vww32g6d82qr-nix-2.31.2' from 'https://cache.nixos.org'...
copying path '/nix/store/s709svqn0dbi2v6n0miyjfnrccfmjr7p-nix-2.31.2' from 'https://cache.nixos.org'...
copying path '/nix/store/w7lbairvar314k3ajxryf9faypard5r7-nixos-rebuild-ng-26.05' from 'https://cache.nixos.org'...
building the system configuration...
warning: Git tree '/home/princedimond/ddubsos' is dirty
copying path '/nix/store/wpil5ykci82yl00k8mzgf7n8g9f6115v-source' from 'https://nix-community.cachix.org'...
copying path '/nix/store/1nb3vnwcjfgdwd38rdmqd0i9xs6qwbim-palette-generator' from 'https://nix-community.cachix.org'...
building '/nix/store/jwp1vaah0g7k9cfnrs9xqvrnz08agp0j-palette.json.drv'...
copying path '/nix/store/b1wwfwvjvr6fk03dz15lmsp9v9wklvk6-source' from 'https://nix-community.cachix.org'...
unpacking 'github:noctalia-dev/noctalia-shell/a6c09ac7d2212066f2feffb0fabaa532e690c72c?narHash=sha256-/ziQ2Uh8EOoOYZj07MpLy40XhbBMqOyov1yt6bN34Aw%3D' into the Git cache...
copying path '/nix/store/zqqizsqsic65679d1yv6l477irnnclgv-source' from 'https://cache.nixos.org'...
unpacking 'github:oxalica/rust-overlay/ab3536fe850211a96673c6ffb2cb88aab8071cc9?narHash=sha256-M6w2wNBRelcavoDAyFL2iO4NeWknD40ASkH1S3C0YGM%3D' into the Git cache...
unpacking 'github:aylur/ags/67b0e31ded361934d78bddcfc01f8c3fcf781aad?narHash=sha256-2qL6CAoQjCJLsxpy0Ac/9pLFoItf3L9KMCSLpoJ6jSw%3D' into the Git cache...
copying path '/nix/store/jfwg36s3hfhlvxrxfw7d60nhycx5gp4h-source' from 'https://cache.nixos.org'...
these 329 derivations will be built:
  /nix/store/024w9nkm86kldi4jqrf963srqc096a08-unit-libvirtd.service.drv
  /nix/store/03iahhmk9d1jsvrfq6vwl87fanhcp637-upscayl-2.15.0-init.drv
  /nix/store/1ivnfn0b35lh4wfpxhc5ky927v8dvzy0-X11-fonts.drv
  /nix/store/210az7h9qyc43vb493in3br0mz7ii993-xserver.conf.drv
  /nix/store/03svygri5kdhvmjpa0pnl5p9p8wlz273-xserver-wrapper.drv
  /nix/store/07jjh30932g1lnbsffsc4a6fyqrgss44-hm_.doom.dconfig.el.drv
  /nix/store/ik1r4wxazcw0ga34qlgsdc7pkm4blimd-discord-0.0.117.tar.gz.drv
  /nix/store/07ql4bh3l4c3i8jzbx32zx3cdhwhpvx3-discord-0.0.117.drv
  /nix/store/0bvw4fkzyks3d18s5yi6k59wf7yaxfas-discord-canary-0.0.819.tar.gz.drv
  /nix/store/0d32i45489jig21vw6rqh9wm43khac05-fallible_collections-0.4.9.drv
  /nix/store/3c12fxsqfvf9qqacdidf389cdfp3xgr0-rust-docs-1.89.0-x86_64-unknown-linux-gnu.tar.xz.drv
  /nix/store/0dbn30h2ca2l41yvg4xkxq0k358kzbml-rust-docs-1.89.0-x86_64-unknown-linux-gnu.drv
  /nix/store/0lz023xc51a4n8ag76vscqcha5w3q52w-graphics-drivers.drv
  /nix/store/0s5azhlnb2bi6f0bifw5imn0dq54kal6-discord-canary-0.0.819.drv
  /nix/store/smwbkhw25spzpf0y4kanc6yclj5r9xwn-ags-npm-deps.drv
  /nix/store/0zihy44jyjip1m96lsj8a2rjd0pv6npf-ags.drv
  /nix/store/6n02gdmnlcarad6499ysxi9p10kbjbki-source.drv
  /nix/store/0xjhkx69mwl6rvr8wj0g1l258wa821r5-ags-1.9.0.drv
  /nix/store/12nkb1vnyyjdmbd7cgvfb61nxkn2869s-hyprpanel-run.drv
  /nix/store/6iag1zkf8a2ff6hxm7vm7mjwjzvqfj8q-dconf-keys.json.drv
  /nix/store/16hqfnz267dra556798fvqlzmpr4jps0-cheatsheets-parser.drv
  /nix/store/2zv1fxrkfj3y8jdq1ppcvcy137pcpxy1-dummy-fc-dir1.drv
  /nix/store/32aj28wv9k4zjwqwdz30zvvxm416sx8x-hyprlock-battery.drv
  /nix/store/4g76fm0mpbjl2dch9xi7hrlda8jq4n7x-packdir-opt.drv
  /nix/store/cscrwrxkwrx1s40dnc4ihb200gdbczf6-packdir-start.drv
  /nix/store/8h24989llp1dzfph6ryqan6v9vf0ymnk-vim-pack-dir.drv
  /nix/store/fxqcya317gcq92kbk9d6288cqyvppwqr-init.vim.drv
  /nix/store/wddg63glmhglyjx3nxb71llj6q36nw0d-manifest.vim.drv
  /nix/store/8jyynvd3kx262byxc0agd3nkl4a6q3q0-neovim-0.11.5.drv
  /nix/store/91cispwvv2ah6crxn9p55jl967klyc6h-init.lua.drv
  /nix/store/jqxisyv5iw32b9l7y1lxkl834qvhsfvk-nixvim-print-init.drv
  /nix/store/397fc82p4d8xv9y5z0w57plw9vlpkhg6-nixvim.drv
  /nix/store/3vf14f73714zwl2pdaf4fvbf882hkib8-noctalia-shell-2025-12-09_a6c09ac.drv
  /nix/store/3xg1yl994bdad6m57zjs92b6q3x8n9jy-wf.drv
  /nix/store/4limib5fkqksm5sj00wbiy700gblg339-squirtle.drv
  /nix/store/4pikdv4ip8x350w6fzzx4gyiyqndsgj6-oxwm-parser.drv
  /nix/store/gc69sijafxwcqnj5809plw3imq7ri2mw-docs-parser.drv
  /nix/store/4s45ys5yi8anizzp594r0aw6hih0k76j-qs-docs.drv
  /nix/store/54mz2c4hpvxcm1p46malsv6gd12qxrk8-qs-vid-wallpapers-apply.drv
  /nix/store/5fg2rmrbx588maqq6s3nng0b9jmlxb05-warp-check.drv
  /nix/store/66178bdcl5micv7ljyk3v4h0rm8dbjm8-toggle-idle.drv
  /nix/store/syarxbxbxka9bv1vwgwa43amzp7gz3mn-Weather.py.drv
  /nix/store/7c0yhha01yb5rag2brhrg4sdm6n244y8-hyprlock-weather-update.drv
  /nix/store/81vms56xzj5ixdzn2c4pq2k6csvpyfam-glances-server.drv
  /nix/store/8sdziij9yd13rnv3wrgxdjz6vzdjxvfh-hyprlock-uptime.drv
  /nix/store/9qndmxwvwhlbqfpg1hklhdvxyav1vn24-hypr-swap-layout.drv
  /nix/store/a1sb12vk3dmy04h0kfwnbaj9340nkn92-ff1.drv
  /nix/store/aiyxjnrkxrilcm8dn276qmc7fwraf2hv-ff.drv
  /nix/store/aj1452w9h39cmgmklixwzrm9rw44hxy4-ff3.drv
  /nix/store/b6fgc1wwv07jmqidl8s6yamgfkffar7f-dummy-fc-dir2.drv
  /nix/store/k43fz9y0ifnf7a4cz5wcgjglq6jq18z3-xmas-timer-main.drv
  /nix/store/c6r3rjvwwvsg7zl4mrrnfr1lyswsqdim-xmas-timer-0.1.0.drv
  /nix/store/g85m45h4pcnbnhaab2snjnnfcjsm0s3i-keybinds-parser.drv
  /nix/store/gv32p1k808ysdx0xlsrmb1wrycqfkndr-ns.drv
  /nix/store/hdf6yah6xa2hp03pyqfgjg9zrq6hb5j8-panel-launcher.drv
  /nix/store/hsx9279yq12k35ibayjzfx72cw6gyywg-kitty-bg.drv
  /nix/store/i29k06ic08waf884iyivnz69mrjjkfyd-dummy-xdg-mime-dirs1.drv
  /nix/store/ixknsg41znim3pbhvz8zhhbv57inx6nr-zcli.drv
  /nix/store/jmdz0pxh9qbv8bdmv8zvk9i5xww6xgw8-rofi-panels.drv
  /nix/store/z2fq3y3s6khkyal9ybx3i9dd185zi6yd-holiday-countdown-main.drv
  /nix/store/jqy9hh74zaqyl740k8pb05m3rsfkbl47-holiday-countdown-0.1.0.drv
  /nix/store/k09zw1hbjv8v9nfp0p5lg1is2d81m9ki-wsapp-vid.drv
  /nix/store/k83zh2zmw721lmb1j60lcnsjlg0fqksw-qs-keybinds.drv
  /nix/store/9j49l7zcc2f4rqwnbbibd6dc8m6s1vfx-editor.drv
  /nix/store/lg5gcb195438naw812685ca36an72xl2-hm-session-vars.sh.drv
  /nix/store/m5rlywgsx4zgz641rkj2xb1v84bz0xqi-dms-run.drv
  /nix/store/ngiqpvz1rkmwp77qs74maprja22mp48j-task-waybar.drv
  /nix/store/nz2k18bpyvf7llcp4kgpbfr2qs1hzlcp-qs-wlogout.drv
  /nix/store/q6jv0s0p3iz7vr249dvcjywbdccdsli0-qs-wallpapers-restore.drv
  /nix/store/q9lbsc8yiazfvv8xws845k26ig9n9g5b-dummy-xdg-mime-dirs2.drv
  /nix/store/qapn26l3b9p7a76f1pz9azjcpjzzp2x8-DropTerminal.drv
  /nix/store/r3ywp94kvlckaiwgiazggb6a7zslrl93-ff2.drv
  /nix/store/r575w94bxg0ghb80h6qmpj8z8f7j2cl5-smart-gaps.drv
  /nix/store/r8amf7gf3ybcr5zql5n4bjz22cf9rmlv-qs-cheatsheets.drv
  /nix/store/rlgnc4l0gy77r3di6d0wzl5a83gx2l0a-hv.drv
  /nix/store/s716b44imcqsjzkmk29p90rf2sdj16a9-hyprlock-update-wallpaper-link.drv
  /nix/store/sdg0wkgqsp0b4gnz9cc9hk28yxxhkw5i-launch-nwg-menu.drv
  /nix/store/ssgkgi2z73njsj24byvzjbgacdzw0c8h-qs-panels.drv
  /nix/store/v9xvdjciqmj7m7kvkrnq0jb6m2kck39y-list-keybinds.drv
  /nix/store/vk5izk0kymylfz224blmch9lyakkwpav-noctalia-run.drv
  /nix/store/w6nswl1znm70b921a02i5q0bdp6h1zq7-hypr-layout-init.drv
  /nix/store/w8syjrrmhym86yrkkw1qsg63vcvq9l6s-note.drv
  /nix/store/x6gnl1gxxz7wn62f4s04yj9aahilrfgn-ghostty-bg.drv
  /nix/store/xl0qr0qi0mh2l2qwf2m0i2hnlpj3znlz-rofi.menu.drv
  /nix/store/xnyxj3ipc1a6wm9qrhqbq3ia24bwijpm-waybar-run.drv
  /nix/store/yf93iw5ibs90nn1kx5bazzqw76130qkn-qs-wallpapers-apply.drv
  /nix/store/kx8wfp9ysqjsp0m9azikqqzla3yb1wbb-home-manager-path.drv
  /nix/store/1ynpnalk2ncznb4aps1ir1h14b5vfd0x-flattenedGtkTheme.drv
  /nix/store/27ym8qpawqfy498fbd86vfqkbaawfmbi-hm_nwgmenunwgmenu.txt.drv
  /nix/store/2swjhapljyy9hsgrb2dabgym9wxmx9cs-hypridle.service.drv
  /nix/store/4sxxp7jrz596bzj1wblgsjpfjn0zkjll-hm_homeprincedimond.localshareapplicationskittybg.desktop.drv
  /nix/store/l24bhgpfmihfxas1yycdm8nprfd4pdny-swaync-style.css.drv
  /nix/store/y7kmfq3c9wfrv6z2rmnk0gf1zny9r29s-config.json.drv
  /nix/store/64r660j2r6r1d31d4yw465jw2fvd200j-swaync.service.drv
  /nix/store/6b9ksm42nbfk7nj7jixs6p6b15404y3i-hm_gitconfig.drv
  /nix/store/6xznv7a4jqns2f09l39a0ssh1g0zi8qi-hm_homeprincedimond.configghosttyghosttybg.conf.drv
  /nix/store/9i8ipaliznrrsk6v51v92rmbhq5g6pq8-hm_nwgmenustyle.css.drv
  /nix/store/d4w1czl7vj3z7lh6m5mk9zwjyxdbkq47-hm_zellijconfig.kdl.drv
  /nix/store/db31bpxgr3b4rbn3i63400sjbvn71kcs-hm_homeprincedimond.zshrc.drv
  /nix/store/h2ffxglqa8calzc0q5kg2zw575l3m2yr-hm_zellijlayoutstopbar.kdl.drv
  /nix/store/j2sn629x1lxvf9xk1h6hyx8j63mqh4xw-udiskie.service.drv
  /nix/store/k27hamzzsamrqqk4bsbaia17r33pjl8s-hm_.localbinhyprshot.drv
  /nix/store/irr9hvj1d6v8r0ac607xcg6l6imxf5m7-WaybarCava.drv
  /nix/store/k6w93r5sh5a3xi2rggpvxfa3h2l1cvns-waybar-config.json.drv
  /nix/store/kk6s0pa75ai1nmjxsfppdffzb5avhd9y-hyprlock-wallpaper-link.timer.drv
  /nix/store/kmfra7mhx28frfm63dpb798yfgc52bnq-gh-config.yml.drv
  /nix/store/lmawzlqghk077i49xgmjjq24nw651dwz-mimeapps.list.drv
  /nix/store/qn1qx53yw8jkkgxd5877ixxkdbmra15i-hyprlock-weather-update.service.drv
  /nix/store/r7lg1s3i41dqwq2ybhz43nlm24hs4mfc-emacs.service.drv
  /nix/store/s002xjya20376lmmj6v6nw2ympyw5j2w-zellij-theme-stylix.drv
  /nix/store/sa1hxrlwbbfg5apc25gcxv8zn1z0qw82-hm_hyprhyprlock.conf.drv
  /nix/store/vj79h28glv62ifcbq12yrrxpb8xlvb2p-hm_tmuxtmux.conf.drv
  /nix/store/vrcmf76fcki4jywldgw8w2xv5zdq3mak-hyprlock-weather-update.timer.drv
  /nix/store/vrgnmwhc40v17rkjcd2iqnij4wgxrjf7-hm_homeprincedimond.zshenv.drv
  /nix/store/ws1d8wmvwbjgj6b1vdxca1ss7bza3khp-waybar-style.css.drv
  /nix/store/wsvfjf7b20gf307b24l5dvnxjjqnj5x0-hm_..zshrcpersonal.drv
  /nix/store/wwb8zwfjfisky98zd4y7pgh49fnwjvws-hm_fontconfigconf.d10hmfonts.conf.drv
  /nix/store/xk42911rxc8vfha8ggm26vb720b6ap1a-hyprlock-wallpaper-link.service.drv
  /nix/store/xmx4zvjcn02pclw4sr1zfm7rp3nrxhph-user-dbus-services.drv
  /nix/store/rdgi5wgf2lsydja5wizvlpxk6bqq2yrs-stylix.yaml.drv
  /nix/store/v0wld61p4jald06ff1xqdkkhhmzfjgim-base16-stylix.scss.drv
  /nix/store/ix61p7xms1ziyljvsw674s446cr24h08-sass-3.7.4.drv
  /nix/store/zg939m47ng2xfvri1a4llz36gbhqyi8a-sass-3.7.4.drv
  /nix/store/y6nx0gx5sx1hzbhqhqmvkp1fcl99mgcf-stylix-gnome-shell-theme.drv
  /nix/store/yg1nnd7k5530wvz71dx6zfsfq652x1vp-hm_homeprincedimond.configkittykittybg.conf.drv
  /nix/store/ypl59a43cn6lnv2zpryw8s8dd2mb4ih5-hm_hyprhyprland.conf.drv
  /nix/store/m1l1p2ahvj85xx87sz8dw0yls0pjr1xg-home-manager-files.drv
  /nix/store/6df5ycldidxvg53fq9ifz60my367gkw0-check-link-targets.sh.drv
  /nix/store/d7s02f8c9df3ii9xg7n0pp35k9ifv62j-dconf-cleanup.drv
  /nix/store/fc4ifpmh68s1jbim7pywgpqi9p0dvdfx-link.drv
  /nix/store/kdinjvp92bbjn9k5grqzmhlbw1c52n5z-hm-dconf.ini.drv
  /nix/store/xlzk14xqf635k0rlnnjzfxshly0b9595-cleanup.drv
  /nix/store/msr5j3miw9gmarpvl1dnqbcjl5sfm5wd-activation-script.drv
  /nix/store/ws0bhk2rl3qp8kvhsp6g9p8296db734m-home-manager-generation.drv
  /nix/store/14c8mwjg9qywhjhj6als11xpz7bl7m5n-unit-home-manager-princedimond.service.drv
  /nix/store/15qybcq9shjlbza69q9wyvpdfb3819gh-jzon-0.12.5.drv
  /nix/store/jm2g0dj2d9sg30b879dw0dzricjmda0j-crate-rustybuzz-0.20.1.tar.gz.drv
  /nix/store/15ravf7vbkln08sjnxax8703k6q8h1n4-rustybuzz-0.20.1.drv
  /nix/store/185ns1a8aiiv0p53kv56qlqakc2v3vbx-linux-6.18-modules.drv
  /nix/store/1arb825pydiq55n4x3gdmdvlk1c3py5h-unit-virtlogd.service.drv
  /nix/store/24izn4i73ljmpm2anhiqjgkxqffs2i31-pbs-home-show.drv
  /nix/store/2xqzcjspv7g5gqhgr07gm373d6vcgm9n-pbs-home-backup.drv
  /nix/store/x6hj48dam8kladmvlds0yw2kw9cdhxg9-google-chrome-stable_143.0.7499.40-1_amd64.deb.drv
  /nix/store/3n42ais31r3rcfddqgk4pms0ps7589mf-google-chrome-143.0.7499.40.drv
  /nix/store/65z5j8xa823scjxb6vsav6hkhbvbiknn-pbs-home-restore.drv
  /nix/store/8msa38mxmjwck03qdm6g52hfjlzjc3mm-pbs-home-restore-last.drv
  /nix/store/8q04mwac13dj9ydkks9xsa10qz2vybjh-nixos-generate-config.drv
  /nix/store/25sbn6nimqmrvwfw5narkma7xynl6hz3-unknown.drv
  /nix/store/94625flv2n0i9d5yy1r47570jm11l3jv-sddm-astronaut-1.0-unstable-2025-01-05.drv
  /nix/store/mp3rzwnsvy350bwfiys8rwynssdazvz7-gtksourceview-5.18.0.drv
  /nix/store/9gclnwz58i98kk0d07nrx1ii32fjpkwl-clapgrep-25.07.drv
  /nix/store/792pi79q4bwz5g53nsdb9342w6pcjb61-upscayl-2.15.0-bwrap.drv
  /nix/store/9mmvz038q1r9hxck7ppkxpx200qz0vik-upscayl-2.15.0.drv
  /nix/store/kx9x5qyqbxaqyk62j5vsq9yy4hwh2nmi-fah-client-8.5.3-init.drv
  /nix/store/gzjv7mgcqgk11n9rv62vfd8ai0fym7fi-fah-client-8.5.3-bwrap.drv
  /nix/store/b7mc5ss5iqa2czj5ykvkl4zb6df2vv7g-fah-client-8.5.3.drv
  /nix/store/b93yw0jvdmn2c042flsh62w1rd4588k4-pbs-home-last.drv
  /nix/store/sadq7hsryhkkp3r9w21hqjylaxwx4fix-nixos-help.drv
  /nix/store/dwc2sgbgfqx2nwp0ih7v1q1dsydzag4j-nixos-help.drv
  /nix/store/9llcaaqyfqlyxyj08s59c8857l4lyqif-losslesscut-3.64.0-init.drv
  /nix/store/wq5sy8azzfh1179zanghxzvgna8acv7j-losslesscut-3.64.0-bwrap.drv
  /nix/store/f5gbckllf9y47c1n3zcvn8qi57rs5mg9-losslesscut-3.64.0.drv
  /nix/store/f5j818ch5zcr84y7j5j3lf5cpqixd5rf-pbs-home-ls.drv
  /nix/store/i8j25hvja3c5ksq2i9km9djbgh948l98-wayfire-wrapped-0.10.1.drv
  /nix/store/ia17v8psa6fbiv72yya3grgb7fwgpfr7-nixos-version.drv
  /nix/store/p69r7a0dyv9la1196l0q9a9rvwjjwn2v-appimage-run-bwrap.drv
  /nix/store/ybklifq9w0r8k97bzi556jw2ymbgjzfr-appimage-run.desktop.drv
  /nix/store/ihr33rsn953xzlznc1sv2y92h9z1an41-appimage-run.drv
  /nix/store/jr9y44a8xgnnys2sdjj96vvcwwxsk62v-sddm-wrapped.drv
  /nix/store/jrhxwj4zyg14zdy27wydy1yjamprfgh4-pbs-home-verify.drv
  /nix/store/l633zqrxpka64jz1z42l8z1shw6wlg1s-gajim-2.3.6.drv
  /nix/store/mr9bn47ah9i7l3xdr4brnyfpac1swc4h-agsv1.drv
  /nix/store/nb12k2paq4sk9fx9nxyqivdwpmmrg5sr-pbs-home-ls-all.drv
  /nix/store/2h26g38nhppzdhqw6x2c7v44jkdc87pg-fontdb-0.23.0.drv
  /nix/store/5pagfbdzpxzr6pmdyba3qsfmrgzcfv8m-crate-fast_image_resize-5.3.0.tar.gz.drv
  /nix/store/5j9m5k74xsldh3l2p35v5rcxwldych3a-fast_image_resize-5.3.0.drv
  /nix/store/5k0dwvfbmniqpx75rwva105s4l3hk1ha-crate-av-data-0.4.4.tar.gz.drv
  /nix/store/69w5yvjl7d3xz11bcr3cgb6y1p538qy0-av-data-0.4.4.drv
  /nix/store/8g3ryn2l8157wpxwr0cmf4ri22bczsmd-xmlwriter-0.1.0.drv
  /nix/store/w97aqdkix7sq5sij5isjqsbi7f8w9m5g-crate-fontconfig-parser-0.5.8.tar.gz.drv
  /nix/store/8xclk869sg1kw0q9acp32fylyv5lwq9x-fontconfig-parser-0.5.8.drv
  /nix/store/9kj21k09yrj2ahhdx9ywkbnaw3gxf819-imagesize-0.13.0.drv
  /nix/store/w9rczcx4s9szsajalzv9skjyz03vaijb-crate-cfg-expr-0.20.4.tar.gz.drv
  /nix/store/9qwkml87g7bciv9bl7m6lywfmry17vjr-cfg-expr-0.20.4.drv
  /nix/store/n55zzqshpzjd92zrb127i9sgd3951jx0-crate-svgtypes-0.15.3.tar.gz.drv
  /nix/store/a9vv8sxfibb8kx1w1arzhfrcdjc4vgh6-svgtypes-0.15.3.drv
  /nix/store/p206668rzjv8xw50ki0hnddq5ix3mplg-crate-dav1d-sys-0.8.3.tar.gz.drv
  /nix/store/c3nwvghdkfvl5lrmcxpx98111wchb23m-dav1d-sys-0.8.3.drv
  /nix/store/c5yhvr0kgh21hpk4gp4wnijpqicv44l4-unicode-script-0.5.7.drv
  /nix/store/cf6qxdnpcjgm3c45lfwx6qs6yb9m6lbj-unicode-vo-0.1.0.drv
  /nix/store/ns1k4qv0igjsjh3bqf3wwfaf6zypr37m-crate-bitreader-0.3.11.tar.gz.drv
  /nix/store/f99wi32mbb76wn5lwyq8dg2h7jwrzbzg-bitreader-0.3.11.drv
  /nix/store/gp6llk9h1rgmiy0biyp0y73v0dbjvrar-crate-assert_cmd-2.1.1.tar.gz.drv
  /nix/store/gcm12pfzwgym0xz0a69nj2ibh0476lrk-assert_cmd-2.1.1.drv
  /nix/store/qvmg64f55wm3qnw40b7willf9ivng2z8-crate-dav1d-0.10.4.tar.gz.drv
  /nix/store/gqxb0vpxc5p97ipsddcm2y8v2995p9ak-dav1d-0.10.4.drv
  /nix/store/jkjv46iyglmra2cmjyk162g8a3r6hx43-mp4parse-0.17.0.drv
  /nix/store/az6rfxn0m4anx93iinfcwq242gkx43b7-crate-unicode-ccc-0.4.0.tar.gz.drv
  /nix/store/ka3l3z3pjnnp5hvm1z3h43fbhplgqlfb-unicode-ccc-0.4.0.drv
  /nix/store/2jnzbhqjw9anrih6yj4hsq2sc1pr7i20-crate-usvg-0.45.1.tar.gz.drv
  /nix/store/l1ydpr7kqi3h6msmljdb0mqmyz5nia6j-usvg-0.45.1.drv
  /nix/store/86zbp2xa2jbyg3sf8ndz5vz7a6apjwqc-crate-system-deps-7.0.7.tar.gz.drv
  /nix/store/l3lw9nykvgyzk6f5n2gaxirpc8rgzr60-system-deps-7.0.7.drv
  /nix/store/iy80bvlgmf7ffpsrmxafhz43waf2y8yn-crate-core_maths-0.1.1.tar.gz.drv
  /nix/store/lk27rnjhwgrisz29r4s70v0awrsi483b-core_maths-0.1.1.drv
  /nix/store/ba7yimkzrjzx6zc5v80jc1b3g5nsq2i0-crate-resvg-0.45.1.tar.gz.drv
  /nix/store/msaqanifvhkxgpxgs7zkx5lmf6i85gcm-resvg-0.45.1.drv
  /nix/store/pxcpw4wgj31lk398arc5k7sjgm4249cd-crate-waybackend-0.10.0.tar.gz.drv
  /nix/store/pm8mbkhcjy7g8agqhr4341yr0gdml2k6-waybackend-0.10.0.drv
  /nix/store/q7mys0fcskvzbr2n7s5yqsfw0n5hz3cr-crate-simplecss-0.2.2.tar.gz.drv
  /nix/store/r7kna407hhg3laigdr0syzk0vp8s85a7-simplecss-0.2.2.drv
  /nix/store/nbyrsss4260r9rq7a43pzm5dl85jnn30-crate-unicode-bidi-mirroring-0.4.0.tar.gz.drv
  /nix/store/x7fw14l7wh94lzvp8jdpzcgxmf4lnmaz-unicode-bidi-mirroring-0.4.0.drv
  /nix/store/jqsph7ynxajrjn6m80vv3dz03mdcn94g-crate-waybackend-scanner-0.10.0.tar.gz.drv
  /nix/store/xmm0klh814qzkgi73qxir2fffb3fii74-waybackend-scanner-0.10.0.drv
  /nix/store/dyg3sj8zc92v424if516pv56gb9lp10b-cargo-vendor-dir.drv
  /nix/store/swc1nlv5x2mwyxkcnc11csk8c981zmpv-rustc-1.89.0-x86_64-unknown-linux-gnu.tar.xz.drv
  /nix/store/7bg0lzqr6yf2jqr88gx9xd06kcwz77g2-rustc-1.89.0-x86_64-unknown-linux-gnu.drv
  /nix/store/92ikr4596xlbfg29s5r4z2whbdv679qb-rustfmt-1.89.0-x86_64-unknown-linux-gnu.tar.xz.drv
  /nix/store/2hw9q6iips94vjj4h5vdy23zqb0px03g-rustfmt-preview-1.89.0-x86_64-unknown-linux-gnu.drv
  /nix/store/v147hn9m8wgzbslwynbi4crkan3g15ch-clippy-1.89.0-x86_64-unknown-linux-gnu.tar.xz.drv
  /nix/store/cw8s13wwgj09l543gjnjrpd5v2q0qj51-clippy-preview-1.89.0-x86_64-unknown-linux-gnu.drv
  /nix/store/jmqaiyc8ylkpvbpjcmllppmk14wcw1y7-cargo-1.89.0-x86_64-unknown-linux-gnu.tar.xz.drv
  /nix/store/j14p3azy30jhpwhgcymc1va5z5hr0vzg-cargo-1.89.0-x86_64-unknown-linux-gnu.drv
  /nix/store/z22h0mmzrzmm2mx582zpcn5jajlx2la8-rust-std-1.89.0-x86_64-unknown-linux-gnu.tar.xz.drv
  /nix/store/knbylhiirrx46r0cnycc094drgs1r2my-rust-std-1.89.0-x86_64-unknown-linux-gnu.drv
  /nix/store/srgn2asyfjiy4vwiz3r6dg7fnik1ay8n-rust-default-1.89.0.drv
  /nix/store/gvpj0qwr4xrj0ghilhad98a83wq2c9wb-auditable-rust-default-1.89.0.drv
  /nix/store/q5qjrklrj10hgqyqcw4ffr1dyhmmq5h3-awww-0.11.2-master2.drv
  /nix/store/ddys82zj2yyqdkhdrkaybm3md908p0wd-hyprpanel.drv
  /nix/store/qqfhl6k5wc92b3ri6n2fv43vwn3yp9n2-hyprpanel-0-unstable-dev.drv
  /nix/store/fcyyqzm337s1j4gyi6rqfmpzrhi4x6xg-warp-terminal-v0.2025.12.03.08.12.stable_03-1-x86_64.pkg.tar.zst.drv
  /nix/store/hyxp7zbgq0zfjg6w3ka0gsnnmx0jan9r-warp-terminal-0.2025.12.03.08.12.stable_03.drv
  /nix/store/s34xxhbx407m9g185b4j53dfx4gv1iqb-warp-bld.drv
  /nix/store/q38650agddihm1h5afxlmr6lx279zdqf-franz_5.11.0_amd64.deb.drv
  /nix/store/v34x6dmkj3g68zy5b1k42bvkbc45cv7f-franz-5.11.0.drv
  /nix/store/yrfb54cpw37rx6nz28mycpm4sgx8rq54-pbs-home-prune.drv
  /nix/store/20l09hmvx52dii8mkd2rwm1s59m65qjy-system-path.drv
  /nix/store/m5y76qavva124sbbmjpinxb68rqw2ki9-linux-6.18-modules-shrunk.drv
  /nix/store/xynzyybs9vzvs5gzjd57yw8fia9wg140-closure-info.drv
  /nix/store/d7w7zp91cwy8g3xbj3a3a21d38i7ip67-initrd-linux-6.18.drv
  /nix/store/28yh6d94id318xzhcij7lxry7jkqcg7y-boot.json.drv
  /nix/store/4y1xyynswsmb2xga9cy66jg2k1rrr0sr-cups-progs.drv
  /nix/store/nxcbryx07qgmv5q34rlc9r7amfh57yas-cups-files.conf.drv
  /nix/store/2l5ld3l8kns6bxhhbrbm8r95h72261z3-cups-progs.drv
  /nix/store/w2qz9kjfr37vgkyb4m3shw4zp9z7fzrx-unit-script-cups-pre-start.drv
  /nix/store/2vb64x2ww89z9ijx8hx77g9n883jc883-unit-cups.service.drv
  /nix/store/x0fipf6p06921kljvffbdh28k9h3hvh9-X-Restart-Triggers-systemd-binfmt.drv
  /nix/store/3f203896axdz8c0ryi10hkxlcrgf5lxn-unit-systemd-binfmt.service.drv
  /nix/store/5j3zqmm0xkyzk0dyfn33375hp8lygllb-exec.drv
  /nix/store/3h80fki3i5xs64p3d892bn13gb70rsd0-fc-cache.drv
  /nix/store/lzy5bqn9vvsphwnsk74qsfm3cz4z3prd-unit-script-nix-gc-start.drv
  /nix/store/3lfvj6i3yf4lq3ligfj3cib7sca5rvp9-unit-nix-gc.service.drv
  /nix/store/4j29r83y269mjihai9m4z8ybkv5xvbmw-unit-cpufreq.service.drv
  /nix/store/4jva1n1w58s16b7c3kq6c5iwp27n2mbz-extra-udev-rules.drv
  /nix/store/4xw48c2lb55d7yf9h2pixp74bikd634r-unit-docker.service.drv
  /nix/store/55ma399y2glhdp7pbdjj6rrrrn1spchm-etc-icons-hicolor-scalable-apps-warp-terminal-bld.svg.drv
  /nix/store/q0w2b43nadclgky1s5k66f6nxjrjch8j-nixos.conf.drv
  /nix/store/zz79vc7nya3mmkr7y5xlzyklrgwjvvk7-X-Restart-Triggers-systemd-modules-load.drv
  /nix/store/76lb8cjsl8mdmwj8a00r60wpbmmirbwg-unit-systemd-modules-load.service.drv
  /nix/store/79067d041wbfsrgwjyp9hh0n57hzs09p-issue.drv
  /nix/store/7r9vcq7vs1walhqwlflr3jdpr1zpvb3q-unit-nh-clean.service.drv
  /nix/store/h6fmi553277322m102pw1bf4xr19xdp3-dbus-1.drv
  /nix/store/kv8w2x7j7rrdfzxkbf0vq47wdh5g6xy1-X-Restart-Triggers-dbus.drv
  /nix/store/8dy6qj2zy61g5k2v9ix7prmqq0bmmga3-unit-dbus.service.drv
  /nix/store/8hvg5nlqiylykjl4jgx0mpch1xaqiis1-ipv6-privacy-extensions.rules.drv
  /nix/store/b3va1sa3cwmmkzhavm9rs66c2555vn96-desktops.drv
  /nix/store/8qmq2bf8cyp10ybcn22s1yc4mmk5z62m-etc-pam-environment.drv
  /nix/store/8rh9qhhs16xginf01ph6qgm6hqp8l7jn-unit-nix-optimise.service.drv
  /nix/store/8wdl56dm6qgkdhn3acyglkfc5xfn6gh1-system-shutdown.drv
  /nix/store/9aafv6ry0syj5rzgz3rzbwm2xll7askr-nixos-tmpfiles.d.drv
  /nix/store/mxn3hn055qnqg3v612rd4j4a3cmjs06s-unit-script-nixos-activation-start.drv
  /nix/store/a7f8lfjirlf475wcb5lnm77ndzryb2xa-unit-nixos-activation.service.drv
  /nix/store/qj11b5m9njddjnl1k3jk65cvdvzaw5ml-fc-00-nixos-cache.conf.drv
  /nix/store/jj6928m47yraizvabcb4x2v4ly7xnx1v-fontconfig-conf.drv
  /nix/store/anmk8x3kwg1f15sz6kay6gwwadl12ngc-fontconfig-etc.drv
  /nix/store/j00aym0z9qr7dzrcnwkjkv122s0qwn40-extra-hwdb-file.drv
  /nix/store/x7d5b4l4a27aicpzrdqlc09jg1ypn2lx-ipv6-privacy-extensions.rules.drv
  /nix/store/aq7ikxgfbzrlwh3r5qa2282366imry99-udev-rules.drv
  /nix/store/asmxbagjpbvkl5wc21x4sfwc5x8d4x85-unit-sshd-keygen.service.drv
  /nix/store/ip2zrsvk0hs3fy4nl91m1hi2bgys526b-ensure-all-wrappers-paths-exist.drv
  /nix/store/kz5ljdq7cjvd9d7vgkqbmbwcw66xlmy7-users-groups.json.drv
  /nix/store/gyzma3j46x63apskwmmv3v5wvcmjhnfg-systemd-boot.drv
  /nix/store/vf4y8qzkl50mdsqvbzs8dralwmmnfsqa-install-systemd-boot.sh.drv
  /nix/store/c61lyyc3hljrnx2kw9wrv6scra485kwq-system-generators.drv
  /nix/store/ddwsx15v3jkl8z1pz1yxpiyp22cgnix0-etc-nix-registry.json.drv
  /nix/store/f6wi86q5pszif43hahzchr4ssbbyrhhj-etc-systemd-system.conf.drv
  /nix/store/h399dq5bynak11ywb2qby8brzmxral2w-etc-bashrc.drv
  /nix/store/xzsgzqyip9wd5m1zg5qi3v1rpysph1hx-set-environment.drv
  /nix/store/ipqklvpwxg14pp9p3cqxy26f5v4q0ws1-etc-profile.drv
  /nix/store/i2b991p0glsw1vllwlzbwfhbyslvm1zx-graphics-driver.conf.drv
  /nix/store/kj8gfaaqhmhrs2q283g0s259bp5hhydq-tmpfiles.d.drv
  /nix/store/lcaabp4msnbsdr5vimb959nvg8fvcaqm-sddm.conf.drv
  /nix/store/ln6sha1x02rwr3grvd11f4w2s75y4z1q-etc-ssh-ssh_config.drv
  /nix/store/ixgxrjxqca0pm66350vafpgq259y941a-X-Restart-Triggers-polkit.drv
  /nix/store/c5rbmzbndv15ny399d7a78n45pppsqhp-unit-polkit.service.drv
  /nix/store/cpjczrfsx5r36awq3wh7a4rd0d1f1xaf-unit-virtlockd.service.drv
  /nix/store/dana68984jy0wxiw31j6i114pk2gi72r-unit-display-manager.service.drv
  /nix/store/dl72s1r3784ypzxx3wbbr1m5bzb92p4v-unit-docker-prune.service.drv
  /nix/store/jjag4j5fmnmswkykwfb0jvg8fj86s1q7-unit-script-suid-sgid-wrappers-start.drv
  /nix/store/ibiambki13nxlrgl7nb5x18q153n05xr-unit-suid-sgid-wrappers.service.drv
  /nix/store/jiwaj7m2m7nyxkjzpwx5apks3051z2sc-unit-libvirt-guests.service.drv
  /nix/store/jjcma9a6fz4zlpc742c9lccv8syypgd5-unit-seatd.service.drv
  /nix/store/kasg2147xjd57vlqvm8bm6mmfhr2m67x-unit-cups-browsed.service.drv
  /nix/store/s34dxx0g9fpf74dlc2axanfbfl38w980-etc-os-release.drv
  /nix/store/cvsh7qgscqack09v3aa4glz9ma9v3437-shutdown-ramfs-contents.json.drv
  /nix/store/mq7vw8p84yw8wxrph9rbbq5n6lhhnj9m-unit-generate-shutdown-ramfs.service.drv
  /nix/store/p2dfx2fylkl6is77da55n723mnbw20cq-nix.conf.drv
  /nix/store/idqrs6p9q6sx9v3w3nal3icd40gysh0v-X-Restart-Triggers-nix-daemon.drv
  /nix/store/n50nl60vrv3hkjwz7yg53xayjznkajdg-unit-nix-daemon.service.drv
  /nix/store/xvs662gn6drky50nh1ki4dfwx5gnl344-unit-script-libvirtd-config-start.drv
  /nix/store/n8yr24p4jv4qxlrwwn47n6kcddvb0pvh-unit-libvirtd-config.service.drv
  /nix/store/qmrkwaziimriga05clihk2vzfmdzyclr-unit-dbus.service.drv
  /nix/store/sj6156p1as4qd6s46hzdnkz3cy9ljsz7-X-Restart-Triggers-systemd-tmpfiles-resetup.drv
  /nix/store/rhang4llv9im5x44k8wxrqj7znv6lwsp-unit-systemd-tmpfiles-resetup.service.drv
  /nix/store/hx5519n8lczl7qvp05fcsh1nmf0k24m8-X-Restart-Triggers-systemd-udevd.drv
  /nix/store/x7jbn1dlg04s5s6316isf4scvfjfbs6l-unit-systemd-udevd.service.drv
  /nix/store/wkssbrzg5f1pwbf5abxpdxngwmrkxnwm-flatpak-state.json.drv
  /nix/store/qd7359ajw0d4fc0z44sdkhy9fhx2j91p-flatpak-managed-install.drv
  /nix/store/xywx5yasgivvrpd7rhfpviw4hqxcrds8-unit-flatpak-managed-install.service.drv
  /nix/store/n4m9cmvwklk2ypa7xkp0svj4ia0svdbx-system-units.drv
  /nix/store/pari1bd6l6hixamshrm11qk4wdijyrl3-user-environment.drv
  /nix/store/s6mdm82dbp0szyvc6kw6x5d0pzg2kbvq-etc-applications-warp-bld.desktop.drv
  /nix/store/sjkjn69w4vy6s2i36wgay657jl4z9bkk-hwdb.bin.drv
  /nix/store/v3bbxnhxfya2d9l8i72fbnxkls9igjz7-unit-hypridle.service.drv
  /nix/store/vy961dsrlkmqhbd1j2l7jp687c2zqxby-user-units.drv
  /nix/store/ypk4129czrc0fx65p1f3amxk7g2dh9pb-user-generators.drv
  /nix/store/xl1w3qkp2knpdi1c4yd1zx2wlsppvxjd-etc.drv
  /nix/store/ayky1jk1yj1dc2jl3a00hhgq54b36mkq-nixos-system-PD-5CG84633PQ-26.05.20251205.a672be6.drv
these 1839 paths will be fetched (2330.12 MiB download, 10941.17 MiB unpacked):
  /nix/store/dcia02lii9qa3rq88cgrq7l69h1rb6af-Iosevka-33.3.5
  /nix/store/8ywkyiyc5cgrx72vrrf98mwbnnmix9a4-OVMF-202511-fd
  /nix/store/b71g29x4vc7a7vvzrhsd6rqr5v2rylna-ShellCheck-0.11.0
  /nix/store/qklmnw16mjabsivv7y27a9ysg7q1g43n-SwayNotificationCenter-0.12.3
  /nix/store/1pjd7hgs3w96qgld2bwrkk3b88m7vx5c-Xaw3d-1.6.6
  /nix/store/bylmxi0aa2v3jz2q7zkdpa49nmpyrkgq-acl-2.3.2
  /nix/store/x7xd5p10bfckbxda6n7kybbm8jli7m5c-ada-grammar-0.0.0+rev=6c26c44
  /nix/store/h8i0asff71672p9djbqp2m42al0h5rys-adler2-2.0.1
  /nix/store/n8k4kcxvp5qx9xbg5n48zd9gqm13s8kp-adw-gtk3-6.4
  /nix/store/wd61llbvai26dncxpm86aacvshw97is7-agda-grammar-0.0.0+rev=e8d47a6
  /nix/store/aqpw0bv57zlcbr1avmpsabsd2560y7n0-ags-2.3.0
  /nix/store/hw196kndzpdjq1cl3i99ai0k2saibds8-ags-2.3.0
  /nix/store/7zbgw2rixw723panszyh21j5akn4wx1y-ahash-0.8.12
  /nix/store/j7z5vdmbwfbk0j97swra7wwsv1njr7a5-ali-0.7.5
  /nix/store/35b7pci9f1308g1n297y1kca9k8rl461-alsa-lib-1.2.13
  /nix/store/21fxbdc2kbhr9glvdhfmk80fl4xra4d9-alsa-lib-1.2.14-dev
  /nix/store/qnwch8002srl30i60an7s0giz00ldlmn-alsa-topology-conf-1.2.5.1
  /nix/store/8v3zxwk9dny1bc95ibzr0x8hf26hqkrq-alsa-ucm-conf-1.2.12
  /nix/store/410qr2cb9f055c8fwpgaa5bpgc4igscw-angular-grammar-0.0.0+rev=d1f24a8
  /nix/store/6xvxqk8c7j8x4ryh0y7kilhq6s6sn0zd-anstream-0.6.21
  /nix/store/r2qybjnv2sar06jj84s0zl238h778dnd-anstyle-1.0.13
  /nix/store/l06m619vcd2zzwws9iazy6zxy5i88qf8-anstyle-parse-0.2.7
  /nix/store/714n3hfp46fcbzf71jkxdxyjq4nl314p-anstyle-query-1.1.4
  /nix/store/94lx9mmsy6lq4q2z3gfxq4gir58a1x42-anstyle-wincon-3.0.10
  /nix/store/08idch8xypywvzlsjqh7zhjhad3xvkrr-apex-grammar-0.0.0+rev=3597575
  /nix/store/8cggnajaq406b6fzcdsykd49d747320d-app2unit-1.1.2
  /nix/store/szh2hiacsfmrxf66hcjhrwacpx2mxypw-appimage-exec.sh
  /nix/store/pb0vvwq5y25pb9gyfshniapghs0c8dlr-appimage-run-fhsenv-rootfs
  /nix/store/dmrwlq8ram9bi4dy09h0wrmjzklhnww5-appstream-1.0.4
  /nix/store/lzk9xw9b1ldk5wlkkf5raxf7cas85acx-arduino-grammar-0.0.0+rev=53eb391
  /nix/store/skg6qs0rssgjs23x9caik334gzl1a1sg-arrayref-0.3.9
  /nix/store/njixj3li9yy565bl86i7a4g8pmzy6bf7-arrayvec-0.7.6
  /nix/store/q1ih0kg3r0qcxbkf3zygs2a4yyyjgl4h-asciinema-2.4.0
  /nix/store/4pr4fa99nqjlqq6ln2mxnbhds2ww276j-asm-grammar-0.0.0+rev=839741f
  /nix/store/2if5k6wnrnv27szfdp6dj5r5zlfx7s4h-astal-apps-0-unstable-2025-11-26
  /nix/store/ql8d6hpgzjzdzcphxjxcrvz7k6fxx8rs-astal-astal3-0-unstable-2025-11-26
  /nix/store/6sgx3yk5887i9j8ld4rckbd1gyf8dwrl-astal-astal4-0-unstable-2025-11-26
  /nix/store/55g79a8y2dr7lmpjsy3xk4m3rjq76g2b-astal-battery-0-unstable-2025-11-26
  /nix/store/fafhaagwh7wgz6lackzr7vxdd1agnw4d-astal-bluetooth-0-unstable-2025-11-26
  /nix/store/0n01rnffn7x691hhvd47xb5rlsfv493b-astal-cava-0-unstable-2025-11-26
  /nix/store/9271jm0abhfhwb1dwyqv62mgy4fnvmgk-astal-gjs-0-unstable-2025-11-26
  /nix/store/zn31ld07z1ng770065s2baj4r12pad8d-astal-hyprland-0-unstable-2025-11-26
  /nix/store/8x0k4pln5k3ccyimvypvnp3r143zpimi-astal-io-0-unstable-2025-11-26
  /nix/store/3gffvcnwis163wbwgra6q6ahaq4cllan-astal-mpris-0-unstable-2025-11-26
  /nix/store/5dy4awlmdkh6srv043858cs48vlhxf3f-astal-network-0-unstable-2025-11-26
  /nix/store/mbkhidhhp686am2cp0z98fyaz5rwqc73-astal-notifd-0-unstable-2025-11-26
  /nix/store/8728j19hizgy3l7n9qlshlv9l6wak02n-astal-powerprofiles-0-unstable-2025-11-26
  /nix/store/sk5nx3s9pnkaj51p5xlziwchshn0vvly-astal-tray-0-unstable-2025-11-26
  /nix/store/iinrz9wzqjnpyhvxqhmlswl26f16rl6b-astal-wireplumber-0-unstable-2025-11-26
  /nix/store/477pdlbm5rplpacqmdia43ar794rywwn-astro-grammar-0.0.0+rev=213f6e6
  /nix/store/h13jrdg1scvfpwmpwdqvd8jmb90gv2z3-at-spi2-core-2.56.2
  /nix/store/gybizxcsd0y8wrijnb7yldrdl4a5v4ay-at-spi2-core-2.56.2-dev
  /nix/store/s1rbzc4mmfhwlhafha52c8frsrfkrx37-attr-2.5.2
  /nix/store/5s2lc2sdgd6nakkd81mkgn2rq696j0j9-audacity-3.7.6
  /nix/store/wxq21pla3bpk2n22ckand6dhnaq82gy8-audit-4.1.0-lib
  /nix/store/gcgifdam0jsj467vcmi94yymxjcjfwzg-authzed-grammar-0.0.0+rev=83e5c26
  /nix/store/qrhfjdpb10snd6zpbijr902jfxl6m5hk-auto-patchelf-0-unstable-2024-08-14
  /nix/store/2lcaqq9rs6mn2jlrcfk885pg72scnjcv-auto-patchelf-hook
  /nix/store/3njz6xapmmpk4cqf26rjh9rnnmnsfqmx-autocfg-1.5.0
  /nix/store/1sv8j6k9rccxb10sxkh38xfsx1ppl3rh-avahi-0.8
  /nix/store/7wsv98ryv1sningazc5c4g00h5av1q8j-awk-grammar-0.0.0+rev=34bbdc7
  /nix/store/zj3r3156my7azyfw40gghagfxml7yk7w-bandwhich-0.23.1
  /nix/store/7m0wa1aznf4dmx5hs3p1yz6m3bb6wxlc-base64-0.22.1
  /nix/store/l9k32vj2aczxw62134j1x0dsh569jz2l-bash-5.2p37
  /nix/store/nn27l879np49xvx6l1a8nqnqlp9apd8n-bash-interactive-5.2p37
  /nix/store/shxmm0g5r4mzz589s5ik9pf5m7qw7cag-bass-grammar-0.0.0+rev=28dc705
  /nix/store/01wp2vgd70ssmk4fmkc2lh98jkyxnxvv-bat-0.26.1
  /nix/store/kirjj6s2qmcbl4iadv208zqibz16p6nd-batman-2024.08.24-unstable-2025-02-22
  /nix/store/bw0ma665kf6zns3j90afqn7hdk2k38dn-batpipe-2024.08.24-unstable-2025-02-22
  /nix/store/5syiss9pdxksv68av4g5y2mk3n408w3g-beancount-grammar-0.0.0+rev=b7a2557
  /nix/store/dmmwfjpgjc45npkm7iiraw1jh3wajhww-below-0.9.0
  /nix/store/15rzal47lkh6c40mddclildik5mv1xsb-bibtex-grammar-0.0.0+rev=8d04ed2
  /nix/store/g5fih5hicgqzvja22rps3ca8iblms1rs-bicep-grammar-0.0.0+rev=bff5988
  /nix/store/42pzy4ahwk8p41hwfmz2nldgvsdws8q1-binutils-2.44
  /nix/store/5i17rngglby671bra0ns7nr01v1c0340-binutils-2.44-lib
  /nix/store/iga4lv0say4pbbbgkf1v79403n1ip7hf-binutils-wrapper-2.44
  /nix/store/d3na86yjzfa8id50fpq6rh5d43lmkw2b-bit_field-0.10.3
  /nix/store/dn6qs83wyl840p6a9n3xz0w9z43sn7yd-bitbake-grammar-0.0.0+rev=a5d04fd
  /nix/store/5v8mac0qnags8lsgr87nzn8g8sz99x0r-bitflags-1.3.2
  /nix/store/x019b3gmp3nzfl9agdyghiay5wvag9my-bitflags-2.10.0
  /nix/store/xrpnanhqk8y6j4s34c9xfm59n967iaqd-blade-grammar-0.0.0+rev=fbe5f81
  /nix/store/r82ddx8ca330v79k2myxx76h9mp05j5x-blueprint-compiler-0.18.0
  /nix/store/lj39k00z12ngfdqnfav33jwqx9qmqh0k-blueprint-grammar-0.0.0+rev=355ef84
  /nix/store/8yyzznxbbrykv4924vs0451jnpq6f4nr-bluetui-0.8.0
  /nix/store/g60bqava88fk8pvlw1s1pg9g0vz9jsnc-bluetuith-0.2.5
  /nix/store/f6h1mckx26vw89f0hlgh2n0y3nx4y22x-bluez-5.80
  /nix/store/ysqli2268dij2sf80l1haifaw44cnhqx-bluez-5.84-dev
  /nix/store/zykd8is8dlg8nkjxvwab4wlpbrpqyg5h-bmon-4.0
  /nix/store/l5biw3arah1z41js9ypscnkg4s06gcxd-bp-grammar-0.0.0+rev=ee641d1
  /nix/store/7456hg0lnvbhv4fdmm1g67zf7j0ac528-breeze-icons-6.20.0-dev
  /nix/store/h00sl2d6j0wn60vixhbip4dyl9z4xr4k-brightscript-grammar-0.0.0+rev=5516826
  /nix/store/pg0jch3xxrzm8rxjra1iq18gj12l69gb-broot-1.54.0
  /nix/store/dkhzq75algsialsg1k1wym0cf336r1xz-brotli-1.1.0
  /nix/store/mkn94yad6n3m2lnnfxg7qmqzshvs5a1i-brotli-1.1.0-dev
  /nix/store/9c65bhkvvcsahkzp38ir5gqprp4y44lx-brotli-1.1.0-lib
  /nix/store/5ba63xbfbwfpmd7cj50dz2g6inkj8scs-bstr-1.12.1
  /nix/store/qxsglqw2fm5d0j7kwgvw669c9w22szdc-btrfs-progs-6.14
  /nix/store/pgwj02g4rxsnjx27y99sl9ypdd2s45pp-byte-slice-cast-1.2.3
  /nix/store/grzw6bwckjzns9nqv3zpndj9g6bj972v-bytemuck-1.24.0
  /nix/store/55rqj0b3xnmf8x2zw92ahlxxv6mlimh0-byteorder-1.5.0
  /nix/store/2khr0i57qy56646xvafri1d28gfd4rwy-byteorder-lite-0.1.0
  /nix/store/7pqpr1klmaq4h25qw2yg8livk5s85saa-bytes-1.10.1
  /nix/store/s3mkvm3f20pd1vfx109w89jcc0mdcx2a-bzip2-1.0.8
  /nix/store/59pgpbm743q1nhav513283zinqrf4rqk-bzip2-1.0.8-bin
  /nix/store/h56xbvy1gdxc1bp4qwbjavg7anvn46c3-bzip2-1.0.8-dev
  /nix/store/yz1p4k0lbc8if7ag3cfzq7a1c3b7cca4-c-ares-1.34.5-dev
  /nix/store/p22qxa4cf3axy9x27kgplrsd60fikhqm-c3-grammar-0.0.0+rev=2e852d5
  /nix/store/pl8ya0s8l03gxh2hy0sayk3ldksjhr69-c_sharp-grammar-0.0.0+rev=485f0ba
  /nix/store/vmd6lms6q2dcvjk6d4gj5axap6228fvr-caddy-grammar-0.0.0+rev=2686186
  /nix/store/gd22hvyhpvwpwv3wd3f5r1c02d2cy5m6-cairo-1.18.2
  /nix/store/74mi5rpl82w5976dabc9442ily61j31a-cairo-1.18.2-dev
  /nix/store/mdn3lj98lvi7152mdyl2navjq908skxz-cairo-grammar-0.0.0+rev=6238f60
  /nix/store/qzyf3knnx4d5qr1fwmhrgf5i33q0mng6-candy-icons-0-unstable-2025-11-28
  /nix/store/wia72a76c30p5nd8r2m98cw443dwkria-capnp-grammar-0.0.0+rev=7b0883c
  /nix/store/v4fywclga0g7p6sj5frq2rzskxmg2xzl-cargo-auditable-0.6.5
  /nix/store/x71dkhpxljcjm2gvwd7kb94h8wmw2k67-cargo-build-hook.sh
  /nix/store/7wsz928i48q68irq9j4nsbhrw1gbqx98-cargo-check-hook.sh
  /nix/store/25w1451msk6zbabar5mxq8fhdv0d2xml-cargo-deps-vendor
  /nix/store/kpbnpkgr3jmlc7wwl48asi9kjnsgcahb-cargo-install-hook.sh
  /nix/store/4m93mrrakcxcfpiyzpf8rchwfnv7ij22-cargo-setup-hook.sh
  /nix/store/jvzi8ak4rrwnmkmbwn81zlcqwpfp856q-cdparanoia-III-10.2
  /nix/store/f3f0l8by19nz1yln0kavpizh1snjp039-celt-0.11.3
  /nix/store/13bb9sgbf3sihmizc0xh5z8pywrc272i-cfg-if-1.0.4
  /nix/store/sqg08yzmpfmgas9n6cvaclr4bdmc27mp-chafa-1.18.0-man
  /nix/store/hhlvbrlm15qp251xkkc8cl1fb4nx72yf-chatito-grammar-0.0.0+rev=b4cbe9a
  /nix/store/yrw2z93rq23dw93wvy098gdz09qgp3zj-chromaprint-1.5.1
  /nix/store/6yw2m0n5f2jv4dh4i3yk66srv9w8vpr1-circom-grammar-0.0.0+rev=0215052
  /nix/store/cmmvz51gaak59wpmi6qil1dg70mk9rwy-cjson-1.7.18
  /nix/store/lzabzsisyrkr2bh49ifab0c6pjh56bs3-clap-4.5.51
  /nix/store/5gvhl7ix56r4mj6g92sgj5k4bm2m26ln-clap_builder-4.5.51
  /nix/store/aq195bcldl512rqldy4b7hg5mvs3g3jm-clap_complete-4.5.60
  /nix/store/4ksjf9981r1am3c5pbgv7ay9pq90vlxc-clap_derive-4.5.49
  /nix/store/l0ah6cypgffmh6xds4lx7c1i9ls5rf4p-clap_lex-0.7.6
  /nix/store/vrynvhjv6fi8y5n2nwy7ym2mc46jc6jz-clipse-1.1.0
  /nix/store/47z2l9fa13r5hgjxmmfjhrynprnc3587-clojure-grammar-0.0.0+rev=e43eff8
  /nix/store/i4ihbw0zzrj6797d5g7ihfp2qh8hwsq2-cmake-grammar-0.0.0+rev=c7b2a71
  /nix/store/f6ip04f8jkr7q3j7sbpb5dwsr2xabh8k-cointop-1.6.10
  /nix/store/ymk343938qdx4r7sgjvw5204c981dik1-color_quant-1.1.0
  /nix/store/a5nakfycgcsyx03agf6qxgdj2cppyxri-colorchoice-1.0.4
  /nix/store/nscjh4cj33i8i29dkvwf72ci1r9a8d4s-comment-grammar-0.0.0+rev=db922d7
  /nix/store/dx6g9lw4g95sq4cv1yvn2p49xn7sh3dv-commonlisp-grammar-0.0.0+rev=3232350
  /nix/store/031wlnqnzgkffwkg19spb43dc3pliam2-cooklang-grammar-0.0.0+rev=4ebe237
  /nix/store/5gqzc9hinw5yy0nwyq0b0s1b084ga25b-copilot-cli-1.34.1
  /nix/store/zwplch93wbpj82bp7riwaixmdx2xi0ah-coreutils-9.7
  /nix/store/fpkh3nraz66gniq69ad897ajw1nghjlx-corn-grammar-0.0.0+rev=4646547
  /nix/store/ajlf0blrdgmpn7w51zkc0ydxchgj20g7-countryfetch-0.2.0
  /nix/store/y7sja8xjg9gd407jaa9jbx1krlcb4djx-cpon-grammar-0.0.0+rev=594289e
  /nix/store/v15rc4vv4bpxxaby56l7fry8v84vg0kb-cpufeatures-0.2.17
  /nix/store/nzh66j94adz7667sgf9rmmfl41x0xrpa-cpufetch-1.07
  /nix/store/vphfcpq2y7gsd9la7qnvc2g3w2wrclgx-cpupower-6.18
  /nix/store/ifqpynrl7jh4m6yi5nx17hh4kdszzv39-cracklib-2.10.0
  /nix/store/gajdjfhyracznfbhkjzm8n8p4m52pp6z-crate-fallible_collections-0.4.9.tar.gz
  /nix/store/0vwssgbqv6qn5cppzmz97w66rcpwgai9-crate-fontdb-0.23.0.tar.gz
  /nix/store/fcm9rr969v4fqp1x63am2kay9nz188qv-crate-imagesize-0.13.0.tar.gz
  /nix/store/1izhhj55af39mfhvdg26295r121cih47-crate-jzon-0.12.5.tar.gz
  /nix/store/2ph0gq683ih87bxr91yp4kkza5qihcxy-crate-mp4parse-0.17.0.tar.gz
  /nix/store/w5vgzc3i5f6sakz939xskajmfpa9q1ab-crate-unicode-script-0.5.7.tar.gz
  /nix/store/sxlxmhzjs0d722j2c512f5c6vk8xsa48-crate-unicode-vo-0.1.0.tar.gz
  /nix/store/wzkfwkkqm3i68xls89rb3i87848mch1f-crate-xmlwriter-0.1.0.tar.gz
  /nix/store/1fh7fpdajr3xgdk6sbqjazq4kk50d8c2-crc32fast-1.5.0
  /nix/store/65h1vzvp3kpqazxd9jl1sd0ysbr5hy6i-crossbeam-deque-0.8.6
  /nix/store/dlbh6ym3lzgyvvjbgig2ihgw7a2v1bcc-crossbeam-epoch-0.9.18
  /nix/store/s89rbb6x0arxh34bc2r0vbyvfzw2hh6a-crossbeam-utils-0.8.21
  /nix/store/111vgmfpwdl3q09a2vyx6amvrap7chfv-crunchy-0.2.4
  /nix/store/1jk1yh8rx95llb9vbk61scax9x82sfp6-cryptsetup-2.7.5
  /nix/store/9m55bmc1sl8czf30yl1vzyggdr0mvgli-csv-grammar-0.0.0+rev=f6bf6e3
  /nix/store/0f6pnbhlymap81zhdp517775scxjg04b-ctop-0.7.7
  /nix/store/q7nn7j05gmg21rnk4hkv2h40vymxb6k1-cuda-grammar-0.0.0+rev=48b066f
  /nix/store/90wccqzaidqxvd9xw2wj6vrx8bas8vjh-cue-grammar-0.0.0+rev=770737b
  /nix/store/i3dgz7mk28xi12q32mpvyxzmgfw8h988-cups-2.4.14
  /nix/store/5rwfr4ya0vcy2byj153gw71hnfygs3r8-cups-2.4.14-dev
  /nix/store/qia8jjij6qwqb9lkfg4x72px65lqmpms-cups-2.4.14-lib
  /nix/store/7p8zwl0yywlqmq554dngr131i2cyl7sz-cups-browsed-2.1.1
  /nix/store/h3fv5f27klghsj8ikpqpw19c0y5n84wx-cups-filters-2.0.1
  /nix/store/fbalzq9zp0r8fbzniw011mq5dc9fppwg-curl-8.14.1
  /nix/store/nshhjm3s9pwc86s5hyzqf22pn8kikw8j-curl-8.14.1
  /nix/store/mjsa84zmq21vhyhka3dzp1i6k10v0w2y-curl-8.14.1-bin
  /nix/store/7swzihjk0c0524bggq0hwb1pddvdr5k9-curl-8.14.1-dev
  /nix/store/w3bcj49m8z597bcv0111wd4yf5ygnv8m-curl-8.14.1-man
  /nix/store/ikmdk37frjdblkba3wl3xws2wwgln17x-curl-8.17.0-dev
  /nix/store/wh3qssrm3bf9p9nx1gq47jqnal51yvq0-cylc-grammar-0.0.0+rev=6d1d811
  /nix/store/nfj39knk48gv55w00amjw37d9gsf93vb-cyme-2.2.8
  /nix/store/xijhz5smhkpv8pll42472y8kvcpmc11r-cyrus-sasl-2.1.28
  /nix/store/r89b0wpjwpqmsxd9irqxg81c03sd50m0-d-grammar-0.0.0+rev=fb028c8
  /nix/store/sbrbhpncsh58y89w5sgmjnfkq93pv617-dart-grammar-0.0.0+rev=d4d8f3e
  /nix/store/81m24axm1gvj07rbsi7vrixdnrbhxqbw-dart-sass-1.94.2
  /nix/store/98cjc0xgidaahqjpl540zd0k1bzf5l0l-data-url-0.3.2
  /nix/store/x96w22l8iqhd0k92x7gys2qsy0wcsc89-dav1d-1.5.1
  /nix/store/xcaznsndin98ig8w4bbq6nq4idrhqgh6-dav1d-1.5.1-dev
  /nix/store/a1x1nnzdk606ry2b7jxzsyzx268b34k4-db-4.8.30
  /nix/store/samqfb062rn8mpxj0p37f7bxrzv9c70f-db-5.3.28
  /nix/store/b3rlh7gh6l8i1a8455fdn148mkk2dnbi-dbus-1.14.10
  /nix/store/nc6zg9n8jllvy61l59046h545b30nv5z-dbus-1.14.10-dev
  /nix/store/mkqpd42f5ngv9ns71gpaxdhnjpcf4dv4-dbus-1.14.10-lib
  /nix/store/p2w6dyv1xyihxj5hqimgs7irj2z7q5hl-dconf-0.40.0-lib
  /nix/store/xlq86hzkhfkjm1nx2x6y0as7ralg03gi-ddgr-2.2
  /nix/store/xvy8dq43r9hi9qrnwgg7kjjny8y0lr0g-dejavu-fonts-minimal-2.37
  /nix/store/7qvqgpcwd9kb5vhkidn5jiwlbdqpb5ri-desktop-grammar-0.0.0+rev=afec309
  /nix/store/bbpa4zqgvdcbrkl475waqmfaqviljiyw-devicetree-grammar-0.0.0+rev=e685f1f
  /nix/store/vyjxqs7xr1ddyhanbg7hv9ml57wg9wi4-dhall-grammar-0.0.0+rev=6201325
  /nix/store/flb9aqy4ickaw52909bp43pns45rrq6z-dhcpcd-10.1.0
  /nix/store/nl8506nciivgw17jnj9bawh0j314m7an-die-hook
  /nix/store/hsr77hfiiap4qv1zn9gicr3knmvckw49-diff-grammar-0.0.0+rev=2520c3f
  /nix/store/2x3jhi1xwxngjwvijpq5wmix62aig7xj-difflib-0.4.0
  /nix/store/bsnyx4w20k3na0svmfm35mi3vnnrz6n8-diffnav-0.3.1
  /nix/store/z059fc40f58cp2yflhbpfdg539x66b0g-diffutils-3.12
  /nix/store/1gqka8n9rc24nbd7fr62v9f8wrmvz0lg-dino-0.5.1
  /nix/store/a4dlb48nipwvn3ai6hhx9572m3yahqzj-disassembly-grammar-0.0.0+rev=0229c02
  /nix/store/xmk32gwc0kff34my5x2qcppl9hzm44hr-discordo-0-unstable-2025-11-30
  /nix/store/7m2xc08sbpw3msxyvgh49qq2p13ac8ky-djot-grammar-0.0.0+rev=74fac1f
  /nix/store/25rjicrjsc82nyg4cj2ykkmcb69kxlij-dns-root-data-2025-04-14
  /nix/store/63wimhdy7m07j1rd9f9zhqjaxyygdb0h-dnsmasq-2.91
  /nix/store/2p4fdnd2d2dczhs9bmr9jygva51swn7l-docker-28.5.1
  /nix/store/xib93n12k7r8cs4p41rszbr2bx3ca5ay-docker-28.5.1
  /nix/store/4maknzqzrgbs3a7frg5vxg1vr1mywdzp-docker-buildx-0.30.1
  /nix/store/2nnvm7b8wlqn7lxzbna3hc6czaa1vajm-docker-plugins
  /nix/store/26r0xwfmyjk0zjifgifaa29fppvayn3k-dockerfile-grammar-0.0.0+rev=971acdd
  /nix/store/nj405w9crhlkxayv3b2z2w8l50bwk3r7-document-features-0.2.12
  /nix/store/jhcn18hd6fls9irb2fq01x9imjx50vxl-dog-1.7
  /nix/store/ic3jk118c8kaazvy3hyi2svmpz8qhcmh-doggo-1.1.2
  /nix/store/wcx9hag2r4897wyr5aiaizadclkvwk6d-dooit-3.3.4
  /nix/store/m9mj2ssid4pwhgfw0pn04745dijff5xw-dosfstools-4.2
  /nix/store/g75wlf8mzfcs6af7ih55cfr8rpjh5pp0-dot-grammar-0.0.0+rev=80327ab
  /nix/store/3mawn8rb494kg3mbnbi19c5wj6pcxkz4-doxygen-grammar-0.0.0+rev=ccd998f
  /nix/store/c9vddfhr1gwb3c4x2al6i4pnlqrgps47-dpkg-1.22.21
  /nix/store/iiw6w9fpaa2yv2ir8y44garbwnxmabhn-dry-0.11.2
  /nix/store/v1vg343pxxdbymnzi7i85xfc60vsc190-dtd-grammar-0.0.0+rev=863dbc3
  /nix/store/lkdgiqh4qidry0ka5ky2fj842jnf3g35-du-dust-1.2.3
  /nix/store/r5m2gvqlaphzn7rlr9v44633vb48g6jk-duktape-2.7.0
  /nix/store/7j1lmkhzzlz4js9dbhldpjf9sqs3pqq4-dysk-3.5.0
  /nix/store/ldlkl531yapf8xwla348lx4xqik5a69v-e2fsprogs-1.47.2
  /nix/store/sfcnv3sqx47iv944n9knl73v1yn84zxm-e2fsprogs-1.47.2-bin
  /nix/store/iwya3hhqgmnfal92nilw1shn1zvd2vpc-earthfile-grammar-0.0.0+rev=5baef88
  /nix/store/zzi052mln8sfwcb9h3qb947zkh67sqs6-ebnf-grammar-0.0.0+rev=8e635b0
  /nix/store/36qzlljldgb41snr4l38pfpcy19w7s2j-ed-1.21.1
  /nix/store/y5fbdbzvzqjpfkbl16fy34iy2bifx3a3-editorconfig-grammar-0.0.0+rev=f08fb1f
  /nix/store/r5862plddg8fy13k4mqmixcy5w2ziab6-eds-grammar-0.0.0+rev=26d529e
  /nix/store/r7iry1yfqaa5d5ix8fznp01m4imzxyqc-eex-grammar-0.0.0+rev=f742f2f
  /nix/store/mlnlvdaij0c6qgzz3mmcb5f796871778-elfutils-0.192
  /nix/store/skv2h10c3124i6hg1p6r3pj03apcn93i-elixir-grammar-0.0.0+rev=d24cece
  /nix/store/lxwwp585ikghhknl5sa9n8gwmbclqrvv-ell-0.76
  /nix/store/b4f4fcpkan08q0rc9kfg0gkryfsxwj6s-elm-grammar-0.0.0+rev=0277284
  /nix/store/hp3p7x3wflarllx2swpk0lihfr1g1jsc-elsa-grammar-0.0.0+rev=0a66b2b
  /nix/store/ffc83rh5xxg65hqj4fhi3a2npa91w6wa-elvish-grammar-0.0.0+rev=5e7210d
  /nix/store/01vlasl3qnpbgra77gq39x6qgxgfj9z4-emacs-30.2
  /nix/store/1xvydn92bry4g7b354rc8cp91r8rwabs-embedded_template-grammar-0.0.0+rev=3499d85
  /nix/store/ha16y6wdfp4f3gwnhg9imdmyvvvwq7if-enchant-2.6.9-dev
  /nix/store/20pg9jfp8r3wmw09a5qzjbjd72axqqvy-enforce-grammar-0.0.0+rev=eb27968
  /nix/store/qv867kr59904cls3ryln3f4m4a3icl73-equivalent-1.0.2
  /nix/store/93bg7hxnqdsdmsqgag2yvw5xlm1ryk48-erdtree-3.1.2
  /nix/store/s5y6b2a53f3dfc9sjyvid6qqax45b5s7-erlang-grammar-0.0.0+rev=a260cb6
  /nix/store/cz6mvwsiccln0fv8h1aq6yv93457sz73-errno-0.3.14
  /nix/store/pd20b5lz3ib30arpjs6b2xc45dablcfc-ethtool-6.14
  /nix/store/7n89a0381n1p6gdpyj9vcd45lfwcyipl-euclid-0.22.11
  /nix/store/ja5hdib4ymmfc088hlxihg2ds8fgw2w0-exfat-1.4.0
  /nix/store/fid5v1wd8wkrz39yp73d0hhlny2ms9w5-expand-response-params
  /nix/store/jr8kyv517lyd5xcv3pnhr6z4wirbi06r-expat-2.7.3
  /nix/store/vv64a32wclwjy5wrwq82vnr9g39j457f-expat-2.7.3-dev
  /nix/store/6jqndnwvzy345g2mvbmmiffn9bblkal8-exr-1.73.0
  /nix/store/ajqpgfh6grqpnxsyl22mkf293g71nz9h-extra-cmake-modules-6.20.0
  /nix/store/2nkiqj1z4fhlir2amw2qqx128vsj20nr-f2fs-tools-1.16.0
  /nix/store/h3n5692s0pkh2qfbl3l10d28vzry769c-faad2-2.11.2
  /nix/store/kf5jjpbk4pym99qcn2chrhfc2fdlhxkb-facility-grammar-0.0.0+rev=e4bfd3e
  /nix/store/h1hv4fzd21mcx4g52ncg742gpphrldp5-fah-client-8.5.3
  /nix/store/qi1n0r35dywrm5q713c96c1ymy1l6f89-fah-client-8.5.3-fhsenv-profile
  /nix/store/chbwc3z7cj5c28y450738immg7zpi69j-fah-client-8.5.3-fhsenv-rootfs
  /nix/store/1ild0fshzvz7y2wqypvnl6p75asnnf3h-farstream-0.2.9
  /nix/store/j349pi1k3b7hq8c3idr5iwj3ir78jvq9-farstream-0.2.9-dev
  /nix/store/q4q43q87aqvmyacvl3q8451w30nzv3xw-fastrand-2.3.0
  /nix/store/5c6m5nh0npn747lmcragfq65cdssy3dx-faust-grammar-0.0.0+rev=122dd10
  /nix/store/mj9h1viqyy33aayw8lzz99hg6m05bymf-fax-0.2.6
  /nix/store/zrsa9m8csfj43bmwqldqr15y88d88qgx-fax_derive-0.2.0
  /nix/store/qz6brj6vk8fazgwi2yi3nag5j6q62p4n-fclones-0.35.0
  /nix/store/k9g1vrl5l88w5sngvh0iny4zwnbr3kj5-fdeflate-0.3.7
  /nix/store/bn2ppwm28sfzkwaxrqwv4l2mlf2jzc6w-fdk-aac-2.0.3
  /nix/store/ylpzfa7q22b9dqj18gdqmg2b57s6jjy2-fennel-grammar-0.0.0+rev=fd4a24e
  /nix/store/dlvcgf0y7m1ijrlkqlzdgs6jw43px4qj-ffado-2.4.9
  /nix/store/qjbdnjj9qn3kvmcznzzppfjxwpcr0bp5-ffmpeg-headless-7.1.1-data
  /nix/store/jwnq8vfnvjqshmrnrj2acvsixh42ijv2-ffmpeg-headless-7.1.1-lib
  /nix/store/c6f6vx8d4d97wcw6bra3kgwls317q0km-fftw-single-3.3.10
  /nix/store/502whawxn0zzg72jgjxy4bvcwrihmwls-fidl-grammar-0.0.0+rev=0a8910f
  /nix/store/4zpfjm2r6chc8b10c1xa1d6asy100sqv-file-5.45
  /nix/store/yrgnr4naqdjwdhn1q142f8c5yb8jsz37-file-5.45
  /nix/store/5r2skpf8xr3wjkgix63993cnp99nngsl-file-5.45-man
  /nix/store/c9jzm47zb8j7jbpw4a7zdm35qmhdf6ws-findutils-4.10.0
  /nix/store/n239w9zswi39n6fnmc3wj3klq1yx1lyn-firrtl-grammar-0.0.0+rev=8503d3a
  /nix/store/w6544j234gmj1wjm5z0z6p29844ipb1j-fish-grammar-0.0.0+rev=aa074a0
  /nix/store/8lgvmnvfdyik2jzzz3gx42jd2vw41b4l-fishplugin-forgit-25.12.0
  /nix/store/37zx287az46bylnmgmx7iygq1wq23l2s-flac-1.5.0
  /nix/store/jzv81vk90rx7h0zcrngywzlhld1bfj4c-flate2-1.1.5
  /nix/store/7zcgw7325dkys87jv1h05vplmq5n6gwx-flite-2.2-lib
  /nix/store/4zlqq0zcx4f16ywswfmn03mm8yh928m4-float-cmp-0.9.0
  /nix/store/1hm5xf6f87ndhcgq7rw4aq4sscwic92f-fluidsynth-2.4.4
  /nix/store/7lzflmydgyfai9lmz1k6fzzyzczjsvqh-foam-grammar-0.0.0+rev=472c24f
  /nix/store/fzmns3hnwpxmva6xk9jryr79ci49y4pr-fontconfig-2.16.0
  /nix/store/32gjzzpzawn477cr8bq1yvsih0rqfjma-fontconfig-2.16.0-bin
  /nix/store/yvww6zg2zm1iiiz1qbgdr1sfps053fi0-fontconfig-2.16.0-dev
  /nix/store/74z7naywq3fzikbsbb0248y7j6mgcmi6-fontconfig-2.16.0-lib
  /nix/store/d2mc6i4bz63nfi4yyqf8zjsn72c6ygh4-fonts.conf
  /nix/store/63lnv5rqgb1fh0qvgzxgd9r0v90rbqs2-forth-grammar-0.0.0+rev=9018923
  /nix/store/vdnr8899h48p816y1mmmjcfr9rd9ccvy-fortran-grammar-0.0.0+rev=8334abc
  /nix/store/0gs7q86x8c5qz4lm9abc3wajk4hy4msx-freeglut-mupdf-3.0.0-r13ae6aa2c2f9a7b4266fc2e6116c876237f40477
  /nix/store/d1adwfwl43i34ffj24alc844rkl1pk19-freepats-20060219
  /nix/store/c34z7jakalrnlhn4abyajgk3whvd4p7m-freetube-0.23.12
  /nix/store/v2nsb0q208p4xiw74vp4srn2sammhhks-freetype-2.13.3
  /nix/store/cyd9rll5yn56whfs8i5hvqd5xmwgffcy-freetype-2.13.3-dev
  /nix/store/62h5sfxr4s1qc3fghcan06viq4gms6yg-fribidi-1.0.16
  /nix/store/h329498yf07j5l2j7p3hf2bichgn24fq-fribidi-1.0.16-dev
  /nix/store/10gp8dcxxjfb95sqh4zagj937pwsnayj-frogmouth-0.9.1
  /nix/store/i6zgs3k55kirzfq4s3cxsi4wg4j44w76-fsh-grammar-0.0.0+rev=fad2e17
  /nix/store/hv0jywal7455qvaq0ckm10hhpcc5b7n9-fsharp-grammar-0.0.0+rev=5141851
  /nix/store/iqfvccpgjbf0hzmmjbw3zc784q1r160f-func-grammar-0.0.0+rev=f780ca5
  /nix/store/mgd6m91nbi06bvmzdrv95qma151qya7b-fuse-2.9.9
  /nix/store/qhijwymp3zmhpipmkpvh7kx4p4hn3rrn-fuse-3.16.2
  /nix/store/xd562jk7flffb33i660rs9jmy238vf42-fusion-grammar-0.0.0+rev=19db2f4
  /nix/store/r2zigvqsyb28gq9hb7grra57cj2mx84v-g-ls-0.31.0
  /nix/store/xg8pvkw0nshh3dfig36n88xvpvh2dail-game-music-emu-0.6.3
  /nix/store/jvrnphp70zgwh71k74qhbwgam563s6c6-gap-grammar-0.0.0+rev=2bac148
  /nix/store/nf6g50ms3p4jf40k59ri789mxvjayl3y-gaptst-grammar-0.0.0+rev=69086d7
  /nix/store/qvgw9scl3jjy1zsjipm3ngpcq472wj7w-gawk-5.3.2
  /nix/store/y28c83zz73yr4vwz1fsl4nsrn6yz5fj0-gcc-14.3.0
  /nix/store/cf1a53iqg6ncnygl698c4v0l8qam5a2q-gcc-14.3.0-lib
  /nix/store/d84l3qjb077dxkajn24k58z2q261d4lv-gcc-14.3.0-libgcc
  /nix/store/kks0nbx2riwry5qsx0qr87qr0lswmhzi-gcc-wrapper-14.3.0
  /nix/store/v05xddwcnmayh2l1wm0q95a4j44sga1y-gcli-2.9.1
  /nix/store/9gyi9hcn01rsjwyd02191d59livbfcpw-gd-2.3.3
  /nix/store/vmw4ghy1v0lz64f1xx4cyv6g6qc1lb1k-gdbm-1.25-lib
  /nix/store/zw02m3kb15sb2rs65vjsc81k87xp2pms-gdk-pixbuf-2.42.12
  /nix/store/ylpzan5pxfwd0c8nm605lq7rwraz74gn-gdk-pixbuf-2.42.12-dev
  /nix/store/3qj0vskzdjsbqccl6n1vbs0ifwvf6x8w-gdscript-grammar-0.0.0+rev=48b4933
  /nix/store/lklniir4g3f98iham6rdczibmhjyhdb0-gdshader-grammar-0.0.0+rev=14e8340
  /nix/store/w4gqsb5d5p61mkpl0yglay0i81ssw20z-gemfile-and-lockfile
  /nix/store/m69kdgrr81ykh6ily704d5dpkkfx5r4g-gemini-cli-0.19.3
  /nix/store/8i0kqs48b750zh2lf5gfimi89jz9k88v-gen-bin-stubs
  /nix/store/bnma8xd8wwvsjgnncd0d7q5f7m7vl97n-getent-glibc-2.40-66
  /nix/store/sz6wx51pnm4dpcliyysd27i0jqywm15x-gettext-0.22.5
  /nix/store/kkl21dhzzajgbpcagaq0siymhy0ga2hd-gfxstream-0.1.2
  /nix/store/lahrzz4bnhp7z3yz49yhf3b6xmdr0mhf-ghostscript-with-X-10.06.0-man
  /nix/store/zaykr1v65g6sridyimrykmbdqbqbfk0x-gi-docgen-2025.5
  /nix/store/yjkhdx3bg9mcay718lgklxly4frfsg49-gif-0.13.3
  /nix/store/imw7yr5pkn22zaq7z7hczpb9dim29scw-giflib-5.2.2
  /nix/store/16pncxyr9i5bi9nc2idkad970xd6r4s4-gir-dirs
  /nix/store/xcsxl41jppphygid8fgap9x8x1vyx2hg-gir-dirs
  /nix/store/37scgcxr7yyj8pjwqbs0ni09z37rc3jq-git-cliff-2.10.1
  /nix/store/wwgnzhfnj6hdb0a80aa47i7raj6azran-git_config-grammar-0.0.0+rev=0fbc9f9
  /nix/store/grqzbwxi6m2qss4silgvgc6mgxjpjlma-git_rebase-grammar-0.0.0+rev=bff4b66
  /nix/store/463yc2n0dc95b4jq85631qgxd2qqdlgl-gitattributes-grammar-0.0.0+rev=1b7af09
  /nix/store/2izs9p9rl5njvc0c6nx7cnniqa1mdd91-gitcommit-grammar-0.0.0+rev=a716678
  /nix/store/fpi8b3vq2cyvs82pi10dhnxpz1ibv6vk-gitignore-grammar-0.0.0+rev=f4685bf
  /nix/store/chwc5wk4dys2gxc2cns1k5srria5n72h-gitu-0.38.0
  /nix/store/5q769j3bljla9wpyr74ccsp2cyvzvlbw-gitui-0.27.0
  /nix/store/bycfn585xlnarr6zmmmqlmhr7wzs9gmb-gjs-1.84.2
  /nix/store/89fxs4hxyqgqsgnxk5br0szidayxxy4z-gjs-1.84.2-dev
  /nix/store/a36g87823q0ydwlnh77ydg826xdmgsm1-gjs-1.86.0-dev
  /nix/store/y239r1yjp3qjh2pv18w5mkmghly07hjp-gleam-grammar-0.0.0+rev=f4d55f3
  /nix/store/sgap1pr1czm1k2pp8sdkp9hs9v3ahx27-glib-2.84.3
  /nix/store/sqvym87ax4j7ff4fa57bx47h021k0ybn-glib-2.84.3-bin
  /nix/store/66zgnxa0lchbcjbc4izm13qwgkk66ilj-glib-2.84.3-dev
  /nix/store/kq0ih0cw1zscnrl41s4fmvxx6j8g3v4i-glib-networking-2.80.1
  /nix/store/i3ibgfskl99qd8rslafbpaa1dmxdzh1z-glibc-2.40-66
  /nix/store/fm1snxs1cg8ml9fjj6kra32sc8413k8z-glibc-2.40-66-bin
  /nix/store/1v9ggwkpb0xy708s11s1g9fhinn3b06r-glibc-2.40-66-dev
  /nix/store/60dqvw79p46541c9wlmlycmycn2plqfx-glibc-2.40-66-getent
  /nix/store/bw2g6wjk735cp5f31scggf1sl3vilibi-glibc-iconv-2.40
  /nix/store/zgvs09ng4h12cb27p3ymyrhks1asqcn0-glibc-locales-2.40-66
  /nix/store/lg9b5vp33kbdp5dmb8zdk6br9vy6w0sa-glibmm-2.66.8
  /nix/store/jjw579cpncasxp4lh09jl7m5x7cizfdk-glimmer-grammar-0.0.0+rev=da605af
  /nix/store/alnyvsxyij8nkimrk3hn8ggvxpxqphgg-glimmer_javascript-grammar-0.0.0+rev=5cc865a
  /nix/store/03jjkhs6x9avzfpq3lmrmys87m4xa0bd-glimmer_typescript-grammar-0.0.0+rev=12d9894
  /nix/store/a6175wwmxnlny8qf67b8bpxhib086aab-glsl-grammar-0.0.0+rev=24a6c8e
  /nix/store/6mxnr68qgihr5pmp4avjbijjgwifdnml-gmp-6.3.0
  /nix/store/lm0g29ps43q8bm2gsd26g5pi2zwb6i8d-gmp-with-cxx-6.3.0
  /nix/store/m9fycbkaairz8kampnsl7sx1aanvl0db-gmp-with-cxx-6.3.0
  /nix/store/mml8yn060rz4krfdcqpqy435imx3x2k3-gmp-with-cxx-6.3.0-dev
  /nix/store/bhjfx76mwzvmw4rb9aib49j2z26vlsx2-gn-grammar-0.0.0+rev=bc06955
  /nix/store/963bx5255ss2wl0w8gad3vg1pcy9yvpp-gnome-bluetooth-47.1
  /nix/store/3qb51kqmmrffvn6qnvlznrilry9sd14y-gnome-bluetooth-47.1-dev
  /nix/store/i55piiwa8wypgjsmrz86013j5v2md9vj-gnome-bluetooth-47.1-dev
  /nix/store/0r9j4qd2ca8fnlzqfq5lpr0098ydspz6-gnome-online-accounts-3.56.2
  /nix/store/rwyj9q50lxgg2krci51hr7afiql2p8km-gnu-config-2024-01-01
  /nix/store/90r466lzg0jw11v60cki60s0qfhs93vp-gnugrep-3.11
  /nix/store/4r05g1i1rfflips84l0h2y49b9y3sjq2-gnum4-1.4.19
  /nix/store/xpsgmdsqym0ydx6hkvpxrp6174s4fwbl-gnumake-4.4.1
  /nix/store/drdlfnl0rsb2qbzq0qvavz8i2y2m6g34-gnupg-2.4.8
  /nix/store/hgzr9d5da7n07wlq9wv7cxy42z4y86hn-gnupg-2.4.8
  /nix/store/1wpqwqm0q8pwfcv0lk9xyx3nraavhrx0-gnuplot-grammar-0.0.0+rev=8923c1e
  /nix/store/m0i5hf36sv62vgm2ppjkynv03ihdlxvv-gnused-4.9
  /nix/store/76df6j9sq1ar58id3y3v4rkijany1wxp-gnutar-1.35
  /nix/store/fr4pi9nvk6b6dd8p7nxh1ijln6is49c1-gnutls-3.8.10-dev
  /nix/store/5n5nnddzq111zqdncc19iyc24a5n2828-gnutls-3.8.9
  /nix/store/i2v1h1k0wxckjyiw6zkv26vn6rrqkq8w-gnutls-3.8.9-bin
  /nix/store/wz3lfd706m2icjjxks3hslg4i3g5r1la-gnutls-3.8.9-dev
  /nix/store/0a3dyfq09dnkw28ap2i450wjimvdmv6s-go-1.25.4
  /nix/store/j6bnispn66irj4hj87jshibfjzzpkdqk-go-grammar-0.0.0+rev=2346a3a
  /nix/store/pk0hycs9ry01qgcaa88bj92bxpcbfvyc-gobject-introspection-1.84.0
  /nix/store/1jyj305advkmfvm78srkypwy9qr4v1wa-gobject-introspection-1.84.0-dev
  /nix/store/267q9518dk95ckwcm524jgp34d47qblm-gobject-introspection-wrapped-1.84.0
  /nix/store/s95b1rh47gyr9v4ly1sm9sqw4344igxa-gobject-introspection-wrapped-1.84.0-dev
  /nix/store/53apcbr39n9idhw28562y971hmpl8r2f-goctl-grammar-0.0.0+rev=49c4353
  /nix/store/ad3r8001np38gnalxj1z4yxbkdsziynf-godot_resource-grammar-0.0.0+rev=302c189
  /nix/store/11r8yz35l0f9aflhjlx2wlrf0kxia735-gomod-grammar-0.0.0+rev=2e88687
  /nix/store/hmfayr6j4yd1magrxyas0f4gls0yzhlq-gosum-grammar-0.0.0+rev=27816eb
  /nix/store/0gywkp3ysgb83i83nrlcdgbs1xhidxyz-gotmpl-grammar-0.0.0+rev=5f19a36
  /nix/store/8jm9c4348i944hzq2pi4civ74qqqsm12-gowork-grammar-0.0.0+rev=949a8a4
  /nix/store/l5a8rh8jyi38awifjkzn10cz3sjxwxpf-gpg-grammar-0.0.0+rev=4024eb2
  /nix/store/ql6n19wzync58mi6lbg8f84nczihsgg0-gpgme-1.24.2
  /nix/store/7096hm4ngrc657mn25gxy4pidffblrc5-graphene-1.10.8
  /nix/store/6rva9sb5q040rndmc259xssc7f0ankc2-graphene-1.10.8-dev
  /nix/store/45cbd7hk1jpppp9arkpabjvr9x2wfpzn-graphite2-1.3.14
  /nix/store/df5mcf2cg44jn7kzlzri5dpfsy5rph04-graphite2-1.3.14-dev
  /nix/store/c7k49f2wyfzwb0n2dk1dxcxd5rwrfl9w-graphql-grammar-0.0.0+rev=5e66e96
  /nix/store/hkmlw21x6i4xp7mcghwm6zh188j0q4zg-gren-grammar-0.0.0+rev=c36aac5
  /nix/store/g0373a9wklzg8vprhnhilx4is9s8phpn-grimblast-0.1-unstable-2025-10-04
  /nix/store/wpjbkmqymn18kc1885b6mlb0hdgd13vb-groovy-grammar-0.0.0+rev=8691159
  /nix/store/sc8vfjrga31v39hmwxjmxd32rx7mbsmi-groq-grammar-0.0.0+rev=1fa1ab0
  /nix/store/d5m4r5zrjqdrgdzj09wjvhfbbdyk99j1-gsettings-desktop-schemas-48.0
  /nix/store/6qanwb6lar8lkpvf8illhidw8ps23748-gsm-1.0.22
  /nix/store/khfzzr2541i00pmd2sdsxcqrz6vw3r4f-gsound-1.0.3
  /nix/store/p3adr72ir1ihf8ai9k0syifqd3rb0gy5-gspell-1.14.0-dev
  /nix/store/69z8gc1q1kvphvzygi0zvfy07386p76q-gssdp-1.6.3
  /nix/store/di359p3yqm2rfj77cn50k7i1srzpkxr5-gssdp-1.6.4-dev
  /nix/store/pn5rnphljfwj5nj7fm9jna2f8cpaxf36-gst-plugins-bad-1.26.3
  /nix/store/xkgs1irfbfm7j5ccpxy69ar5gxk25vmn-gst-plugins-base-1.26.3
  /nix/store/xs9gl50212mwc4aadip9kb0sjp2fmhb1-gst-plugins-good-1.26.5-dev
  /nix/store/rj0qn97bhnfzcabkakq9qvqpd6i05x11-gstlaunch-grammar-0.0.0+rev=549aef2
  /nix/store/frfa9gkb39j5a7gk7585vnhrb7gwx485-gstreamer-1.26.3
  /nix/store/gfignin0226v6d6xxs10bfbxqw17p8bg-gtk+3-3.24.49
  /nix/store/9hrqkyi7wx3fy92cvwf2y14rmjnh3ydd-gtk+3-3.24.49-dev
  /nix/store/f4gc44jjpc6nsgrx2jkvqbqa56bjgjms-gtk-layer-shell-0.9.1
  /nix/store/7ksd3m78lxjpnr8l63g46gr24fb2pcf1-gtk-layer-shell-0.9.1-dev
  /nix/store/w8kpi29gnj914xnbns7rds35155lyxfk-gtk4-4.18.6
  /nix/store/z0y0139qmhscabr18iljr3gykrrcjjzm-gtk4-4.20.3-dev
  /nix/store/kvrj7x9jmrz80h7cvdl8gf2klbh9c0s0-gtksourceview-3.24.11-dev
  /nix/store/f921h9chapwljzprvp70hv66jid8ih2a-gtksourceview-5.18.0.tar.xz
  /nix/store/0bmi07zy7h7mx37j8b5dmrs5nicgivdf-gtop-1.1.5
  /nix/store/knnnp6i803q7zdgr5r48b99svf6zmd2h-gtt-10
  /nix/store/6an935fh9nn57y2ym940v8y2qrsscp35-gupnp-1.6.9
  /nix/store/3jhk353r0pvkfb72hsl5wzq6bjxx4swc-gupnp-1.6.9-dev
  /nix/store/yksy1kpppwmn1aqx81nx9mwfc15z4kbr-gupnp-igd-1.6.0
  /nix/store/jn1293h945plqdvkzblqplvqnksb3s2p-gupnp-igd-1.6.0-dev
  /nix/store/3jlrpiji5jc7brmjy750abrcn0z7h9jl-gvfs-1.57.2
  /nix/store/35yl4w6h6k2gqsh3jq9bl48dnqln0k4z-gvfs-1.58.0
  /nix/store/d2rhdwlbva1wmpimaz16cp33r997m1cj-gvfs-1.58.0
  /nix/store/44c243x0jpv587hmxrzl31pripa0f0j8-gzip-1.14
  /nix/store/4xbd907crcv5cg4qlzj87gqipvhi6im6-hack-grammar-0.0.0+rev=1a7ded9
  /nix/store/31iif4h44yxxqwpams2maxqgni4hajc3-half-2.7.1
  /nix/store/apwq6jhqcfmgi718qm8j8bf2h6cpgvfh-hare-grammar-0.0.0+rev=eed7ddf
  /nix/store/rlxh4fghh2v71s5vvin2slqz2p1kqzwi-harfbuzz-10.2.0
  /nix/store/ifbvwxgkz86n1i7l1jminprrppsqy27a-harfbuzz-10.2.0-dev
  /nix/store/5dkypsqsmwr8qj0nmn381h324c5c744p-hashbrown-0.13.2
  /nix/store/3a34wy2s6x6ypyb8mj64k4cybi4py728-hashbrown-0.16.0
  /nix/store/s3hvla93pnc4q8xd8c5qgpxgvbclafjv-haskell-grammar-0.0.0+rev=7fa19f1
  /nix/store/hnb8wdb09fl98z2q2p3752g3mxyqqypc-haskell_persistent-grammar-0.0.0+rev=577259b
  /nix/store/skws4kdd0zqi93s30xk867wg9vnai2pp-hcl-grammar-0.0.0+rev=fad9918
  /nix/store/9khbj7pfcx4kk4kv7nw9mh1pb4m0cpcz-heck-0.5.0
  /nix/store/f4xm0q4cv1w8imd90pv5ry81n8rl2rbm-heex-grammar-0.0.0+rev=b5a7cb5
  /nix/store/7j1r108bm2gyb0m99myx0qf76hyy2rrd-helm-grammar-0.0.0+rev=5f19a36
  /nix/store/b5qlinmwm6drkcvijjgcg5njns29h16d-hjson-grammar-0.0.0+rev=02fa3b7
  /nix/store/ba3p8pqinrazfxcpf0z463v69gcy0g7w-hlsl-grammar-0.0.0+rev=bab9111
  /nix/store/fv7vlgpwk5iszy6hgh1z7d83z3dnxnwr-hlsplaylist-grammar-0.0.0+rev=3bfda92
  /nix/store/8jz2xwfhnrabmgc5sywmgji99vf74w8b-hm-modules-messages
  /nix/store/71ycpj1nnlq2jar5p25nly2j6ahjz6zd-hocon-grammar-0.0.0+rev=c390f10
  /nix/store/n6hwnkrhb52j48h9d7s040qgdig2d6kg-home-configuration-reference-manpage
  /nix/store/l60vk0q962anbc6yz9wwzrk17w0iwin9-hoon-grammar-0.0.0+rev=1545137
  /nix/store/krzl0d1wsd0yagcnlylhc0gjq510av7h-htmldjango-grammar-0.0.0+rev=3a64316
  /nix/store/47vq0l5qbj89g2plqn4khb3ljv4plgnz-httm-0.49.9
  /nix/store/zzhq2h5idrpzdcsw3f6fq0rb4rk0b4wr-http-grammar-0.0.0+rev=db8b439
  /nix/store/gamhkaf0z01i6cka0zcrdrsxhnl2s41d-hurl-grammar-0.0.0+rev=597efbd
  /nix/store/nh74bblpc90y60shawgd1g3sqahj8g6i-hwdata-0.393
  /nix/store/azrmjhf4lbhasgakzc0giykj1mryv7jh-hyprcursor-0.1.13-lib
  /nix/store/wmy86s6i8g6xyr7zd87g6svibxnx249c-hypridle-0.1.7
  /nix/store/jpaq6cy9ynnsjx629dmvpmx8lgvx47yz-hyprland-0.52.2
  /nix/store/q4ljrwnrrrappvflx051w8i3bzxvc07j-hyprland-0.52.2-man
  /nix/store/x0na11fz1hnw2dq34zl80s6fwqkjn2ic-hyprland-qt-support-0.1.0
  /nix/store/2y18z26a284hicsq6nyjc3m6sw8jhgzb-hyprland-qtutils-0.1.5
  /nix/store/jqd4w952rp9y43cbyg67m7jxjir74ysb-hyprlang-0.6.7
  /nix/store/jn1caavd7vcllfamzfn0zc86qilx9qh2-hyprlang-grammar-0.0.0+rev=22723f2
  /nix/store/sjyzkm47yqkpc1g2nwmv5l6in62i6ap8-hyprlock-0.9.2
  /nix/store/1qm834lld1gszmdbaayp0gh1yxhb6xy9-hyprpaper-0.7.6
  /nix/store/yfd4w7rdfksyfr43da6v9ymlmcgf90ji-hyprpolkitagent-0.1.3
  /nix/store/hcj326wmcllrhcc5xjn4ypgdmbvyi60w-hyprshot-1.3.0
  /nix/store/gbz3306vrafz52hhiyfnl2s8134iyg8p-iceauth-1.0.10
  /nix/store/jw5birk9y0i6mr6s6592rd4awk5s78gr-icomoon-feather-0-unstable-2024-05-11
  /nix/store/v70wllyc11maiy58hqvip4vl68ppbfhh-icu4c-75.1
  /nix/store/krj0md2jkaaz4ksrg8wqab80wk34d1d0-icu4c-76.1
  /nix/store/70sl6zdmxwxp0hi6q0dr3dhf3h4mf8fn-icu4c-76.1-dev
  /nix/store/fa6824030wnh68kfdgb3k7dfdvignyfs-idl-grammar-0.0.0+rev=0c9aa15
  /nix/store/b589zq7q117lpgkry6liivr0jz7x23ay-idris-grammar-0.0.0+rev=c56a25c
  /nix/store/czpigxwkgbq4874h7r65642sj515m5n8-image-0.25.8
  /nix/store/ndgha929pca61df0f1im6i61g9i16rnh-image-webp-0.2.4
  /nix/store/r4872p8rypmvfafmw28jhqqdjm53zqjg-imath-3.1.12
  /nix/store/iir2jddiw98w7wvikqz24zh7rqna33l6-indexmap-2.12.0
  /nix/store/7x277nah0xsjnyh1646pcqjkyg717wcl-ini-grammar-0.0.0+rev=bea2237
  /nix/store/hxb5i8p3078qmr4jk4k7vcaprbz6mwlc-inih-58
  /nix/store/ppb58x36h7mh82nlym0ncvacp3iijplp-iniparser-4.2.6
  /nix/store/97828w3yifw1ywkzsj24qr92bjn5cxkp-inko-grammar-0.0.0+rev=1fcbf8c
  /nix/store/rx2kyxfrr9bv4h2w4kgjk8qfl5xsyra1-install-shell-files
  /nix/store/wi3vbjlri1xjjxam65h5dxdmb8lzlgcl-iproute2-6.14.0
  /nix/store/c0rsnkvnq4vgm23cva64h3jspqs1q7i9-iptables-1.8.11
  /nix/store/38l267iwr405kgkgm1m6dh6fql33mq15-iputils-20250605
  /nix/store/d330bhi6sdr38xrmdb3874r4s2rxzmvg-ipxe-1.21.1-unstable-2025-12-03
  /nix/store/1fxdksid54g6nc7ms772n9z4ap209jqy-is_terminal_polyfill-1.70.2
  /nix/store/fpsjnh09h1jnyqm51925wa2xck72jchb-isl-0.20
  /nix/store/ifqkxv5mmvvmy38dpphnb6vcslicii2k-iso-codes-4.17.0
  /nix/store/08hrjrgn82h1jmwbpgjnc74abhn0n5fr-ispc-grammar-0.0.0+rev=9b2f9ae
  /nix/store/8m91bg23r3l4694d3gaabhc8380aavz4-janet_simple-grammar-0.0.0+rev=7e28cbf
  /nix/store/4ygga41a1891v5jv0w2f3pkb8v1cc200-jansson-2.14.1
  /nix/store/7si5794yhfhpk5dxgg2smrgi0lj4w1pk-java-grammar-0.0.0+rev=e10607b
  /nix/store/3vq6m42g2d3l8x2h22xyjlnx1ssggwl9-javadoc-grammar-0.0.0+rev=2533aff
  /nix/store/kryqn520naqv7ra1savnlcyi8vwdz0sy-jinja-grammar-0.0.0+rev=e589222
  /nix/store/26f0r063rprkf3n6lv40400knnsf7war-jinja_inline-grammar-0.0.0+rev=e589222
  /nix/store/b4rm0x46a7p3f0ihqgshf3zhiw6gk8is-jq-1.7.1
  /nix/store/r49zci44xq7i6wl61ayhq82wn6v7w9lm-jq-1.7.1-bin
  /nix/store/jq07r49vk5wa10a1kk2y87nwbbl62qxz-jq-1.8.1-dev
  /nix/store/6drxnm73c7wybwra9af0iz6rg9d7a0x0-jq-grammar-0.0.0+rev=c204e36
  /nix/store/ksmyc4wdnv83v0h6bpy5zmdnvn6lwcqm-jsdoc-grammar-0.0.0+rev=658d18d
  /nix/store/qwsij6q9za18jyfxb3rj1np3gwvmifg3-json-c-0.18
  /nix/store/f0bf3wwlhp2nraf5mj78gnwwqp5r6mqn-json-glib-1.10.6
  /nix/store/wli2x22wnmhw460qk30wyffqijh31np0-json-grammar-0.0.0+rev=001c28d
  /nix/store/x9z1wsjv9zljjk7mw0m590iaw7gr71k6-json5-grammar-0.0.0+rev=aa630ef
  /nix/store/bzw0vprzmc989sh81cmhd4j56nh4wa6c-jsonc-grammar-0.0.0+rev=02b0165
  /nix/store/m4kkprcag3h6d0k9gck41r9hlv56cxdp-jsonnet-grammar-0.0.0+rev=ddd075f
  /nix/store/3h0m76crj6c7igh0knwkn5c006r2kh74-julia-grammar-0.0.0+rev=12a3aed
  /nix/store/1pg1lsz1hmyiwq9vg379c1w7hy5753iq-just-grammar-0.0.0+rev=bb0c898
  /nix/store/nk7wnp1209mv9mdf0vr1ivzsdzm38yzs-kbd-2.7.1
  /nix/store/41yj30d5n7qy00qw9xr7hv6sfqycjhqy-kcl-grammar-0.0.0+rev=b0b2eb3
  /nix/store/wpbjxsly6fryb2hqsjpycckcf51mwpms-kconfig-grammar-0.0.0+rev=9ac99fe
  /nix/store/afgwamaxd29wzspfac9bnk22niyh1sfl-kdl-grammar-0.0.0+rev=b37e3d5
  /nix/store/c9vl68dx0parv94mm2l24000hhrahpyx-kexec-tools-2.0.29
  /nix/store/1v6ry0zx6igrskzd8arw76glqgsi61is-keyutils-1.6.3-lib
  /nix/store/5h97ckx0l9fliw4abmnm8imz3q6l0rv1-kitty-0.44.0
  /nix/store/mjq8kfjyk9z862nj2bzw24k8mzdndhq8-kitty-0.44.0-terminfo
  /nix/store/6hryq29cb9kimnzhasiifzjfkcrxhzjf-kitty-grammar-0.0.0+rev=2e9b602
  /nix/store/b00sis10das1hx3sjc5wbda4jy905hzl-kmod-31
  /nix/store/sqmbfzw86v502pp6s84mqdklq57936av-kmod-31-dev
  /nix/store/0rpngd5nyjy2i5iq3k2am6hqjyfzpd49-kmod-31-lib
  /nix/store/qlvjyhrdg90y8zj7544m1kncwhvwfy3b-kmon-1.7.1
  /nix/store/pi7zz6mm0v3plrbkp16iqav0h30l3paj-kotlin-grammar-0.0.0+rev=57fb456
  /nix/store/zi5mhbynb40iv8igq6z7ywac7d5x2mr0-koto-grammar-0.0.0+rev=2ffc77c
  /nix/store/jifsp8licxy2wjs7nqy6w1p6krncpvxz-krb5-1.21.3
  /nix/store/n84718cq8lhqkzndknn1xdbyafkg0jy1-krb5-1.21.3-dev
  /nix/store/5cdzaagddbzip0rd0f9bfkfnq143bxd8-krb5-1.21.3-lib
  /nix/store/dr7dgvcbnnygss27a9askb5pilbciyn6-krb5-1.21.3-lib
  /nix/store/xba8myv0s2kxx720ddy7ra4hwi48wnh1-kurbo-0.11.3
  /nix/store/dv8fc4drczk2gy24py53ip4r8ab117d8-kusto-grammar-0.0.0+rev=8353a12
  /nix/store/kcqcb2jrb5xfgs4dwv6ldz8j61dp4lli-lalrpop-grammar-0.0.0+rev=8d38e97
  /nix/store/f3bfkmfflxx3dpgsxnyqrcn1dqrg2c2r-lame-3.100-lib
  /nix/store/6vrfz6iyprx81cdq4cq4mgap0zdz1f3z-latex-grammar-0.0.0+rev=73c9b89
  /nix/store/pdvhj2is4c7092shnqfc3a9g4pwpj6n5-lazyjournal-0.8.1
  /nix/store/xax5k2adyfgsgsvf7b2zqjdrv4va0dfj-lcms2-2.17
  /nix/store/7lcdvwr7ycnbg20z5skkm8j2iw3jq91n-ldacBT-2.0.2.3
  /nix/store/612hizs0z99bf39ssqfpmqfnf4nh8ma0-ldb-2.9.2
  /nix/store/h72by2jkwj9fbzjbjq5j4s0jj3y3k54k-ldns-1.8.4
  /nix/store/09brczx4szah13gv6kpphbj6hfa1rmzp-lebe-0.5.3
  /nix/store/h9h4439209r5apwwii0m784j819js7w0-ledger-grammar-0.0.0+rev=96c92d4
  /nix/store/9bnggjcg3ygbw2jlmdh7slrk9icv2qif-leo-grammar-0.0.0+rev=6bc5564
  /nix/store/cacml0j41d0zkj043va8ryg29cfs3s0j-lerc-4.0.0
  /nix/store/fz6a7jk3xhvhnhyh30awmzr1gdj4nkdj-libICE-1.1.2
  /nix/store/y8q8iklxr8xzldwi37jzfi4w4l1wding-libICE-1.1.2-dev
  /nix/store/dkx52n6n2fc49h4gc4q50h01sxshhgli-libSM-1.2.5
  /nix/store/918r5158s82xvm17ldxrmbd7vkzxjpjy-libSM-1.2.5-dev
  /nix/store/2yvh4kwhfd65dcd3r6y6bgdwclfndvzr-libX11-1.8.12
  /nix/store/8yb9rjpr4wyl460ibasb3qwqzq28g16k-libX11-1.8.12-dev
  /nix/store/4gybpyd4avw8hz8gk0fhhkh2pk06rm6d-libXau-1.0.12
  /nix/store/lj8vlz0y9496qfvscz6r08fh8r4vq3ms-libXau-1.0.12-dev
  /nix/store/arx565rli278751asv966i4hwb1v71hf-libXcomposite-0.4.6
  /nix/store/45hbjzy7c4qxvsg9vw5n8fqpf7b0prdf-libXcomposite-0.4.6-dev
  /nix/store/c0z5kfib8j6xcmbkdknwkkqy38nwph4c-libXcursor-1.2.3
  /nix/store/aambq15krgmp9kvldnlc7gqrjf33qr4w-libXcursor-1.2.3-dev
  /nix/store/hs8f4kfqywx5biss84d92i1lwiw49wpk-libXdamage-1.1.6
  /nix/store/gm0nxj2pj6gjbw9545q23094afm0a41g-libXdamage-1.1.6-dev
  /nix/store/rl14lfb8yhxxajpvlkp7ymvy2gy9f1lk-libXdmcp-1.1.5
  /nix/store/2v2nlnxm34grn5iq1s1n4di9vsn3k4si-libXext-1.3.6
  /nix/store/5m1mm19kzjc91bszy1yy0yky0rb48jgi-libXext-1.3.6-dev
  /nix/store/phrzfhkp7814lxdw46kqsxxxfx6h5f4y-libXfixes-6.0.1
  /nix/store/w8h4zh1ccjhc1aw84ygkc7y0wgs66cz9-libXfixes-6.0.1-dev
  /nix/store/4wd8wq593i7yyj3ic0wgrq7gp9303jm9-libXft-2.3.9
  /nix/store/szh9k5fx44w28fjqdx6js8j89af4ncwf-libXft-2.3.9-dev
  /nix/store/frfb398wg8imfw5r0ac18gy389by0vap-libXi-1.8.2
  /nix/store/bb8agj5rfksig0hzljcfjh1i02j6kxql-libXi-1.8.2-dev
  /nix/store/g7wgcvrsyk0n2fxgmi1ni5lwmq3x23jl-libXinerama-1.1.5
  /nix/store/nncss0b04dq1vwsv0vpqkbd4dxap3mjg-libXinerama-1.1.5-dev
  /nix/store/279a53jiv7pg1bds2ln3zl5ipmmfv9pn-libXpm-3.5.17
  /nix/store/fxw37cf0j4zp5xagyq0j144536qwc9q4-libXrandr-1.5.4
  /nix/store/qraj1b0cgm1v4xqmhhdir13p99vpvchp-libXrandr-1.5.4-dev
  /nix/store/x9agy8k80f2d7qcds6rhrqrv68xqcqiz-libXrender-0.9.12
  /nix/store/ddpa5w0bgp7izplx57qq09r4hfdh6ssr-libXrender-0.9.12-dev
  /nix/store/01mzw06way3k3fqb7bdl0nwnknww8h5s-libXtst-1.2.5
  /nix/store/ij4rxsvhpkmjd72qr80w09fgyb7wk0ah-libXv-1.0.13
  /nix/store/8kxg2016yvvf9abmv9lfwjr14qrz7j76-libadwaita-1.7.5
  /nix/store/id5f5bnfrpm0z6vbpqmdlwrmm6cin6zd-libadwaita-1.8.1-dev
  /nix/store/f2dnyasvm6jnbdidiy4mrkbga064fqg6-libajantv2-17.1.3
  /nix/store/sr5n77vlqy08yd1ilx3awpqw1d4vgkvv-libao-1.2.2
  /nix/store/y3qhvjg23hq8j7b0z4ixp076sk4l83rv-libaom-3.11.0
  /nix/store/xsr9bwrfr0yz4s61qjr9jx8wv1756bgk-libaom-3.11.0-bin
  /nix/store/rjb0brw6yy6hjpjj006qbl9m1z26pci0-libaom-3.11.0-dev
  /nix/store/7jah9wji27w77nvrjf6nap1kqpr73jwb-libapparmor-4.1.2
  /nix/store/cim8ndfdl6rjsaad9jhcwm6xz138pva0-libappindicator-gtk3-12.10.1+20.10.20200706.1-dev
  /nix/store/b7lgmwg8dcm6qvi62sncv1r9k7pl70vs-libarchive-3.8.2-lib
  /nix/store/67c87g2v7zjsxwyqwv0npvhgd4vmm0mn-libass-0.17.3
  /nix/store/cmfp2xa710abf2ky47kfg97kxc2pmvx5-libassuan-3.0.2
  /nix/store/0cybmminq08l147394ba0007bdm9gf3y-libatasmart-0.19
  /nix/store/b6pgzzcfkmhhnlp2cc7lv4blk3x4p5m6-libavc1394-0.5.4
  /nix/store/wwy7mpvmxz7v9hr3mipn5fh35cx81xhm-libavif-1.2.1
  /nix/store/54s7cb868069jnankr3lkbzq53k7w535-libblockdev-3.3.0
  /nix/store/asfna9xm4kzi7gryq1ky3vp7arcf8icm-libblockdev-3.4.0
  /nix/store/6n781186ik492dhihqqxlsbik4hzfjy9-libbluray-1.3.4
  /nix/store/hqxm7r1q3ky4j3nigbnydf658ld92xh3-libbpf-1.5.0
  /nix/store/9csb5kgazlrygfa8fpxsi9avpnw492fh-libbs2b-3.1.0
  /nix/store/6jq4kagrpiqxv22dw9glfg5nr92fd6xv-libbsd-0.12.2
  /nix/store/cfl1qimwa6nj6fsm529mg1jj8lpgs9w9-libbytesize-2.11
  /nix/store/ansimg34nn7cmwlf7mrskwd5fdlrdxww-libbytesize-2.12
  /nix/store/hn41ryfspq9zszbz8sfjn7yy2h8bbv3c-libc-0.2.177
  /nix/store/xswym3887gf8l681i2m3j587kllcwlh7-libcamera-0.5.0
  /nix/store/xpb1ibiij73b8yql5lyyms7lb9b0cbpk-libcanberra-0.30
  /nix/store/5xzwhhh8257hnn1lij365pyvq3wz1kwb-libcap-2.75
  /nix/store/4192qpqq02947k3h6li2dx1w8ff1kybw-libcap-2.75-dev
  /nix/store/kyb5i9i8v922nc6psb11ksg12hljgjxd-libcap-2.75-lib
  /nix/store/hkj8hw50n2jafdd9ls7ibq09lddgkgnv-libcap-ng-0.8.5
  /nix/store/y77p470daimn1b0cdf1374pgmnp7dvfz-libcbor-0.12.0
  /nix/store/mylnw3wj60rhsgwp2rbzavakq672ki8g-libcdio-2.2.0-lib
  /nix/store/ryik0mg5n4913x22z3ycdiap4b8ks614-libcdio-paranoia-2.0.2
  /nix/store/21zrws7iacnbrrkbkc7p5lxmkhfvp2fh-libconfig-1.8
  /nix/store/3pf3xl1204i14xm186av77lpgj2wr3jj-libcupsfilters-2.1.1
  /nix/store/an9292vacc9q4lh98h4g7spr07x6dzqk-libdaemon-0.14
  /nix/store/crxsllsl4kg5p0001gfal6a58yxmhjnw-libdatrie-2019-12-20-lib
  /nix/store/w6p5xfwxig647v0nvaki3qs8ghm4f1dx-libdbusmenu-gtk3-16.04.0
  /nix/store/vppgp3q1il73a858drikdfqfamc3dx5m-libdc1394-2.2.7
  /nix/store/frzihmjb0wqp3y5008rybdqjw26w0h6w-libde265-1.0.15
  /nix/store/ck7khcf4za0whllxl5v2p0g5qcfkzzmh-libdeflate-1.23
  /nix/store/jxspafwj02033q5fjpvndl4vkxd1l1wf-libdrm-2.4.125
  /nix/store/2m1wim20ff63h6j69p1yfz5mmbfamlhn-libdv-1.0.0
  /nix/store/8s0ds4lapfnxfk9zv5ll4qph12fr4ab1-libdvdcss-1.4.3
  /nix/store/v4jibpi0r9bgah9bxlvl7mkjbdsaqvrl-libdvdnav-6.1.1
  /nix/store/hnax0hyrmhr0qph3c641p7w5nync1png-libdvdread-6.1.3
  /nix/store/msy372nya1xbgifvy377hhczrzlc8djx-libebur128-1.2.6
  /nix/store/vkpxh55mh2w8jpv98kzxpp829j11ji4m-libedit-20240808-3.1
  /nix/store/sknpzccsnkv0kjszbbyhls9cfx4z80r9-libepoxy-1.5.10
  /nix/store/0lrgmvfxz91jxbjsikkzwwblcp7xmrc8-libev-4.33
  /nix/store/ka48qwfbrhac03afnw6pcmnfq11agwpr-libevent-2.1.12
  /nix/store/c3w00a0f86amvza65sbp0bdfyah94yvd-libexif-0.6.25
  /nix/store/0aaj6jbxclpwvrphggqz4vf5hg8360fr-libffi-3.4.8
  /nix/store/a7qf1v4q79pqvkx66ra8dy36anrd7nmw-libffi-3.4.8-dev
  /nix/store/dcjj6zqkhzfq6q7hkw4c9q131g3nc47w-libfido2-1.15.0
  /nix/store/3yjjrqis0wnapgfvi433ji8pc9r0q5ah-libfreeaptx-0.2.2
  /nix/store/zi4cpvhnzh5kffjva0k1p476s3xkwng2-libgcrypt-1.10.3
  /nix/store/k1g1aw3l2wz9yz39zm0ajldxjbzqcc10-libgcrypt-1.10.3-bin
  /nix/store/inbr3gqi4nzy50qsr5nbsqy2spdszhsz-libgcrypt-1.10.3-dev
  /nix/store/j3bl7wf60xbp20zh0svy0br02mh731dc-libgcrypt-1.10.3-lib
  /nix/store/g5d7rn4mak4gvyckx3025rnrxn494001-libgcrypt-1.11.2
  /nix/store/64rrdphwm91r90l4dzqrp7fpna0jjb1i-libgcrypt-1.11.2-dev
  /nix/store/if6m6nami517vhq99phj9jmy8fzg44ap-libglvnd-1.7.0
  /nix/store/12j7aq1hy5k61dhsr4gyp85agir17zwy-libglvnd-1.7.0-dev
  /nix/store/syp9k0jpzwnwabln2dvi103z7ijwspa3-libgpg-error-1.51
  /nix/store/29vkx6vxl4avdcsqhx7gqx4vah1gc914-libgpg-error-1.51-dev
  /nix/store/qr3y1ynr57jfl4n4q8lzc9mbhyl20w57-libgpg-error-1.55-dev
  /nix/store/7nkg1mcq2249pq1r4hilpqg5n56zvp09-libgphoto2-2.5.31
  /nix/store/zjm3qjc5yjrp0yc5j8i32vdlk966v0mn-libgtop-2.41.3-dev
  /nix/store/ly3p1qzvlz5d9pncqlr1fxbikdqymk25-libgudev-238
  /nix/store/k9lrqx2r2wd17yy875wj65ilh7h6pmym-libical-3.0.20
  /nix/store/4xc2w1nzdb3vzdspi5yfihk0mh1iibky-libidn-1.42
  /nix/store/vi5fmmv0q0z9rjf3jfis7q2i9g05l8s2-libidn2-2.3.8
  /nix/store/a3v2wifbvs0wcab76006p2wgd22ci5cl-libidn2-2.3.8-bin
  /nix/store/h02475ibf9v0mvsmrm9f8rpywqn5w196-libidn2-2.3.8-dev
  /nix/store/b0707dvb5i6q5s4i0dfrn4byay5giy8i-libiec61883-1.2.0
  /nix/store/4iqk95ri2x005m6dywh3hv5rknalhb89-libimobiledevice-1.3.0-unstable-2024-05-20
  /nix/store/r9302j69yjvsl1kcz04ybzpk13mjb88h-libimobiledevice-glue-1.3.1
  /nix/store/y9pdffmcljhsklcwcgrzzhmd43ndhacg-libjack2-1.9.22
  /nix/store/4iwxcmla6n5yzwbwj57jkhas92jrjb1q-libjpeg-turbo-3.0.4
  /nix/store/khcbacd3vjshym92nrv1wgxaj601cl5i-libjpeg-turbo-3.0.4-bin
  /nix/store/hjkpv4ym67ipcjp7f4qwi7ih2zv3dkrx-libjpeg-turbo-3.0.4-dev
  /nix/store/2p48q18wrzdvyma3d1dyldl3g7v82i6x-libksba-1.6.7
  /nix/store/nqmwl4l8zb4f0837wny586bzckj1mxiq-liblc3-1.1.3
  /nix/store/97i9n13jaz5xyqq8650y60lyg612jkpc-libm-0.2.15
  /nix/store/2hqck6r9pxgvqlfxdzlijnd7qlihl0c9-libmad-0.15.1b
  /nix/store/chvd23s7y8wya68hmrsfp6lh81i20li4-libmbim-1.30.0
  /nix/store/0052h2sdzfxvp59y5ax7k5mkz17wgic0-libmd-1.1.0
  /nix/store/12jr4iqdaj6q81hawgncaavcjjpzr7qa-libmicrohttpd-1.0.1
  /nix/store/rzb9ymi1f6nwwpqyrjy968a94zz0izqs-libmnl-1.0.5
  /nix/store/y23gzbmfn4qwvpn0c2jbc78k8cah9kz8-libmodplug-0.8.9.0
  /nix/store/h8xdapcbh1hgqrbcs1xbfamxgx4wwrj3-libmpc-1.3.1
  /nix/store/l50ambip8xxnmf7ra84h0xfcdsscna2k-libmpg123-1.32.10
  /nix/store/iavqrfcr1v8803879xf7brip1yf8izsm-libmsgraph-0.3.3
  /nix/store/mish7zifyfjs65j80231gsfi0925dwfc-libmtp-1.1.22
  /nix/store/w88plgnmj494cf0wa9z5y1vyn5f807j4-libmtp-1.1.22-bin
  /nix/store/cbsw8z8pafv529wd9wiiraz2wy25624r-libmysofa-1.3.3
  /nix/store/cnd9s9jk8jww4il0wwksknfxdnqya7am-libndctl-79
  /nix/store/dvlvxzg30msbnd9bf71h512wi2rb1pc4-libndctl-79-man
  /nix/store/gr6nsr4msi8ixzgkgi1hbrksicpsf3p8-libndp-1.9
  /nix/store/9i85vbs6fbqji9nny949ay14krk2ks32-libnetfilter_conntrack-1.1.0
  /nix/store/a0gk5zg61lrgsr5z2ksvwickfwxkyrxp-libnfnetlink-1.0.2
  /nix/store/d8f9xyfph95m3f5h0zqk9pvafqmirs55-libnfs-5.0.2
  /nix/store/0gybxbd585h4g719vgv0lk8bb7xhcbri-libnftnl-1.2.9
  /nix/store/3yk6qq4s2zjcmvr3xaill3z2y1qd1rim-libnice-0.1.22
  /nix/store/093ny4p98mw3qd12ykc562fqxvy488pa-libnice-0.1.22-bin
  /nix/store/hjibhkx5b58892av4wg4xabnwy8dzpci-libnice-0.1.22-dev
  /nix/store/5ya5nlh29djbfs6fa9c5zzffbal4fa19-libnl-3.11.0
  /nix/store/76rzw35gjjgg0ylkl762zr99n1p8ppkd-libnotify-0.8.6
  /nix/store/0lrkqam7b9d1rgrm2q5jmwkjzb89kkqr-libnotify-0.8.6-dev
  /nix/store/j49gxzqqczhs22xrvglan9d0jqvwb971-libnotify-0.8.7-dev
  /nix/store/223rcshq4a8vclpr51a2kqmsawifrl9y-libnvme-1.11.1
  /nix/store/qbybagna19vd6q6zyhr7spcpk9jifgzk-libogg-1.3.5
  /nix/store/6kmmf8mi5w3adwlqf1fzfagcj2dqpxrp-libomemo-c-0.5.1
  /nix/store/y1jz7wdb8m9vr1a926pf9lgnxvmkf2v7-libopenmpt-0.7.16
  /nix/store/l4iizdiadr7igxsyxzp19ylxqd47xxax-libopus-1.5.2
  /nix/store/wcjmi6mb3r6rdv7wv0j9hsxkgcfs5qn3-libotf-0.9.16
  /nix/store/sskhxz7n9p0il345y90i0wyv9bgcss5m-libpaper-1.1.29
  /nix/store/d78fm9z3isk3kb26plx0yc1a3708n5h3-libpcap-1.10.5
  /nix/store/8ad8ddr8fl5fnr41yyh4qiyxk8hllxam-libpciaccess-0.18.1
  /nix/store/dcnxy4hb4vs8wfx5fv342pvv20k46b4b-libplist-2.6.0
  /nix/store/yf40kfs9xqyhzp9h8zrb22arf8vnpksa-libpng-apng-1.6.46
  /nix/store/cbzqrm9j754py27lbx46lj4nwfaqh2sv-libpng-apng-1.6.46-dev
  /nix/store/6ff36bwpc097fhwiypnbdl5x206dch9d-libppd-2.1.1
  /nix/store/i28ag2mq4dnr1fcb9bmmzqsal10fcimc-libproxy-0.5.9
  /nix/store/6dh413ivs6gyzy0s93209jy7cgc40ysx-libpsl-0.21.5
  /nix/store/s4vnadmvcv7qxbv9pv6a4csd07384cax-libpsl-0.21.5-dev
  /nix/store/cipbx35w268sdp8851zb50m1lfnd9xn0-libpulseaudio-17.0
  /nix/store/q8hxz8ar2z9dmak8zsgv9bv5sy5hm8sf-libpulseaudio-17.0-dev
  /nix/store/f20j3x3r4xjc3r4kskaxj4c10miii4zp-libpwquality-1.4.5-lib
  /nix/store/b3qycjcaizn1b6y7cc35ckgdssd1y5ik-libqmi-1.36.0
  /nix/store/bf08qsr17s7zgpqcjp2k07ifw7cam8w3-libqrtr-glib-1.2.2
  /nix/store/q6rwk26a2nccjg74cy6y2i0g70jaczhq-libraw1394-2.1.2
  /nix/store/n7g9fj36injs8rr2ah7aviv6shgr7f11-librist-0.2.11
  /nix/store/y2gq1i1r8cxb5sarg3ybian6mcql3q1d-librsvg-2.60.0
  /nix/store/3rxk21hy400vh9rwcd4n66v26xlwk6l1-librsvg-2.60.0-dev
  /nix/store/b7d58dnllp59my1b2jczml2i1p5myw9a-libsamplerate-0.2.2
  /nix/store/5njwabxkp1adj6q55a0yhncj51mnzib9-libseccomp-2.6.0-lib
  /nix/store/7alkpy53ndwgg2j1548vlgc3j6pzmjkj-libselinux-3.8.1
  /nix/store/wdlgsa81mv62qd87vyhq6qb4ih2827sj-libsigc++-2.12.1
  /nix/store/bsaz9by1nrxdwdh1r4478jjijrdfjj8h-libsndfile-1.2.2
  /nix/store/imwag50h7nn22kvky64v82i6c5bfgxql-libsodium-1.0.20
  /nix/store/lyifb392qssvw1qmar5jbx3rjwid0hw2-libsoup-3.6.5
  /nix/store/gzh8pg4ljrhwbanz8brdkm5b0wlvji9d-libsoup-3.6.5-dev
  /nix/store/maq937f5dx8sichmkl7x3p36ch90jpam-libsoup-3.6.5-dev
  /nix/store/izlkqmhm0jbvaxx4hnq2x6ffj79gxprg-libsrtp-2.7.0
  /nix/store/jch8ncxiga9mysgq7nvlsdba6zaiqb6k-libssh-0.11.3
  /nix/store/nfpqi8wq87n08ddcb5vfs9jnplp4im6j-libssh2-1.11.1
  /nix/store/wi9cp03qqfw49v3j7fzz44k9kqfm7i9i-libssh2-1.11.1
  /nix/store/67cabjyjm7h80gpaq8ym8rs8454vgnhg-libssh2-1.11.1-dev
  /nix/store/yygfl7jr7nj0q9fi477bj6058h3q82p3-libssh2-1.11.1-dev
  /nix/store/w8mfdhc191qmajj92g6yi0izqzvacj2w-libtasn1-4.20.0
  /nix/store/qyz709rdi8pdai3krdmyppaw6w21bjsj-libthai-0.1.29
  /nix/store/lxb0hj665ha02ajd48168j188l3aax7k-libtheora-1.2.0
  /nix/store/rmvm61j683qh9p61kjkpnpmdxmma7cfd-libtiff-4.7.0
  /nix/store/3893wvvrkm5h38iw45ccp938a2bxcily-libtiff-4.7.0-bin
  /nix/store/f97b1mzcx2a6hbhj5vky5wpabg077n7p-libtiff-4.7.0-dev
  /nix/store/aj10j7rli4yhdfpl1f7yw31rkq4ha7yk-libtool-2.5.4-lib
  /nix/store/a3yymiwvnif511g59fspsvp63q3kkq9r-libtpms-0.10.0
  /nix/store/d5s1ab9ynjsh45js7d75ijxklzqm49r0-libunistring-1.3
  /nix/store/q8ywsxjzpildpanxx5ssn8k4i1kqrbwr-libunwind-1.8.1
  /nix/store/x066l8y88kxg0axzk93m1cqzmh4cpp5q-liburcu-0.15.2
  /nix/store/0zm3cjig7b67kg8zi0mvqwn2a1ylxba6-liburing-2.9
  /nix/store/fjmjm805pk6fdlw1yyjg2zz5rbvp6635-libusb-1.0.28
  /nix/store/r8yz3pw4fzd7fpvp9m9fk8hd6cpf14jc-libusbmuxd-2.1.0
  /nix/store/j3y24dy35j88w7vk1cnf3lf1g3w9r2c9-libuv-1.51.0
  /nix/store/xgkmxh2vg0ff61y8ngdcx73i58zs0fmg-libuv-1.51.0-dev
  /nix/store/5ax47cdlw0dypw845399swkfypcsz5c3-libva-2.22.0
  /nix/store/k6kq102yvs9h153bh96x0qks92yhhz9y-libva-minimal-2.22.0
  /nix/store/bm83iizd9qqmf3rj9d4k1vdxikb3zpms-libvirt-11.7.0
  /nix/store/1ifhvyzwn3s1nb5vm9isabmm4g5lxnx0-libvirt-glib-5.0.0
  /nix/store/1f3i1xmh7mc7llqgzryhgm4cfzsbyisb-libvmaf-3.0.0
  /nix/store/smphwkfmvcw623296s39lnj6ahvjbh28-libvmaf-3.0.0-dev
  /nix/store/z3ypq4qryx1hm43nmgs7srhdgmyc4ma7-libvorbis-1.3.7
  /nix/store/ccvjpxxg28wi1dl3azcxvqi38vzllprm-libvpx-1.15.2
  /nix/store/fkdyizhx4mvgr1wsbl36w1x59ybb66fb-libwebp-1.5.0
  /nix/store/rhb8adjr8gv2w90hpgwpz0bgr1dqgg1f-libwebp-1.5.0
  /nix/store/xwd1s74zk3bwilv4p02284ckyy319vhz-libxcb-1.17.0
  /nix/store/arm05nb1fad5fk24hrjin0lrmgpvmgpg-libxcb-1.17.0-dev
  /nix/store/cvd68krxqrwgrsigszs0al2i8dnvlwk4-libxcrypt-4.4.38
  /nix/store/zr888553n9bxq35iyqpw2zkasn3xpln4-libxcrypt-4.4.38
  /nix/store/ilh3k434j6a9kx8vw4q75k3d2s71q4vw-libxkbcommon-1.8.1
  /nix/store/884b8cl0x9hz7bmdq93icppfwzm3bv9m-libxml++-3.0.1
  /nix/store/f35fr3iklsi4kb4jznr025bzrksg1hms-libxml2-2.13.8
  /nix/store/v2pr7067rj13rv6alijqv7xbqjd3zk3v-libxmlb-0.3.22-lib
  /nix/store/d867n5p9b23cviibn7z6vd51il3x48c9-libxslt-1.1.43
  /nix/store/rf83vadrrhxmf5r5nh7pv8r6p8xbwr5j-libyaml-0.2.5
  /nix/store/yb0da9d5xbvpjdpvai5yajsrm5728iy7-libyuv-1908
  /nix/store/x0g0nam40i7rfvgcwx39f9b799yl04bh-lilv-0.24.24
  /nix/store/9gdp48s88r0lzb5wf9lgrz2d3zp317i9-linkerscript-grammar-0.0.0+rev=f99011a
  /nix/store/nmi1f4lsswcr9dmm1r6j6a8b7rar5gl4-linux-6.18
  /nix/store/riy0wiy07cl4ij139a67j0g9pq5sifsg-linux-6.18-modules
  /nix/store/dlfjyqx1c99z7szp881jpnzbakw8m97x-linux-headers-6.12.7
  /nix/store/ra5rk5n1sifsb3752p8cigca7alsya5b-linux-pam-1.6.1
  /nix/store/al47fj3yfl30gbb66x1fnlb1d6wg4li0-linux-raw-sys-0.11.0
  /nix/store/qgr13yvywhjka9lmcw4gzvlvz4bj3yhr-liquid-grammar-0.0.0+rev=d6ebde3
  /nix/store/hhq3d39c8v98f35zm3xj3irj2fk8fbc6-liquidsoap-grammar-0.0.0+rev=4de01f4
  /nix/store/3mw156y7j53c4pbfn8jzff5vrimpwlk3-litrs-1.0.0
  /nix/store/z3wkwi8kbqnq6zclz6wys6ab6q9xh9ic-llvm-grammar-0.0.0+rev=2914786
  /nix/store/5nkzpxmr79g6zmp7rrvf4sqmqac76sq1-log-0.4.28
  /nix/store/mzs42nhpw9mkprcc00gigmlsll1ykqym-losslesscut-3.64.0-extracted
  /nix/store/iggwqj4c3mrl977c4da94rbjp89nlrc9-losslesscut-3.64.0-fhsenv-rootfs
  /nix/store/wpj48wj94jb3hlmclxcmx47qf8f857p8-lrdf-0.6.1
  /nix/store/7q3jwxmwfp7js4ky0w8ni8n79zqlpcfc-lsr-1.0.0
  /nix/store/3mqm1zdk4h11mzrs72j9c3i976iyg8pa-lstr-0.2.1
  /nix/store/f4p5dri7kl1ylqjq10adn039043badr7-lttng-ust-2.13.8
  /nix/store/rrsj232zk8i63cdzcv7kp484rpfm47zh-luadoc-grammar-0.0.0+rev=873612a
  /nix/store/jzxyv60rhdggb22rxkml5fjqrhyqb0cc-luajit2.1-jsregexp-0.0.7-2
  /nix/store/8ga84m0r6m1wqm6lb210lv31a3g6j1px-luajit2.1-luassert-1.9.0-1
  /nix/store/7ha2ic62ma7zl273hvhqwbw22sgqs9ya-luajit2.1-plenary.nvim-scm-1
  /nix/store/5fkzl0fh50xlwj5jyacjrqa55sbsbn55-luajit2.1-say-1.4.1-3
  /nix/store/cw0v4qhyp660x5wzl002lc44khqbmig0-luap-grammar-0.0.0+rev=c134aae
  /nix/store/yzgy5n4fa1piay40ys5900n9wv929nsi-luau-grammar-0.0.0+rev=a8914d6
  /nix/store/n5n4gjscxjjx8jbi2jdnnz1rwr4x71n1-lvm2-2.03.31-lib
  /nix/store/c7km8i5zxp8wbdg3k2ss7kpqqjg6bvg0-lz4-1.10.0
  /nix/store/zyh3hv04y0s0lx77h1a8arn329b38s7g-lz4-1.10.0-dev
  /nix/store/8shigvs0alcz29qy763lx5xwg17ls0kz-lz4-1.10.0-lib
  /nix/store/b4mwc6lf4gllbg1xgw8jlif4cbldzhmy-lzo-2.10
  /nix/store/ng41glp0n7mjv4f3ahqb70i3b0sxpg40-m17n-db-1.8.10
  /nix/store/3295ph65ig8zv47b1w5b5wj2v56ggf5c-m17n-lib-1.8.6
  /nix/store/3r4igwi1zvpxyc799c4w5j877an5y5i5-m68k-grammar-0.0.0+rev=e128454
  /nix/store/p21yrv5iyr5f3ga3mz5pylgd09xk17cy-macchina-6.4.0
  /nix/store/4kw98q84pbv2nwq3ay12aavfa9zi4d9z-mailcap-2.1.54
  /nix/store/025sr32f1bbzvfwvj80ybnmq4hil58ri-make-binary-wrapper-hook
  /nix/store/9dl8pc1mcx1bhpab8k3kb6v4qdnafj5v-make-grammar-0.0.0+rev=a4b9187
  /nix/store/iw8i9xxh37lhx7sg2pmnw54gmmvcvd2w-make-shell-wrapper-hook
  /nix/store/bl98riwvya9f5pdpryyg8nsp7fz0rrbp-mapscii-0.3.1
  /nix/store/04pq8d4ks7vdjq6z1fa58xynywnjxi7l-material-symbols-4.0.0-unstable-2025-09-18
  /nix/store/alwap363qh3830grkg5abvdfg0h9r9nn-matlab-grammar-0.0.0+rev=37941b2
  /nix/store/098psj8y97m6574qsrvwhzvl6yfadddp-matugen-3.1.0
  /nix/store/qgzzj2g20hndps7m6dn4hd3gqg4f3khd-mbedtls-3.6.5
  /nix/store/rnxp03wxqahvchpsgwgw339fn5ybi6j8-mcat
  /nix/store/zksgpwizknd3knjdm9kxcxgiwvib9fv2-mcat-unwrapped-0.4.6
  /nix/store/nclbdyhlakrh1njrw8z06aafhna7cwag-mdadm-4.3
  /nix/store/j4rga6pzv5d8dfd3jfkrrrcd977lgi5f-mdcat-2.7.1
  /nix/store/x1wzkx3ym5x1n07zw4d6407anpk5gi51-memchr-2.7.6
  /nix/store/4qgx8sdly3vm30irq5h3asq7ikw2xiw4-memmap2-0.9.9
  /nix/store/7bb56lz2vs00p98bxk5nx14nphr80c90-menhir-grammar-0.0.0+rev=be8866a
  /nix/store/f15bqw35qiizfmfbj8bk3h0zzlah7rya-mermaid-grammar-0.0.0+rev=90ae195
  /nix/store/ar4bcmfhns6gilp0jhnkyna4figqj2jy-mesa-25.3.1
  /nix/store/0zrnfywxc127p2v6q23bb20qbmhpha62-meslo-lg-1.2.1
  /nix/store/wmj6p90va05lbrmwbgval6hvsbi3m9mn-meson-1.7.2
  /nix/store/rrhjn8d4zpsrl2mydvic2f68d59xwnzb-meson-grammar-0.0.0+rev=280b6e5
  /nix/store/k821nsl6b2cs91aiihlc0vhw5g75s4kc-microcode-intel-20251111
  /nix/store/mw6d83qifjq5xb92a6giv4ms2adrys3x-miniz_oxide-0.8.9
  /nix/store/7ljb0cnv51jcysdq23jbb0v3cs7jvmkn-mirrors-list
  /nix/store/b2m37vf2spr95r303dmw8ngqwfxm89x4-mission-center-1.1.0
  /nix/store/qwqdbc3pwv6v6gqf7az4226avqnqzpm8-mjpegtools-2.2.1-lib
  /nix/store/wdv5w9rakvmlxdncygdpc6rkazk1avg0-mkfontscale-1.2.3
  /nix/store/557ipd3pghhr2k763ykbr3m9igg8wpc6-mlir-grammar-0.0.0+rev=80ac665
  /nix/store/q2jjaa76l1d5w15p3r3raj2vxb0ysv3w-mobile-broadband-provider-info-20240407
  /nix/store/x3sgcqishcb0aqnlglba2l1g3gkfkclb-modemmanager-1.22.0
  /nix/store/fwpkqryk9lvmsfpqwfr2nsyap9wi8gbp-moxcms-0.7.9
  /nix/store/68bgk51v8baq44lqb3ps74b7jpcgc30z-mpdecimal-4.0.0
  /nix/store/bgp9znk5cnzmh0fbb2l0rwclbz2qv0w8-mpfr-4.2.2
  /nix/store/k6r200d1iszaihd9rvn6j5jhlcsf7zlq-mpfr-4.2.2
  /nix/store/d52qnl9mald53hyg69md697m6gk1mqhc-mpg123-1.32.10
  /nix/store/bv18kyglk01rzay3jcrpbzhlj4f8knva-mupdf-1.26.10
  /nix/store/vnqqvbgal8ka6mpv7b544kikalna6w64-mupdf-1.26.10-bin
  /nix/store/k4w90658s2my4cfj7ky3npn3q94la253-mustache-go-1.4.0
  /nix/store/pzibjrw06qy627zg8gayw2svyipqzz5n-muttrc-grammar-0.0.0+rev=173b0ab
  /nix/store/20vc87a9j5ci5zlygw6m7i194rsyh3c5-nasm-grammar-0.0.0+rev=d1b3638
  /nix/store/m31hjh5c5vafd8q7raywcw9n5p3l00iz-nchat-5.11.32
  /nix/store/jbc7djw77c1mp62hc37lcfgbzfi1pvyy-ncompress-5.0
  /nix/store/vj3rmg6937p9icir6bazbdcb4xdnrg9j-ncurses-6.5
  /nix/store/shh7pqf108b5cnnqfxrd25s0158pzgfd-neohtop-1.2.0
  /nix/store/491d975icn8z6b3wn8j5n4vwcaj4jzfw-neon-0.32.5
  /nix/store/njz3qxmhkjcaywvndi1q3algprgk2ygr-nerd-fonts-caskaydia-mono-3.4.0+2407.24
  /nix/store/q5cnbbswfnhx0l6maqhqfvqfdndrd6lw-nerd-fonts-code-new-roman-3.4.0+2.0
  /nix/store/91f1cfvfxc9dzm4ki5zpkn4bgk2lgyiz-nerd-fonts-dejavu-sans-mono-3.4.0+2.37
  /nix/store/lhimx2nkfgcmz7p7hwharc6pjj34h5b3-nerd-fonts-fira-mono-3.4.0+3.206
  /nix/store/kixqgiaymh7g0hfz65ccv3x5ymrzfcg5-nerd-fonts-hack-3.4.0+3.003
  /nix/store/wsgx33afcjf3gqk4h3i102ri8nimyvia-nerd-fonts-iosevka-3.4.0+33.2.1
  /nix/store/n9k4q6lmiqx4jxbqmksjrpx9mik2dabz-nerd-fonts-meslo-lg-3.4.0+1.21
  /nix/store/v3rwv0yi4m0nh7li17zac74d4rv225g6-nerd-fonts-space-mono-3.4.0+1.001
  /nix/store/ldfjqndzsy17z6q9x1lbz8z845yav4s5-nerd-fonts-ubuntu-3.4.0+0.83
  /nix/store/6g6mc3bhg97jxhq2g8591882r98hm5rq-nerdfetch-8.4.2
  /nix/store/dlq6da0kanx17zih03cbkwz61y8ijfjd-net-tools-2.10
  /nix/store/1g2iqdfip7x9q62x2ba1niinrnff09wm-nethogs-0.8.8
  /nix/store/ar61s11kqkyccjj9m4291da0j6q6gb8r-netop-0.1.4
  /nix/store/18ivsr6gwwxxgj2m95f7m3i9asw0l027-netpeek-0.2.5
  /nix/store/jmnv3qq7j0qfw7dmbkf0f3y7syl1i99z-netscanner-0.6.3
  /nix/store/hfwp8v0hkf1msb88xxak64kwsskbg5id-nettle-3.10.1
  /nix/store/kaxjb8pccjp8fa9jahxrlmb7y2924hgl-nettle-3.10.1-dev
  /nix/store/lwyvmgqr66xs7xhzxp2yw4j4r8r6r1za-nettle-3.10.2-dev
  /nix/store/94f5ar2n9rgz4icf9v189nh757fb1b23-networkmanager-1.52.1
  /nix/store/hk14wvmxbd5kpwnmzhslhs5qpfvnslgy-networkmanager-1.52.1-dev
  /nix/store/5a95fcsp8wyrhyvvcd5x6mj04anv5nml-networkmanager-1.54.1-dev
  /nix/store/0rbzs0gj9c709h0p607rik1a9l60m8c9-newt-0.52.24
  /nix/store/yfaxf5mqsvl7vbz77qr8ai9m1im4bfj0-nftables-1.1.3
  /nix/store/ab0vkfi0bibpnpcx8pz6galnw5zyixzj-nghttp2-1.65.0
  /nix/store/4lqkj853fy57hmkda8i6gf2sirgl3w46-nghttp2-1.65.0-dev
  /nix/store/qsaszbis1va1b5rvl1fprydx0zad37h2-nghttp2-1.65.0-lib
  /nix/store/xphznssmasahax8b1pcs7bvzxl0zskhg-nghttp2-1.65.0-lib
  /nix/store/x1f92dlc0m0b6ms913n7cfqi8gylhv4i-nghttp2-1.67.1
  /nix/store/n1rcq1pxxyc72zx2lzbrs11wy91q01bg-nghttp2-1.67.1-dev
  /nix/store/x9x748d49jjpni3sgdgva1y1qdyq6vsj-nghttp3-1.12.0-dev
  /nix/store/8fddhlndbk7h31wz3f3494sjmgz1kj2b-nginx-grammar-0.0.0+rev=989da76
  /nix/store/ws1v3raismqzcim8f9fd4ycbpr2cqk1k-ngtcp2-1.17.0-dev
  /nix/store/wln544sgbrqryig065yhpdg3cn6c57p1-nickel-grammar-0.0.0+rev=f77c02d
  /nix/store/kffzggaj5823r3cmckkfmjlp4c836rrv-nil-2025-06-13
  /nix/store/wqybgnrshxjazk4alc3ccqk3yw4mjrm5-nilfs-utils-2.2.11
  /nix/store/f7ipd35k9vhzm1jvd0w4cqa37b3zlc33-nim-grammar-0.0.0+rev=4ad3527
  /nix/store/07aflxhwqhsmy85aqa4ll213l2vf1jvh-nim_format_string-grammar-0.0.0+rev=d45f750
  /nix/store/vzhaimx1jdsx680i85j3rh8qn0n3fak7-ninja-1.12.1
  /nix/store/q33j1mczyv7lb3ml755b1z0ldp8yg8ql-ninja-grammar-0.0.0+rev=0a95cfd
  /nix/store/8a9bbrgn5araq7rsj8cqbfp0l02a9jni-nix-2.31.2-doc
  /nix/store/c6w97psdwhri62p3qcr76ybnmrp55cdl-nix-2.31.2-man
  /nix/store/p88wxv5lym7rszya71igsdsn257sv16b-nix-cmd-2.30.3
  /nix/store/600l8vszc5ld88kijvrzm75zjvfcpkji-nix-expr-2.30.3
  /nix/store/h7r2hg29bzqllbzybld68sgygf2a2r0j-nix-fetchers-2.30.3
  /nix/store/yif5x0xrsjg3489psxx6w223ckv344dc-nix-flake-2.30.3
  /nix/store/q9vjdbjicw5hmdjvxvy8k7klal2vamqp-nix-main-2.30.3
  /nix/store/2pxl51cnjw24ma7mwfnmw7ilg9pr54lb-nix-manual-2.31.2
  /nix/store/h8wn5ibryfa4n4fmkpswfyww10g5mkn0-nix-manual-2.31.2-man
  /nix/store/1npz55pvdgnn8lp0hzcd0sljy3vwv7j2-nix-search-tv-2.2.3
  /nix/store/lb4q54dqmk12lihdxgi3hwfcwnbzhs2i-nix-store-2.30.3
  /nix/store/67ci3q24lyy50yqgdm0f3ymj69yam4r4-nix-util-2.30.3
  /nix/store/zj3jfrchhgybshvd0fzarrs3pp2r0wfl-nixd-2.7.0
  /nix/store/iqyid976pfn6ya5bl0jrij9gvgw5iwb5-nixf-2.7.0
  /nix/store/w64snqrf622jkcbz6jh7vyaqr8ziavhm-nixos-configuration-reference-manpage
  /nix/store/sim0qf1yvyx3sxrzwngyxs776qmmj3qw-nixos-manual-html
  /nix/store/0nb87nzr9dmi9h87xp0xr9rvi12rspda-nixos-option
  /nix/store/jr2qgxm2zxg28qyhjxhraihmpzw1q5cf-nixt-2.7.0
  /nix/store/kvjsb5qkp5pwyj7b2dgkrqry02jdap0r-nixvim-configuration-reference-manpage
  /nix/store/xv1lykwi8n984ips4rpjv1imfwqpak31-nodejs-22.20.0
  /nix/store/5h3di3m60im6v37gl4g4m6w4d94mr84q-nodejs-22.20.0-dev
  /nix/store/b9lfvr0vdn2ifschzycvvsc5l2bya2mb-nodejs-22.20.0-source
  /nix/store/kpb516x1nchblcimvvyhvqaa10vl41j0-nodejs-install-executables
  /nix/store/dzf3kcdpf8yls8zwa6lp7h25229dkqzi-nodejs-install-manuals
  /nix/store/7aza7maknkk1c47b32374558m77n9ibn-noto-fonts-2025.12.01
  /nix/store/7jbwp4rmf668l74ila7dby06wz776zfc-npm-build-hook
  /nix/store/d5vq2a5qin67if3wl9awsvkgsf9kdzvj-npm-config-hook
  /nix/store/dwcmxlc28ywnch3z1rp43vp291dz1sk7-npm-install-hook
  /nix/store/5g8011h2gb37z0vyv1sx3d0par1q6h75-npth-1.8
  /nix/store/6h7zpqhiz9p97c9h37w37saxwcc5szj9-nqc-grammar-0.0.0+rev=14e6da1
  /nix/store/ygcg1n232bpdrx6hgrfjc2pmkjz41nnc-nspr-4.38
  /nix/store/v3y369a1a0vx7c4af1w4q1pq9r9417hx-nspr-4.38.2-dev
  /nix/store/aw03p18h49w0z0d8f97bzrd9mkv14jkb-nss-3.101.2
  /nix/store/pkvpy32vagymrhnyzhxm7rcdf8mi0iar-nss-3.112.2-dev
  /nix/store/6fcs5axsavxj9l6jj40hqgb6c0lq314p-ntfs3g-2022.10.3
  /nix/store/8cvcs27li39akimxm27gn0f0jbqxwvil-nu-grammar-0.0.0+rev=6544c43
  /nix/store/spy3ggylq4ifrb028wwzmd7w1absaz39-nuke-references
  /nix/store/5ndx01d0s747mxnbnzzpv4klz4ksjzla-num-bigint-0.4.6
  /nix/store/zsqbhz8jmlyncq972x41qslpci8nw5sx-num-derive-0.4.2
  /nix/store/wn1bwp0gl82x8ymq0z31g57xyyjyh8ib-num-integer-0.1.46
  /nix/store/w8ii0y950dvz88n06dff9pw0a0a7zsxl-num-rational-0.4.2
  /nix/store/q7k9jkynsdvbhkq0v3imgg6gmbmgf80z-num-traits-0.2.19
  /nix/store/87kd8nb5bws9x8r3k66hbcryr3xxvwxn-numactl-2.0.18
  /nix/store/kx4ic1nmgsfh3qhr74vxq7g97pal7mn4-nushell-0.108.0
  /nix/store/3kmalwifcpbrm04izbkynx4c24nl96xc-nwg-bar-0.1.6
  /nix/store/5pgrysay25q8fq15dk93l9ffjl9bvx44-nwg-displays-0.3.26
  /nix/store/80w4qd6d24rlb1ss2qavl3rk5jcfm4g7-nwg-drawer-0.7.4
  /nix/store/c45w421ll9wj8fz84q23z4ybjbicmkiz-nwg-panel-0.10.13
  /nix/store/q5vqg2ihj9rm9d75pffjs7yc7ygagjfl-objc-grammar-0.0.0+rev=181a81b
  /nix/store/bjp2qw19p0xscfnpzchv4xikz4zcix0k-objdump-grammar-0.0.0+rev=28d3b2e
  /nix/store/x2zk4v8dm4cr44i7f06ld7202h9dsczh-ocaml-grammar-0.0.0+rev=3ef7c00
  /nix/store/cld35d7lbddyyf8q748y668fm9r4cchj-ocaml_interface-grammar-0.0.0+rev=3ef7c00
  /nix/store/144bcl4pvs51n9psivyn3j4gxnv6smmv-ocamllex-grammar-0.0.0+rev=33722b8
  /nix/store/v54y5xz65f3vb9ydhcj294yav7dbbics-ocl-icd-2.3.2
  /nix/store/dda7kacc3njqr4xm70y54d8rwdsflw5r-odin-grammar-0.0.0+rev=d2ca8ef
  /nix/store/4xd61a5qgvfggyf3k5klgb2l305lvrcn-once_cell-1.21.3
  /nix/store/2i5467z9xq179bm148jb8mqb0ycxrjp5-once_cell_polyfill-1.70.2
  /nix/store/5540mrdimy0hzz8zd3j1r622bcrxidz0-oniguruma-6.9.10-lib
  /nix/store/vc0p41f03fk34ifi0jyrfz0gm4bd7d5k-openal-soft-1.24.2
  /nix/store/qizvbwf91ddf7fw68n25z2mkjajdiawv-openconnect-9.12
  /nix/store/87yx1qc164sv63aimm5k0adl3bbb0fwg-openexr-3.2.4
  /nix/store/qinylpx6x4bnsfnxm45k3nzfwqz2z685-openfec-1.4.2.11
  /nix/store/frfz308226nbhvrpim3dplyhm3h8fj87-openh264-2.6.0
  /nix/store/02j09l20c06fsvnsm5ng31jyl735ydk2-openjpeg-2.5.2
  /nix/store/in8r38zqb52a9x83avwxw098g7h4f88x-openjpeg-2.5.4-dev
  /nix/store/p76m0dlr1cz4bapsv350zhbhc44jg6b1-openldap-2.6.9
  /nix/store/fwdxvbsvgbjqlk3dy2vpb2why3mdpnd6-openresolv-3.13.2
  /nix/store/kqy4h1abh7ir0d6imq8qna6n9b95sq8a-openssh-10.0p2
  /nix/store/2fxp204b9jh1s3lpggdlnws44vvzw1w9-openssl-3.4.3
  /nix/store/ks8wcljvkvi14c1ivy7irm1j9hvamr2a-openssl-3.4.3
  /nix/store/98s2jyqkki6q1wqxd628nm36mjnvy5yd-openssl-3.4.3-bin
  /nix/store/y490z63bh4d0yqh55fqvplnkn9kfda3r-openssl-3.4.3-bin
  /nix/store/5bfcsl07gyqym27g9sfgcfg5mzr8r4s0-openssl-3.4.3-dev
  /nix/store/dhrylylhir0cy7a0scg1zmq0gbq3lwpm-openssl-3.4.3-dev
  /nix/store/cgp9ig35iwicfb9spcrgyg2m5dmlcgrv-openssl-3.6.0-doc
  /nix/store/z27bwbd4ynxw2cmszkylzm0v2m67l43d-opusfile-0.12
  /nix/store/mar9dfb34vh65b84ivbk5rdm6vz2yv37-orc-0.4.41
  /nix/store/f2m3c3wibaqkx4i6lb124ifb71f0nnzc-oxker-0.12.0
  /nix/store/mr2qlbg1005kpgcq06jfmcll69zzfav4-p11-kit-0.25.5
  /nix/store/570m5d83a79bcqddf1bq9ac758sgi1j0-pango-1.56.3
  /nix/store/zfiwajrqhjhkygqmg6y7gmckm739xxca-pango-1.56.3-bin
  /nix/store/k5rf0bfkimz646njbzj6v90gn9kfvb0x-pango-1.56.3-dev
  /nix/store/rgnmhjk5xzlazwr6b79shm5619s1i3m2-papirus-icon-theme-20250501
  /nix/store/jri2r21jj944lyl3jj51yrq9bchhgcvk-parallel-disk-usage-0.21.1
  /nix/store/mbvfgkk8zl5zw8bvb2inlz6kmzj7a7aa-parted-3.6
  /nix/store/3j9j5700f5v582mgnd82w3nbyvxmvck0-pascal-grammar-0.0.0+rev=5054931
  /nix/store/23p0ilg0kdvsk9pc7rg5y42i2klxmj2p-passwd-grammar-0.0.0+rev=2023939
  /nix/store/jangxddrzycnc2rl1wc1sqhqp26yrx4k-patch-2.7.6
  /nix/store/5wf9wpdkxs30811kfgkicn9i3nz9jhsh-patchelf-0.15.0
  /nix/store/n6vl6ni6zxxgh4163cqnjf8p0n7yah0d-pcre2-10.44
  /nix/store/myh35j3njs47spnxn1vyadcq2aif26m7-pcsclite-2.3.0-lib
  /nix/store/vdcbfj2zi6r3hjpfifq4xdhrs8xy2bx2-pem-grammar-0.0.0+rev=e525b17
  /nix/store/k9lfh0l007sp61rag7d9bf3nn5bg3qy7-perl-5.40.0
  /nix/store/d7wcb24k519yhn8k208fi8c00a81w25a-perl-grammar-0.0.0+rev=0c24d00
  /nix/store/sa3nxi77fbvhsqrsyrh9jank9qlvpqd2-perl5.40.0-Clone-0.46
  /nix/store/9hkmjwiwmzjhc3bldlzjfllx35kb0z72-perl5.40.0-Encode-Locale-1.05
  /nix/store/rgs44kfbivlfqj3mmxwnhnc03g588kkg-perl5.40.0-File-BaseDir-0.09
  /nix/store/pli5jqi3p7ma4b8sb8pp6gjn17n49rxb-perl5.40.0-File-DesktopEntry-0.22
  /nix/store/cs3bmq8ppvm13icjdwdp5f753j663ck6-perl5.40.0-File-Listing-6.16
  /nix/store/c7c6765m6g4b6a02hh56sv6hax9fjmls-perl5.40.0-File-MimeInfo-0.33
  /nix/store/ka4vb8g9byjyhz6fwb1567jw34kv8yxr-perl5.40.0-HTML-Parser-3.81
  /nix/store/wyfc8fx4h9fw9jscjb69pldxz7npy948-perl5.40.0-HTML-Tagset-3.20
  /nix/store/1yzyw24zirzv7p3fb9aikik9hpg2yl6i-perl5.40.0-HTTP-CookieJar-0.014
  /nix/store/gjaa2wzl71i6j2mi6f7dyjigpw7iqa84-perl5.40.0-HTTP-Cookies-6.10
  /nix/store/ggj3jz0vspp622bllbd9q98k30rrjhvj-perl5.40.0-HTTP-Daemon-6.16
  /nix/store/3lwgl9b6mv8rnqn9bnrjkj7m6h1p259p-perl5.40.0-HTTP-Date-6.06
  /nix/store/9r8a8rfwgf39vz0i8nl4fw51nik3rn37-perl5.40.0-HTTP-Message-6.45
  /nix/store/3d43mg79p6j94pi1ids55886wpzvhypn-perl5.40.0-HTTP-Negotiate-6.01
  /nix/store/hp1khv252qq4mf8bca6mgwnddjhk4xwi-perl5.40.0-IO-HTML-1.004
  /nix/store/x74qfb5bwz1mc8vf8cza7b6c62kcy23r-perl5.40.0-IPC-System-Simple-1.30
  /nix/store/ngvraf6n06mdc2arhcaz6hqc6i9n55c3-perl5.40.0-LWP-MediaTypes-6.04
  /nix/store/f07xfxk6grysx90p9a0gg6lg9w49jc22-perl5.40.0-Net-DBus-1.2.0
  /nix/store/ph5pv9f7pimg7pj8zb72fslinlmlsdda-perl5.40.0-Net-HTTP-6.23
  /nix/store/pvcgn24aldi3jpib51va7kgay77iy565-perl5.40.0-Test-Fatal-0.017
  /nix/store/2f26afhylw5929dzsw3sd6yxqnv7jc0a-perl5.40.0-Test-Needs-0.002010
  /nix/store/fg9kf6i51a5d0a526lh81x7vlp4sn6gj-perl5.40.0-Test-RequiresInternet-0.05
  /nix/store/55hq32l96ck1jgfdq2q0xa8c82gb3cmc-perl5.40.0-TimeDate-2.33
  /nix/store/gni1fvxkj5cn8qlj27qz30hz1ilcf826-perl5.40.0-Try-Tiny-0.31
  /nix/store/ifk5d3lg114pqlm5j8pyhvvj19652cmn-perl5.40.0-URI-5.21
  /nix/store/r5syz7c6hpviypkpxsmlxnfvhc8f9s4y-perl5.40.0-WWW-RobotRules-6.02
  /nix/store/j646c5hkfmrx5hrkmgiamfgvh0d80m6c-perl5.40.0-X11-Protocol-0.56
  /nix/store/2ybhr1rpndnv5bsbj01qwwwzkg5z88a8-perl5.40.0-XML-Parser-2.46
  /nix/store/x1ccxd9bgdk1s9rrb6zbkx8193xw2dzg-perl5.40.0-XML-Twig-3.52
  /nix/store/6pi18h9fngcwyhh6sn19cqsgwd9r4d91-perl5.40.0-libwww-perl-6.72
  /nix/store/0zjblvv200d9snskhca0dvaffw171n9j-php-grammar-0.0.0+rev=b2278db
  /nix/store/cy7d47898fmzn1fkh2msi5cc5xji66d1-php_only-grammar-0.0.0+rev=b2278db
  /nix/store/8vg06frn6776whcfj4xjy2z3hhzkrd52-phpdoc-grammar-0.0.0+rev=03bb103
  /nix/store/7bw24i5qa93q41l0073y31z10ff1dz8p-pico-args-0.5.0
  /nix/store/45b9795i7qfzyn4c2q1s0xzl24hf2vx4-pik-0.27.0
  /nix/store/fwn13n0ym0slnqyw6c6gy79cs6wdd3wg-pioasm-grammar-0.0.0+rev=afece58
  /nix/store/0490wlxa4p3k4h95kkv0wlmv7iyjgm8i-pipewire-1.4.7
  /nix/store/sfk8d2l0yx7xr7w38msspzp7hk6jhz0r-pixman-0.44.2
  /nix/store/1vmw05kmbzyi6vkzym0w30l916h3s2vn-pkg-config-0.29.2
  /nix/store/kbvymlmc5qf4mvcdla2qp0kb6vhn5ryx-pkg-config-0.3.32
  /nix/store/h5rj7l2nxnhwz88jj5ljkpr1dz3x0p0f-pkg-config-wrapper-0.29.2
  /nix/store/gxijh03d3z5yky7dxpvzk75isk17w64j-pkgtop-2.5.1
  /nix/store/jbspqaqhv9rn75650asf1axwdd8pcsy6-pkl-grammar-0.0.0+rev=82f0e99
  /nix/store/s9x6xfnnc64r768miscg1jfnidxzv9y7-pls-0.0.1-beta.9
  /nix/store/zj4hcrmj9j2f35q2cdlmm8q6r7r8rckd-png-0.17.16
  /nix/store/0m0299dx5vsq2mdfm95vv2izl1mc59gx-png-0.18.0
  /nix/store/4faf6949nx8cmwrgl8wzr38j21v9q1yl-po-grammar-0.0.0+rev=bd860a0
  /nix/store/wwk8difv4qvhrvdqpwn9nxd42lxk79ky-pod-grammar-0.0.0+rev=0bf8387
  /nix/store/bsq0v9jffkmy8n5k03592hkypz5j81a7-poe_filter-grammar-0.0.0+rev=205a7d5
  /nix/store/nhy2s802z9d5ks0i9zssr71889mh1ib2-polkit-126
  /nix/store/hs224b5gsfrvymxsyhm1j22mhcm30nhi-polkit-126-bin
  /nix/store/1y1l1nqicwk55sr16pywl0bdaajm7r4w-polkit-126-dev
  /nix/store/bv9gpk07bb9wh6inwg65c589j9ckjasv-polkit-126-dev
  /nix/store/ndcyl0ril7jb90kfml5jxb67sfqa7cmg-pony-grammar-0.0.0+rev=73ff874
  /nix/store/93872401sfcw7qdplhizwc9yvgdb4zki-poppler-glib-25.10.0-dev
  /nix/store/r8khf4gjpmldm8zxvy23vq5i21kyh50a-popt-1.19
  /nix/store/2k4h58vldbcxqf6l0xskl49fyxyl33s7-powershell-grammar-0.0.0+rev=66d5e61
  /nix/store/q8qpir2iq0mlwpm3mrjf2nz7aim4jcwj-ppp-2.5.2
  /nix/store/irmnxz5aa7ji6pr7z22g7cgskm8nm0a6-predicates-3.1.3
  /nix/store/3sq82idb46vn0vcplfqn0lm2npj2r5x0-predicates-core-1.0.9
  /nix/store/4i31lq9cijs70wpvhmi36gv9wxryw919-predicates-tree-1.0.12
  /nix/store/qys9qkssiaazvkmlwcc153yrcn74541s-prefetch-npm-deps-0.1.0
  /nix/store/g6vq4h0cf3hnkh18cd5mr2aypm6fwfsy-printf-grammar-0.0.0+rev=ec4e567
  /nix/store/amfd7zqq8aiymww353p82d92dkiniybx-prisma-grammar-0.0.0+rev=3556b2c
  /nix/store/5j8dr1q73p4rzasrw6ka9wv8g3k693bf-problog-grammar-0.0.0+rev=d8d415f
  /nix/store/1h88z6rhi9cp3fd0rnpyk5yjbi6vs20n-proc-macro2-1.0.103
  /nix/store/1xb348bicw1b0fmahnvnvax0jhiapz42-procps-4.0.4
  /nix/store/bzsayaz3f3rms6nf0zwxacq67mnm2png-procs-0.14.10
  /nix/store/aiq35izir2cxmrafd1i8yyf6srg4y01y-prolog-grammar-0.0.0+rev=d8d415f
  /nix/store/icn5ipskkxalsghv7j316h88qbybi4jj-promql-grammar-0.0.0+rev=77625d7
  /nix/store/qfrvk4ya6m1v2q0f66ymmjhvbh2mmdkv-properties-grammar-0.0.0+rev=6310671
  /nix/store/afhb6x23yjiflyz5cfscx4ssl2cglwvp-proto-grammar-0.0.0+rev=e9f6b43
  /nix/store/cnfilpqvy3sxc3w8ikzs442hdmslvlr6-proxmox-backup-client-4.0.14
  /nix/store/v66wk5aaz7wa4jz40qv0xdl6s8wi2632-prql-grammar-0.0.0+rev=09e158c
  /nix/store/hkcfi2jizqq6kw9qhg28mrb5irkapsjx-psv-grammar-0.0.0+rev=f6bf6e3
  /nix/store/0sswrc6460s15941xrys8pbm07830zx3-publicsuffix-list-0-unstable-2025-03-12
  /nix/store/6wxlgb5rxkxsryw3z5wx4ck36fwgalrm-pug-grammar-0.0.0+rev=13e9195
  /nix/store/pjj3bkykx31rbsb6i284nzww3clrmqqx-puppet-grammar-0.0.0+rev=15f1929
  /nix/store/51m505ck2nr6fck18bzv2kqxlwxwg82l-purescript-grammar-0.0.0+rev=603daa9
  /nix/store/kjgngdyljizbhfiaaj2jscpsc9pgxf6c-pv-1.10.2
  /nix/store/4blyvrdqzkmg8vl9q363grnabka1sdi1-pxfm-0.1.25
  /nix/store/7i54ikb4sra4prq0lsykwrdhjkal0k3n-pymanifest-grammar-0.0.0+rev=debbdb8
  /nix/store/0xjvj2rshkmb7f6g3n0f0rdpdz8xiwwd-pypa-build-hook.sh
  /nix/store/zrjvijwwxq1yxcjkrw8d4y0di3fp7irv-pypa-install-hook
  /nix/store/myldyn4c256f748g3rpx74lclm0jqx63-pyprland-2.4.7
  /nix/store/8ymv0fhfamr464xfcggyn8v3kn1xi1fk-pyright-1.1.407
  /nix/store/m79bmdi7cmmalv0q83cal92rld2ddc56-pyright-internal-1.1.407
  /nix/store/r716lwpbz5h77jsnf5s4hl11cg00f97h-python-output-dist-hook
  /nix/store/k6b6cdxxmfkjb908ys601xd6r2zvxshl-python-runtime-deps-check-hook.sh
  /nix/store/jd20rkmqmkfkcvk2wl2lmzz7acq4svlr-python3-3.12.12
  /nix/store/qzvvmd2rdzg0hz93ghmmk69yfk43n304-python3-3.12.12
  /nix/store/x63xmxkh76ri4a3zscav3qcl75pk26nk-python3-3.12.12-env
  /nix/store/a980m1fxdzbgliv9jbck638mg9pjz2mk-python3-3.13.9-env
  /nix/store/j2md3lhl9yxy0cjqg06yb8vq89c4yjvc-python3.12-dnspython-2.7.0
  /nix/store/a7b8rw1chhk2d0s1r5qc1hhiky22ldq6-python3.12-mako-1.3.9
  /nix/store/1nwhd27bknbnrd7lb76z3r8jc8gvj37y-python3.12-markdown-3.8.2
  /nix/store/s1s7cngw3wc3wm6ysqyjkwq8nq4cz4vl-python3.12-markupsafe-3.0.2
  /nix/store/h1qsc2cb41r5iaix9n7s3gn4r5s2pdfw-python3.12-packaging-24.2
  /nix/store/jahiclal74yv1j7py0jnlm30ji3wa1wr-python3.12-setuptools-78.1.1
  /nix/store/5f0q4dv7xx2z8xmhn51xa20skggvn1iv-python3.13-build-1.3.0
  /nix/store/r7cs2cad91rsrbl9a9xh4403jgq720gy-python3.13-cbor2-5.7.0
  /nix/store/h8sscdrbjxf6v34l779sgxly43a4gl6z-python3.13-css-parser-1.0.10
  /nix/store/0ibn8wxl5jrf19npjvhkcmpnrrdyi2jr-python3.13-dbus-python-1.4.0-dev
  /nix/store/9zvvf3samj4g39g9dranrq2sl7b1xxbm-python3.13-decorator-5.2.1
  /nix/store/27kba6akgvjwyg31kj48spl1kf9vz531-python3.13-dooit-extras-0.2.1
  /nix/store/2zd739m6hb0nqg3s3crq2k3n78h2916f-python3.13-editables-0.5
  /nix/store/q39v32kdp61scn54xdv9cdd1ynwxr9il-python3.13-emoji-2.15.0
  /nix/store/jx7r2hy18wjvawyjpl5ij2qq8d4d5jrx-python3.13-gssapi-1.9.0
  /nix/store/2si4ffm29dg8gda5iqgas6394zln8mpb-python3.13-gst-python-1.26.0
  /nix/store/0aqxr9r8iasgvwyyql60ifsyjmxxg2id-python3.13-gst-python-1.26.0-dev
  /nix/store/z6fn13kvww9bp5f04ql4hh5qm2a91qgq-python3.13-hatchling-1.27.0
  /nix/store/4ps1c51dr871rqipwj14mia68j1ijjj6-python3.13-i3ipc-2.2.1
  /nix/store/k2r7fzlhx1ffzmxbnshw246abdxyr4gi-python3.13-installer-0.7.0
  /nix/store/dcxlsw0wynj471bx121qh2p0xkj51z6k-python3.13-linkify-it-py-2.0.3
  /nix/store/i2lqzf10prpmx3yc10s5iypbhzd0spkv-python3.13-mdit-py-plugins-0.4.2
  /nix/store/n78zl6wwdgmj8s9smdp8qj0z3jalm89c-python3.13-nbxmpp-6.3.1
  /nix/store/8jbyld244128wm6ci73knph7vpxq90hs-python3.13-nwg-clipman-0.2.8
  /nix/store/2v0jkaj5pc8djz675mh99wbawvp4vclk-python3.13-omemo-dr-1.0.1
  /nix/store/bjp0l4kpk690mi30bpfx2pjw1nhwibr9-python3.13-pluggy-1.6.0
  /nix/store/8dhaavnn5awdb94xwkrbs5h1j3abg5ns-python3.13-precis-i18n-1.1.2
  /nix/store/6dcw15awf5cimwrgj9jwbzjccvxcka05-python3.13-pycrypto-3.23.0
  /nix/store/zjvj6ryd3jlby2lmf8ap51rl51daxpq1-python3.13-pycryptodome-3.23.0
  /nix/store/9f9nx9hpmim2dvkqlw9hc24lp11w7kmn-python3.13-pyelftools-0.32
  /nix/store/qvyf0lz5d7kx5yc4n3ffyj33y8g8kh43-python3.13-pygobject-3.54.5
  /nix/store/l20n5n7624fivgrdacz4rxwq5vinj9nr-python3.13-pygobject-3.54.5-dev
  /nix/store/cxrc3fam70lxd1zkqwcxsgd8b1jsc228-python3.13-pyopenssl-25.1.0
  /nix/store/c4chvfan4l5r3ya8q2k1mbhhczx3c5lz-python3.13-pyopenssl-25.1.0-dev
  /nix/store/a28clzlm7n575vvzm8h4yhj6qcjyvskk-python3.13-pyperclip-1.11.0
  /nix/store/m3ppxy345vbsincqmc3irvg70gvglmzl-python3.13-pyproject-hooks-1.2.0
  /nix/store/l85biqzx14jwxc67k3gsdl8yy1xyadwb-python3.13-python-gnupg-0.5.5
  /nix/store/xqlsy2c9ss6m82jv3qq6qx715zszjahg-python3.13-qrcode-8.2
  /nix/store/5b806arkfpznywa5b5cp0h2pr31nzhfg-python3.13-rich-argparse-1.7.1
  /nix/store/1qzrn9r3jb83dxm2a7nv1jl6jhdvgk4q-python3.13-send2trash-1.8.3
  /nix/store/wm9qgy8bnvy0py1khjm391j6wsi89x43-python3.13-smartypants-2.0.2
  /nix/store/9068i486d7vb6pvynjp8v4rs5l222k0v-python3.13-spotipy-2.25.2
  /nix/store/00xsr3dabi9pyhyfgpy16094c30w8hnv-python3.13-sqlalchemy-2.0.44
  /nix/store/k229djri6nvnah3kjk7mv24lj4izhr04-python3.13-textual-6.7.1
  /nix/store/vkv6avhqxrnscrvvcfyssirhh6p259az-python3.13-toml-0.10.2
  /nix/store/q7anbbjivjy932gbi2dw605mhc0p9gwv-python3.13-tomlkit-0.12.5
  /nix/store/c2r6ks1chvy4ldzxafdbva380ckpxijp-python3.13-trove-classifiers-2025.9.11.17
  /nix/store/6pdsm52b8axzqj233grpyd5i6qk5qhm1-python3.13-typogrify-2.1.0
  /nix/store/j48mlam83qc0jc3sjp89r6lss71637g2-python3.13-tzlocal-5.3.1
  /nix/store/kzzkd7nynly3yllcf64ql7w88bx2i8dn-python3.13-u-msgpack-python-2.8.0
  /nix/store/xmpr48mvikmfizm44x4zfr79f53fs1yr-python3.13-uc-micro-py-1.0.3
  /nix/store/f581p6l72sw7cpvd2jrapmf048fm6v07-python3.13-unicurses-3.1.2
  /nix/store/q31b5sadj7gv79w3nkfwddjbjq4z9xqi-python3.13-wheel-0.46.1
  /nix/store/4ajj48y3wq9bc9b4xr620b0np6v3a0ib-python3.13-x256-0.0.3
  /nix/store/zhxlkgrxlyicc4i1vi50c3n2jjxk8v56-python3.13-ytmusicapi-1.11.3
  /nix/store/xn6y3xxy1zm8ykf3lf9f5xdx29kjxmgf-qemu-10.1.2
  /nix/store/2095vl8vmvka5a2vbr5xhrn730zgvyw0-qemu-10.1.2-doc
  /nix/store/ky9qkcmsp9vlr002rcs2sqzz42xiz5bn-qemu-10.1.2-ga
  /nix/store/4fwmws5va09bslyhy73r2y3j9s5gk6sr-qemu-ovmf-metadata
  /nix/store/ch9x7np0barqm9nqm9xc3qv9ixws875f-ql-grammar-0.0.0+rev=1fd627a
  /nix/store/6jld5ckfv4fia8rs19ypsmq72mvipr30-qmk-udev-rules-0.27.13
  /nix/store/8zk2754z614bnpmyn7mmkhgj1wqylzbh-qmldir-grammar-0.0.0+rev=6b2b5e4
  /nix/store/xnka65qm65pd14s5pywpkznwm33gkqim-qmljs-grammar-0.0.0+rev=0bec435
  /nix/store/rm2vk9xybmjb047n8lqqq3g1ab190a8h-qoi-0.4.1
  /nix/store/nbxnpfk6mycs1rcd8i0zxx9381rbwqdb-qrencode-4.1.1
  /nix/store/g7fmdqwwfywrgjfmwbx8igsfjq2ah2ch-qtgraphicaleffects-5.15.18
  /nix/store/xxm9frnla7gzjwj39fhqd248llpvdwrg-quick-error-2.0.1
  /nix/store/cn1qrzqhsymipwb0gamwnrg39syzfm28-quick-xml-0.38.3
  /nix/store/6n1xi5rp1bn11aywkcc2c3z684lqnb5d-quickshell-0.2.1
  /nix/store/961nv9gmhgsx9bbsazb5qibqdyw7qcdi-quote-1.0.41
  /nix/store/34c149hm83y2kl49hjkd2j5phl6z26ai-r-grammar-0.0.0+rev=0e6ef77
  /nix/store/lbycba9ahnfbhcm5w6ixv3vh9x5008qh-racket-grammar-0.0.0+rev=130e765
  /nix/store/724jrb481v2vb9p0hlphh5hyn6rwahq9-ralph-grammar-0.0.0+rev=f6d81bf
  /nix/store/55mm225hwlqf6bg0dprpppc4zl411z3n-raptor2-2.0.16
  /nix/store/3v2figxrssq0b8s8ys3l8aviwvs5qxn1-rasi-grammar-0.0.0+rev=e735c68
  /nix/store/wjy3301b60w1gp9ns9rgdhddpbvw06hv-rayon-core-1.13.0
  /nix/store/aqdlk8w5llb4jcbyqyvydwyi1a2znsjs-razor-grammar-0.0.0+rev=fe46ce5
  /nix/store/r7wymk0bc6120x9mp6ibr4mlra1pv556-rbs-grammar-0.0.0+rev=5282e2f
  /nix/store/w97wmp9kv05jmkj9b0hf0rcpl0l6igz8-re2c-grammar-0.0.0+rev=c18a3c2
  /nix/store/k8c60f1c543yng7878rfkc12han58hiv-readline-8.2p13
  /nix/store/zfrs1gdm7h3xcmaafn4c3iqja13dml92-readline-grammar-0.0.0+rev=6b744c5
  /nix/store/jd6xj93byy2m5y66xhbwbjz70azpnfhx-regex-automata-0.4.13
  /nix/store/01p2b0m0aymh7y6s61silf297016sgdg-rego-grammar-0.0.0+rev=20b5a59
  /nix/store/iwdpwginrbyscqad65nxpcv6r4lxm8il-remarshal-0.17.1
  /nix/store/a61pf49kicn01wdwmmp8m09y3lrfks0g-requirements-grammar-0.0.0+rev=caeb2ba
  /nix/store/6dq2yx1rm2anyv3rpmi5ip95snxf2z6k-rescript-grammar-0.0.0+rev=d2df8a2
  /nix/store/jd0xvnx75xl6h5qjx8cp93vl1gfd1nii-rgb-0.8.52
  /nix/store/i1k59r1s7gbg0mzxmrvcl6kg6pnjna99-rifleconf-grammar-0.0.0+rev=fe10eab
  /nix/store/dylcsw1k4p06xb085xh7s89fbsizbaqy-rnoweb-grammar-0.0.0+rev=1a74dc0
  /nix/store/z1cy4r0ma4s6j1zssbk56nk2hqjdn49r-robot-grammar-0.0.0+rev=e34def7
  /nix/store/n1v32hwyps4msa07x2haw5l6rln807ij-robots-grammar-0.0.0+rev=8e3a420
  /nix/store/lmy0qzx6dbs734yiikyf9chpxvk9w90i-roc-grammar-0.0.0+rev=40e52f3
  /nix/store/lw419kksszipf5h674s0j28rcqi0wi60-roc-toolkit-0.4.0
  /nix/store/hmaiiqgf30p07pipvfrzcxm5bm9i4bbs-ron-grammar-0.0.0+rev=7893855
  /nix/store/3zdp4pydkmdbd8gjbwka9xw345ia2c8i-roxmltree-0.20.0
  /nix/store/88zimfjky7k9pm1nrhphrlhxxwkirshp-rst-grammar-0.0.0+rev=4e562e1
  /nix/store/ai2vg6a82w8x499bps9b26sdrsgzfg37-rtmpdump-2.6
  /nix/store/6khy69jak0icwc19cr4s6nhsl82wf2dy-ruby-grammar-0.0.0+rev=89bd7a8
  /nix/store/nbspxgjjia3xhikarzpj0yrl9blnh0ak-ruby3.3-ffi-1.17.1
  /nix/store/vb16dvrwzvc0h89rgxyfymrv98cxr9fw-ruby3.3-rb-fsevent-0.11.2
  /nix/store/03q6crvp9v6s4f5v76i07frz4idzyw6m-ruby3.3-rb-inotify-0.11.1
  /nix/store/f9f6y4a6izdvw71f1nkbmhi5zbs0r55j-ruby3.3-sass-3.7.4
  /nix/store/9q4w4w7zf3hpxa22bcfs3a9a6zb2lg5v-ruby3.3-sass-listen-4.0.0
  /nix/store/k64acc9ikz8a63y055aarj8c8gc1frj3-runescript-grammar-0.0.0+rev=cf85bbd
  /nix/store/srpk4ms2mmjivjmvpkdb40fjs6mwri74-rust-grammar-0.0.0+rev=261b202
  /nix/store/sml133jfgxbdws0p141mmww0q98jrw60-rustix-1.1.2
  /nix/store/rymm76qwslgxiv2vyvpw4mh4qcvh85k7-rutabaga_gfx-0.1.6
  /nix/store/v8m10awvxkgwn9mh5qnhk06qv6ijg3yr-samba-4.20.8
  /nix/store/jpvrvkf89b0avljk6fgkxsp5ga6jg2f9-sbc-2.0
  /nix/store/gsdkj1k3f204dw1qyq72nw6hqsq48w6p-scala-grammar-0.0.0+rev=97aead1
  /nix/store/pw6grfykvabzd9fdv34gc435rvi3xgsx-scdoc-1.11.3
  /nix/store/vw9ibskn9d5jdmjsmmlb46m9bj9isq0k-scdoc-1.11.3-dev
  /nix/store/p1xa6gk87b55p8nnvq5blp4izzwb8g66-scfg-grammar-0.0.0+rev=d850fd4
  /nix/store/fqy3nyc4srasy935cq9bvvwqsd8hdv0k-scheme-grammar-0.0.0+rev=591893b
  /nix/store/8hrhimjkwxxx4h7vsdafwjqfm6d5s12h-scss-grammar-0.0.0+rev=c478c68
  /nix/store/dqqa7h3095fyql0ckbix9z63zhb5pk4h-sdnotify-wrapper
  /nix/store/pn46v79mc9hlwm66sz55glg178vgh78a-sdnotify-wrapper-bin
  /nix/store/8zzhgnyqjfnhfh7msgy4ad38b704j4k9-sdnotify-wrapper-doc
  /nix/store/z4sa5dqhh3lnwnw8wl429prx13hsyhr5-seatd-0.9.1-bin
  /nix/store/2spshd4ah7mzp5l73cmild60w7ir40k1-seatd-0.9.1-man
  /nix/store/aw17iwhhrwdnz1c8q9didbxcdgbpfs7r-security-wrapper-chsh-x86_64-unknown-linux-musl
  /nix/store/hzmzj16k70gmj5pjhdqpf95cxd27lc0w-security-wrapper-dbus-daemon-launch-helper-x86_64-unknown-linux-musl
  /nix/store/n0v2csh9awiy5jq5vrf0ih6gkcfxrkny-security-wrapper-fusermount-x86_64-unknown-linux-musl
  /nix/store/g24dmgydpg9ch5w13wxf4ndaqsvg85nw-security-wrapper-fusermount3-x86_64-unknown-linux-musl
  /nix/store/7cmsr2w978pz7z61q05082lz6jydbiwr-security-wrapper-gnome-keyring-daemon-x86_64-unknown-linux-musl
  /nix/store/vd6nc2jjswwmxpxmzp8haanrgr6k3mfj-security-wrapper-mount-x86_64-unknown-linux-musl
  /nix/store/wlsay6cnds3lm2a9kqmrmv37i7fd8zas-security-wrapper-mtr-packet-x86_64-unknown-linux-musl
  /nix/store/lff3siyjih8xvvhy3v068aw90jkxi5q3-security-wrapper-newgidmap-x86_64-unknown-linux-musl
  /nix/store/sshv0lfmmv45ypjkral0s83wzdwx395q-security-wrapper-newgrp-x86_64-unknown-linux-musl
  /nix/store/ig6jaswphbll2n1dcn1zynhk4n4xsn0q-security-wrapper-newuidmap-x86_64-unknown-linux-musl
  /nix/store/w9358fqrvdbbdn0ag60ipa3xiwb68xra-security-wrapper-passwd-x86_64-unknown-linux-musl
  /nix/store/ahhc0npj8gqr29cp4gk752l53s85yl4w-security-wrapper-pkexec-x86_64-unknown-linux-musl
  /nix/store/jnh62cadvc9mvylhhvxgina60haq3b00-security-wrapper-polkit-agent-helper-1-x86_64-unknown-linux-musl
  /nix/store/1jpfpy8nky6alxik1jf8djh68z3v7ybv-security-wrapper-qemu-bridge-helper-x86_64-unknown-linux-musl
  /nix/store/20s3y0c7l42y3azfqrcs0l10jih0l19h-security-wrapper-sg-x86_64-unknown-linux-musl
  /nix/store/xx5mwlfaj0i1nd3csy306x0akyxm5c4m-security-wrapper-su-x86_64-unknown-linux-musl
  /nix/store/xpag73llypx18mhmn8y8qccnrwgmy4p8-security-wrapper-sudo-x86_64-unknown-linux-musl
  /nix/store/nq6jin75wv5zwms9jx4h3kvi0y949m0q-security-wrapper-sudoedit-x86_64-unknown-linux-musl
  /nix/store/jbi2102fw3jbdm4wz28fwvmaphzzs3n5-security-wrapper-umount-x86_64-unknown-linux-musl
  /nix/store/c66yw8c8cnnyfq8djkm3rr74xa6jdka4-security-wrapper-unix_chkpwd-x86_64-unknown-linux-musl
  /nix/store/652zfsy5y74nhg3bw2n0k5qcplygd271-serd-0.32.4
  /nix/store/yfm3r7frybn7lv17a8zyr39qrkh2gnnx-serde-1.0.228
  /nix/store/dmzfnzxw3zx0lp5rp6sx5bkba5icw7k9-serde_core-1.0.228
  /nix/store/wz5hnm4583ak6hsz3kw5sbvkbkmhb1k4-serde_derive-1.0.228
  /nix/store/cyn8a3dfc2yhd8wvijj4yxr60x22da6h-serde_spanned-1.0.3
  /nix/store/x5yb56aba7cp8zgnvqv99dahwwz53q0n-setxkbmap-1.3.4
  /nix/store/pjm6y9zg01f632kxmwiw6mjkn7z988w1-sflog-grammar-0.0.0+rev=3597575
  /nix/store/arcmwrscrf22c3h32ngv74qq30cyhjp9-shadow-4.17.4
  /nix/store/c1hian0qsxix0a7pswp442c2c201cmd9-shared-mime-info-2.4
  /nix/store/sjh9hb6mc19xi93bv9v8rkwxhj4w2n2z-shellcheck-0.11.0-doc
  /nix/store/c7nn0m85206xwd7xhwwyi4ibf458xynb-shellcheck-0.11.0-man
  /nix/store/dvkyrls3macivb3yc227gfxdaywsm2vl-shfmt-3.12.0
  /nix/store/xsy0d9aybhlgbbjv3sd3fg9sdraf606m-signal-desktop-7.81.0
  /nix/store/gbnvk0xh8bnx4a4j8c74czg6f33z8cvn-simd-adler32-0.3.7
  /nix/store/5qj0xznnr4mlwpnyr9a110ficjfg8z97-siphasher-1.0.1
  /nix/store/m4dbh2n4pkc7dgd8vv6wz2264fp6iib0-skalibs-2.14.4.0-lib
  /nix/store/kh5rc3j28ygr4sig207zdzpgn7hfa98f-slang-2.3.3
  /nix/store/si9g9gklb9hdsn96w6cx37cqaysnccz0-slang-grammar-0.0.0+rev=1dbcc4a
  /nix/store/mbhlp84cazkn0fb6bvp8vn415n805bns-slim-grammar-0.0.0+rev=a06113f
  /nix/store/qhpayva599mh1jf920yj4zgnsaiabjyh-slint-grammar-0.0.0+rev=927f3e2
  /nix/store/2chd5cg5dwiq82dj07g98z2sfcdj8q1k-slotmap-1.0.7
  /nix/store/c495mx4z26jc43h9wxcm59vdy1csr71w-smali-grammar-0.0.0+rev=fdfa6a1
  /nix/store/adngbz2di6qrjpyxgv0mw19mis8y59h7-smallvec-1.15.1
  /nix/store/y2sv7vw7imq6g336c2si99yw6zaxq8ma-smithy-grammar-0.0.0+rev=ec4fe14
  /nix/store/ffcwsw10xkb3f6ps6aib2g98n7m1qakr-snakemake-grammar-0.0.0+rev=7731408
  /nix/store/956n53ag57j5q0lyrryp9in99cfbqkqb-snl-grammar-0.0.0+rev=846e2d6
  /nix/store/i2g98rnidj25vllrl3igjhqjpfqr0k48-snowmachine-2.0.2
  /nix/store/g5cm49jpr0lcba1b1lmpwc6n0rcnckxa-solidity-grammar-0.0.0+rev=4e938a4
  /nix/store/62n4wxiy2k1q52i3ai385dg3r2gaxzjz-soql-grammar-0.0.0+rev=3597575
  /nix/store/zj454ywhs7imbjk195f934wh7nyarj81-sord-0.16.18
  /nix/store/vnr2w1fkb3jbll1v83dx1pcj6475dw6m-sosl-grammar-0.0.0+rev=3597575
  /nix/store/zzkw33lcrdfz1ihawzskkzd7iz1zlj4v-soundtouch-2.3.3
  /nix/store/9qvd69izb59gzcy7lbanzm6i83ykl4d6-source
  /nix/store/dfmlx2mrza26x9dhily768b5r50p2s1h-source
  /nix/store/j22dh3in03v0sk0s0wylpnjhzvliq7m5-source
  /nix/store/j629lhxqr36g7iybsvv474nxpy5hnv1i-sourcepawn-grammar-0.0.0+rev=5a8fdd4
  /nix/store/0dc9kkbr9z1wh0sarjc1k65sdlxw72qj-sox-unstable-2021-05-09-lib
  /nix/store/x5ps5ds44x6aqyhbsppjy20wh6w3wgpx-soxr-0.1.3
  /nix/store/r0k9k74in64wz1p78hlvybg8zy76dgn6-spandsp-0.0.6
  /nix/store/vwl7jvbyj7yhpzhlbav37krlxphns17s-sparql-grammar-0.0.0+rev=1ef52d3
  /nix/store/gvmk6glz678bx42wyk15ywz7qad1388x-speex-1.2.1
  /nix/store/jnl9vhdxhzbwdj4nwgizwsaz06jpp4f0-speexdsp-1.2.1
  /nix/store/0y4yqz53m6a1zzas0kdlmaw4qhskrf57-spidermonkey-128.5.0
  /nix/store/6iqrahpc9if3wq1rilwgx9q2lflz64x9-sproto-grammar-0.0.0+rev=d554c14
  /nix/store/0rdkqmymp6n9bggsnrc50g19618bagwd-sql-grammar-0.0.0+rev=0a3d963
  /nix/store/ks3slx52c0jmfgg717n0jq9lp354mlnw-sqlite-3.48.0
  /nix/store/17qrg8r0mpynmz06lx60fgs8g6dgbb3a-sqlite-3.48.0-bin
  /nix/store/x8r21k5xskd7647wzb625g3gfxrj97w8-sqlite-3.48.0-dev
  /nix/store/kqh3pdb2k83qjbhgr342nr0dpl7g4ims-squirrel-grammar-0.0.0+rev=072c969
  /nix/store/p5wbsmgs0p5vp994zv7gbbbd3dgg222a-sratom-0.6.18
  /nix/store/kjfhrvr0vcx2y0acvdvsjwsvsm5g5a1c-srt-1.5.4
  /nix/store/3x5518y0jq5bvysbzzvpif8mxhic5gm2-ssh_config-grammar-0.0.0+rev=71d2693
  /nix/store/5cwshx8rg186q51r4hcxxwvhx6ic8mgv-sshpass-1.10
  /nix/store/0jjymwq9q2c8al0qyki9wg2vpwfir9ha-starlark-grammar-0.0.0+rev=a453dbf
  /nix/store/5jm8q4sms5lvw1w495y57k2qjdfyx7v8-static_assertions-1.1.0
  /nix/store/9v92708qmblip01dc60vnilzbcii5zad-stdenv-linux
  /nix/store/lfwfj17y9fpjb73nsj2m35rmkh587a0x-stdenv-linux
  /nix/store/i148xjalb4qb3dpj9vvgfp3ikksakvx2-stoken-0.93
  /nix/store/6ssvl2byfq9yhw734f88x8qajx8654gk-strace-grammar-0.0.0+rev=d819cdd
  /nix/store/3rl8wmgkl6rbjarp5d2qx9nwp85bxwcf-strict-num-0.1.1
  /nix/store/mz4pl7wlxv7gc7jw5iqswffig7zcrcf1-strsim-0.11.1
  /nix/store/868rxgiksjzimgzlf31mgc6ac9b7f33r-stub-ld-x86_64-unknown-linux-musl
  /nix/store/xsfma18by7w43kifl7y56pqlzvqacqjn-styled-grammar-0.0.0+rev=319cdca
  /nix/store/pmcg49xb2hnvjmglca70n4fnmd646sdj-supercollider-grammar-0.0.0+rev=76b3cab
  /nix/store/wbxgfdpw3166pp5fm764j7xqg2jxc7pl-superhtml-grammar-0.0.0+rev=8b5bb27
  /nix/store/j8shsywcmbym9ahnknbqbqb92smw9lif-surface-grammar-0.0.0+rev=f4586b3
  /nix/store/hqm5ydpghl7k7w5rhq20zra4m3qpq9vs-svelte-grammar-0.0.0+rev=ae5199d
  /nix/store/ww1sw4lr2lrdkaq567mjg50gir4gc1y4-svt-av1-2.3.0
  /nix/store/ag0miapp79vsxbv04i4d5s4sfggmbdbq-sway-grammar-0.0.0+rev=9b7845c
  /nix/store/v1kb6cx10gml7ncxfkp31vcxxcfgd1cn-swift-grammar-0.0.0+rev=99a5241
  /nix/store/hpchhl50lhi2d7z0z993yd1b46cl15bd-sxhkdrc-grammar-0.0.0+rev=440d5f9
  /nix/store/qy07j6886b5jys988gzqnf0dilbg4chv-syn-2.0.108
  /nix/store/llj9dchgyn7vcg8zfwr4164sl76mhr65-system-sendmail-1.0
  /nix/store/0skas4dfa1ngjdpgl3vw2nnlbm9rfllh-systemctl-tui-0.4.0
  /nix/store/kiplbb6yv7rmjf21hf9ky01b9kmgmnqn-systemd-257.10
  /nix/store/5nwzhfv6yiqrx56cnhx9pxmx5a1b058p-systemd-boot
  /nix/store/r7qnn7gz23j76zq9fmampi8bkm0w6cyj-systemd-default-tmpfiles
  /nix/store/d2402qsphw86lqf2fg6kdrzq3r467x5w-systemd-minimal-257.10
  /nix/store/5g9sy7frpxkjhx39r4ixz4lnlri31fc0-systemd-minimal-libs-257.10
  /nix/store/mdh4k0c0rfi7y8v3nfpi3cpv0bpfg08p-systemtap-grammar-0.0.0+rev=f2b378a
  /nix/store/wy889b8h3bxdf3md5q5lfpnwxywz93yh-systemverilog-grammar-0.0.0+rev=7c4b01b
  /nix/store/3cyb8c8cfkxjsvs7sgkqj9vhwhmp8rzb-t-rec-0.8.1
  /nix/store/ylvakpg6x6nxjdwfnl5mrw9086z8cp9n-t32-grammar-0.0.0+rev=2f604ad
  /nix/store/jj2g76av3cgzzfhkiyb2y7agiirz8nwh-tablegen-grammar-0.0.0+rev=b117088
  /nix/store/4hxvfkmbifnd8gqldl7ks772yvmfjva0-tact-grammar-0.0.0+rev=a6267c2
  /nix/store/rsw2chabyirm1z9x1sxj6q45mpl0i67v-tailspin-5.5.0
  /nix/store/a3xi3v2zxn87p1vdph9i47bcz7c93370-talloc-2.4.3
  /nix/store/ga4ydqfb02ifh1v3p0aqpcj7pwwbwn6x-target-lexicon-0.13.3
  /nix/store/7z8r52kzjjy270qdxz5dmvn7v9dj8s2l-tcb-1.2
  /nix/store/klryfz666qasz5bgfscx6j05mj3k039y-tcl-grammar-0.0.0+rev=f15e711
  /nix/store/adamj0bnqapcgzg8bbr076ggchcxx2pi-tdb-1.4.13
  /nix/store/x4kc0h6f9ay4bfsvcy0w5nsx37xsf548-teal-grammar-0.0.0+rev=05d276e
  /nix/store/106h7vraipjn2c44lkr68kkd1xaljc9z-television-0.13.12
  /nix/store/gzx620k81p9z1x0zd6f96dqsf5n49h75-templ-grammar-0.0.0+rev=1975f67
  /nix/store/r53ara427czg6rsh15328v5bfc7nczhi-tera-grammar-0.0.0+rev=692937d
  /nix/store/pfli3zzfjskghspx8igjjd2z184sw8gd-terminal_size-0.4.3
  /nix/store/m5ybb1ribrnngilhiih8sasmr3v5zg45-termtree-0.5.1
  /nix/store/a5i8kyzp7m0k8p9l5s1d8d9r7gp0f9zn-terraform-grammar-0.0.0+rev=fad9918
  /nix/store/g39bcyi0m973iirm2azrhmwizqczqibw-tevent-0.16.2
  /nix/store/3qjgnpp3gaqf915ip5hkgccgsw2wimcc-textproto-grammar-0.0.0+rev=568471b
  /nix/store/1ah04q50dgr3pn37iknb0akwmi9s4xpv-thin-provisioning-tools-1.1.0
  /nix/store/5j67j7q7kdiblw9zrwj2vm2kcv3d63hx-thiserror-2.0.17
  /nix/store/i3klbm4x1zdj8jyp1c1i8mnkhzidl3nn-thiserror-impl-2.0.17
  /nix/store/wbl813sndh9y2ms8gby7n44lhm957d1b-thrift-grammar-0.0.0+rev=68fd0d8
  /nix/store/1iqbcsh2c7mr8jcc7dd27f0aqxhclzrk-tiff-0.10.3
  /nix/store/0prha4p1pq86by738wdvg5qgz52q702h-tig-2.6.0
  /nix/store/3rifb85yi2c7ispavx48fd8zjzknlgv8-tiger-grammar-0.0.0+rev=4a77b2d
  /nix/store/5pjawicrbsmjxxdmypac7qxpwd6i7mfx-tiny-skia-0.11.4
  /nix/store/g215q6jpsnafx2c7q29wsqfi8f3nfgwf-tiny-skia-path-0.11.4
  /nix/store/xnx5jnb26fia13bh62dxrv9p24pi8dmg-tinysparql-3.9.2
  /nix/store/wg22b3xmhbywpfrf6518nkhqm6wnc27a-tinyvec-1.10.0
  /nix/store/s3jg74kmp3dqai5brw122rrjavbzn9pi-tinyvec_macros-0.1.1
  /nix/store/43nbdbfrwgvhg91slakzzsl0kln4jq3j-tlaplus-grammar-0.0.0+rev=2d83194
  /nix/store/n939p96c4ikzfviikzpf8svy9cc6bmij-tmux-grammar-0.0.0+rev=0252ecd
  /nix/store/z70fgq9gjsm2rbngvqvnjandfa8n87wy-todotxt-grammar-0.0.0+rev=3937c5c
  /nix/store/idj0y5lz322s76y2zvxiavlgjxxqjhcc-toilet-0.3
  /nix/store/4hvh7n9c5s844vw17y72gh9rfphn7qcx-toml-0.9.8
  /nix/store/09yb3g5sr00pzgm5arn4n2fxl2vyxq4x-toml-grammar-0.0.0+rev=64b5683
  /nix/store/xyrs9dpihzdz46gcbhz2lyaza3lndndy-toml_datetime-0.7.3
  /nix/store/74lny4srxzckf5h9hr1lh4z7dkgxs9gj-toml_parser-1.0.4
  /nix/store/s041kgakx4v0fxqrvr3db8p6b4786nh2-toml_writer-1.0.4
  /nix/store/494s5jn4yvbmfynk3k6qmkvmlv3b5v2v-tpm2-tss-4.1.3
  /nix/store/g9ih8v8na511hzj8zbpdmfbmfqy99vfa-tremor-unstable-2018-03-16
  /nix/store/f5isrxzwrqf7gmg814627sadcfmml3ry-trippy-0.13.0
  /nix/store/hws84dh3wmpgpywz3a6xrvbwyd6k48dq-tsv-grammar-0.0.0+rev=f6bf6e3
  /nix/store/36jqjd4f6bgh77gxg7ks4flnn9msqmz8-ttf-parser-0.25.1
  /nix/store/76z31zxfsnq6pg3x7n84i1jwhal5v191-ttop-1.5.7
  /nix/store/bnfzbw719yy2w70ijd1k4xa36sa9mi66-tuifimanager-5.1.5
  /nix/store/jxhwsrr6fa62f8pljjp7gxhmskkyg3kn-tuptime-5.2.4
  /nix/store/rf2ib0n5dbddgbqzbbff0adkgnbpygk6-tuptime-5.2.4-man
  /nix/store/cpqncdyvdnsgzaksia4zjnlh47wnr0d0-turtle-grammar-0.0.0+rev=7f789ea
  /nix/store/l4l7kpl9f3d54dqn4b3djh160z9srxnk-twig-grammar-0.0.0+rev=7195ee5
  /nix/store/chpacyfj0sx2nn0d8qn1zkhr35cwxyf8-typescript-5.8.2
  /nix/store/7khm4sbfcpgaj465fcznmjk2vbam9lxp-typescript-grammar-0.0.0+rev=75b3874
  /nix/store/yf9shkzqwmnfljn2rppr18819jkxhcr2-typespec-grammar-0.0.0+rev=814c982
  /nix/store/j84bnip7h8ixq8p9xjw99539g9i8vd1c-typespeed-0.6.5
  /nix/store/c67a23rd7qjbz3nybm470m2jli4xj5hj-typioca-3.1.0
  /nix/store/z1ir3p817vcyq1jbmrgajkvwfib97iw9-typoscript-grammar-0.0.0+rev=5d8fde8
  /nix/store/2s4hpq73hn49jd84x976m3acp3rd3k1x-tzdata-2025b
  /nix/store/xmr6i5vh2anhpliiyr551jkxqc2v0i61-udev-grammar-0.0.0+rev=2fcb563
  /nix/store/iqwv6ar91fmaxpa3ni7sj3c04llbbhwj-udiskie-2.5.8
  /nix/store/1qcp4gysmiy7jg0lmzk83dhh6bvs7w95-udisks-2.10.2
  /nix/store/dlm40qa7b48smv4s2zxr45p8gfr9vf5v-udisks-2.10.2
  /nix/store/q8a8bw04p9g4033qxflg045f6306y60g-udisks-2.10.2-man
  /nix/store/k1y0zzd21fnz0p8ra4sh36fdc6340s0v-unbound-1.24.1-lib
  /nix/store/hxpy14abiq41j5mmjklx55ysb6hlnmyq-ungrammar-grammar-0.0.0+rev=debd26f
  /nix/store/v2h8a61pzlpl19sz8j0kb46d7pigk4r3-unicode-bidi-0.3.18
  /nix/store/jgmrfh7yqakfvj0r4hmxysr0jpci9isx-unicode-ident-1.0.22
  /nix/store/a2ma814hmpbf027n9lgxc5fhwzwnj2hg-unicode-properties-0.1.4
  /nix/store/n3ymm72h75511hs49anhi3nl7j1nfzh1-unifont-16.0.03
  /nix/store/f9x43aklag20bvp58nf05xk0h6rv7vjr-unison-grammar-0.0.0+rev=169e7f7
  /nix/store/2rigkcn6544b2hvq13nvqsjwwjdlf6mh-unzip-6.0
  /nix/store/f244pq7qm9ga22jpa4l0vca2ys4q7wh7-update-autotools-gnu-config-scripts-hook
  /nix/store/b7x6qf552jflismz50j9h41aqlzkcl7r-upower-1.90.10-dev
  /nix/store/i49qr6nkxfvp0h0j8pcz34jz525xnslv-upower-1.90.6
  /nix/store/q84czshqak04gb2k9n03qz5ibmcwzp02-upower-1.90.6-dev
  /nix/store/b7c3n963n9rd1fg9mjii7rpnbfkqyh6q-upscayl-2.15.0-extracted
  /nix/store/cpsk3c321dp1nd3a61k3byf90iq88hy0-upscayl-2.15.0-fhsenv-rootfs
  /nix/store/gjqp250nkqq498bz64nrrr6py992jkds-usd-grammar-0.0.0+rev=4e0875f
  /nix/store/db9jgix75fd6y9iai6discapx2cbqas5-utf8parse-0.2.2
  /nix/store/lbmf09mml4llrvna9isqmy08f2k73ghd-util-linux-2.41.1-bin
  /nix/store/2735x3ab0rd57f4y40vcw716vzmjlir4-util-linux-2.41.1-lib
  /nix/store/ibqxa73f7rprgdlvp8yfg0isprn61884-util-linux-2.41.1-login
  /nix/store/ig0n31lhwwv80fzv1gh62y26qlfq7brq-util-linux-2.41.1-mount
  /nix/store/98iswfapm96kpp32gjc9lvhbiaa034mw-util-linux-2.41.1-swap
  /nix/store/vviigq6ivqsvccdcqa8x6yjkjyha37mj-util-linux-minimal-2.41.1-bin
  /nix/store/18ks84vwka6v1ldjp0cnil98pyykr3a9-util-linux-minimal-2.41.1-lib
  /nix/store/xhll94m7ylb2v42xadrrrrlhrn798x0k-util-linux-minimal-2.41.1-login
  /nix/store/izqi1kbfayrajfvmsbsq5gb5qlrr65pa-util-linux-minimal-2.41.1-mount
  /nix/store/s1xwhyh16gnl7zcxmmdhjirkzwaxda3p-util-linux-minimal-2.41.1-swap
  /nix/store/s49p3hm7pd5vrnhqbl7dsnz5p8n575dz-uxntal-grammar-0.0.0+rev=ad9b638
  /nix/store/yymy76kq4w5fgg19w3rxpclypgfdqblg-v-grammar-0.0.0+rev=236d51b
  /nix/store/3zh78avx50cx6jdvsxplc4mwkyakn45b-v4l-utils-1.24.1
  /nix/store/5b7x563cywpah02b1z8nxspsfkh4kkz1-vala-grammar-0.0.0+rev=97e6db3
  /nix/store/r5ah6qkzgm6zq3bccbi2aykajhqrs7np-vento-grammar-0.0.0+rev=3b32474
  /nix/store/0ckx243i290h002klggjbcdi5pxch22l-version-compare-0.2.1
  /nix/store/l33sxnpc293qsgs57qbxsfzplpw456hj-version_check-0.9.5
  /nix/store/ajc6x2jyiihv8v07aqww75008p7h9bcj-vhdl-grammar-0.0.0+rev=0c25aa0
  /nix/store/5351h7hykj9kj66v1vz4qlszr9x83v14-vhs-grammar-0.0.0+rev=0c6fae9
  /nix/store/209g6g7cxhj83hrasw1ns5hmyxq6n01y-vid.stab-unstable-2022-05-30
  /nix/store/8hnpmz06b1kvg9h8b9hhk010mwvaiwpg-vimplugin-alpha-nvim-2025-10-28
  /nix/store/0iznz2xkzsr2kzdvw46yl1i9ac669xdp-vimplugin-bufferline.nvim-2025-01-14
  /nix/store/4k023wpjrwlbs1mfilnznbldrbczcgl1-vimplugin-cmp-buffer-2025-04-01
  /nix/store/hwrsylbx0pklx0ly8h6dajby0r3xhaxj-vimplugin-cmp-nvim-lsp-2025-11-13
  /nix/store/pcnihk18zy5nd2qxlv4qgisb9y3knjj9-vimplugin-cmp-path-2025-07-30
  /nix/store/f33m00af3ssssdl1iwqypapcjmhgqvy6-vimplugin-cmp_luasnip-2024-11-04
  /nix/store/082nqfpa94kckcgaij7gpn7k3r38jgq9-vimplugin-comment.nvim-2024-06-09
  /nix/store/ybkvc20lpb2nazijpm38sganr7yk6l7c-vimplugin-conform.nvim-2025-11-25
  /nix/store/0ry4mbz2fb51yd7dyx16zzk0xrvmd18f-vimplugin-diffview.nvim-2024-06-13
  /nix/store/aar33ixwpwcz78mhwl16kdvjsamyv6mq-vimplugin-friendly-snippets-2025-04-29
  /nix/store/w0r8ddqrnm620m5mhcfw011x8crilc5h-vimplugin-hop.nvim-2025-08-22
  /nix/store/yin0d1qqgiczvykb47jlim003x5yci3m-vimplugin-indent-blankline.nvim-2025-03-17
  /nix/store/51k2bl4lmv0pk4h0zbykb94fh9izd5fl-vimplugin-leap.nvim-2025-11-25
  /nix/store/w6ss89klrk5niyibbvjf68bf3xjxyw5g-vimplugin-lsp_signature.nvim-2025-11-23
  /nix/store/cmimm8zflq4avgcrgh17jishizrv2fnw-vimplugin-luajit2.1-gitsigns.nvim-scm-1-unstable-scm-1
  /nix/store/hjcv23l04zn8i1wygf9ryxdidsl6cx66-vimplugin-luajit2.1-lualine.nvim-scm-1-unstable-scm-1
  /nix/store/wdm7h6xshlwnabv4x4pd54siba62nchq-vimplugin-luajit2.1-luasnip-2.4.1-1-unstable-2.4.1-1
  /nix/store/fm1z02gbskkyqcskkgp7cxgxf332f8aq-vimplugin-luajit2.1-nui.nvim-0.4.0-1-unstable-0.4.0-1
  /nix/store/h4dj8cwixb1bqxa5m1aqimikjgpc68kq-vimplugin-luajit2.1-nvim-cmp-scm-1-unstable-scm-1
  /nix/store/p61ms7bjw0cpia3bf6b4q0bqgbyk4d34-vimplugin-luajit2.1-nvim-web-devicons-0.100-1-unstable-0.100-1
  /nix/store/5rijzrjxrwsfawb03j3p5dkxjmvzibxy-vimplugin-luajit2.1-plenary.nvim-scm-1-unstable-scm-1
  /nix/store/vvnsxk4q3hk4c0rfsxm7cxrnqy0r0ffc-vimplugin-luajit2.1-telescope.nvim-scm-1-unstable-scm-1
  /nix/store/iz8mvcrp4i3a5q4i21n1xrba7d2lrdd1-vimplugin-neo-tree.nvim-2025-11-19
  /nix/store/prlkizvxaby88wfsh4lx5iv0v0q8q4ff-vimplugin-noice.nvim-2025-11-03
  /nix/store/kljyf396l32n0rc1k5242ggv535xjgvc-vimplugin-nvim-autopairs-2025-10-12
  /nix/store/a8bxgby1rpll6bkxgzx9ca1afaq9k621-vimplugin-nvim-colorizer.lua-2025-11-02
  /nix/store/fdscv0vkhmnhqv6mr0v6mz3ycb9srbh3-vimplugin-nvim-lspconfig-2025-11-27
  /nix/store/kyqrn0m41dbhwx4i3pn12q6n09iagzwx-vimplugin-nvim-notify-2025-09-06
  /nix/store/j55bdm7fp1qh9sjxjqqlb7sc1v86rn4y-vimplugin-popup.nvim-2021-11-18
  /nix/store/yaan5bd6mxqg55m2vzvgzbawnc77wzgd-vimplugin-project.nvim-2025-11-29
  /nix/store/dqjn0b792zc3v5mam09xgdz45l9yjwh0-vimplugin-telescope-media-files.nvim-2023-02-19
  /nix/store/ln5idsg0qpzz6d5gnddm5g2ppwbx4j2k-vimplugin-toggleterm.nvim-2025-03-09
  /nix/store/crfpa168nkyxmk7q8l3v1bp0vip915fp-vimplugin-tokyonight.nvim-2025-11-05
  /nix/store/ns96jnnwmfr9s394bgdscfs29mjnlxac-vimplugin-treesitter-grammar-ada
  /nix/store/rg2na1prsr2p6mchh9n0ghhncn6wn81y-vimplugin-treesitter-grammar-agda
  /nix/store/n5w9c37h678bb4s8iac7wb29vjzn2y2w-vimplugin-treesitter-grammar-angular
  /nix/store/p69xx75ks5b0qjpfq5jgzmrxr84qacz0-vimplugin-treesitter-grammar-apex
  /nix/store/i5sw9qkxix3i9kmn2v6cmn3fba14rkc9-vimplugin-treesitter-grammar-arduino
  /nix/store/jqlv281mnslgb65h1acva7ywcx1jkmxw-vimplugin-treesitter-grammar-asm
  /nix/store/hrqrnm590n85z9m7j7yw39bfy6y29rj9-vimplugin-treesitter-grammar-astro
  /nix/store/rkdnnvn65ixblsk11h4azp2056hd30vs-vimplugin-treesitter-grammar-authzed
  /nix/store/bzyl5f125kmppph1ryj9s47hpimygsrp-vimplugin-treesitter-grammar-awk
  /nix/store/j0m3mdvj3v1zh54v1553almy1lq8anhh-vimplugin-treesitter-grammar-bass
  /nix/store/cmng4za4k4iw8q1mralv027qn6xpi48f-vimplugin-treesitter-grammar-beancount
  /nix/store/1mygs8cal12zdwqqnn8ww7ax52cjw15s-vimplugin-treesitter-grammar-bibtex
  /nix/store/90m4cjfp6nvzik8yv1capj0j058ymdkh-vimplugin-treesitter-grammar-bicep
  /nix/store/ncb4f4h6z6xim3psydhdxxw91yq29van-vimplugin-treesitter-grammar-bitbake
  /nix/store/rf0a07hgbqdn7q2cxlmr7kxps4j839vx-vimplugin-treesitter-grammar-blade
  /nix/store/hz6wchqabdnqjzbkwmj9s9pbn3gsn2xb-vimplugin-treesitter-grammar-blueprint
  /nix/store/2vcmlgjxf1k7ag0hl1nzhpbhyw7mif9s-vimplugin-treesitter-grammar-bp
  /nix/store/8p0ahr73f8rw1d82p221hc941ydrb565-vimplugin-treesitter-grammar-brightscript
  /nix/store/kc06cpprm9gya10xj4fr7pni0vb6qh0q-vimplugin-treesitter-grammar-c3
  /nix/store/gzi6cjs9p716haxhb8nplfqsbl2ysa3i-vimplugin-treesitter-grammar-c_sharp
  /nix/store/p79nqr6wbcx2x86r813g3nlzjdv96z5n-vimplugin-treesitter-grammar-caddy
  /nix/store/8w6vsg7l5b3zz0xpd4lfj0mzmgpk3rrl-vimplugin-treesitter-grammar-cairo
  /nix/store/5da787ciy9v9naz30a7ail31j76wymkd-vimplugin-treesitter-grammar-capnp
  /nix/store/fpx52w2pfz6rpg5yjd3vwchjsbjig7nh-vimplugin-treesitter-grammar-chatito
  /nix/store/ll774la7sx9179m5q4p6mjinzghyshny-vimplugin-treesitter-grammar-circom
  /nix/store/2m2zky3mcykly9ahk2z6zil2sgcml64l-vimplugin-treesitter-grammar-clojure
  /nix/store/ijyvhrlqaaggnnka0fhzsphza7q088qk-vimplugin-treesitter-grammar-cmake
  /nix/store/fknzaiavzmdw0zikix5x35zkcr0wn9zh-vimplugin-treesitter-grammar-comment
  /nix/store/wv2wkk79dfncbh89v64y06yq9lj7936s-vimplugin-treesitter-grammar-commonlisp
  /nix/store/yzady831j7m54ch7wlj7cwm8isw7323q-vimplugin-treesitter-grammar-cooklang
  /nix/store/r0xw17qag218jqicy3a57j7ywzj4sqz9-vimplugin-treesitter-grammar-corn
  /nix/store/7hmr7y9wbf478k5l9s2sc8fqrl1m1nvz-vimplugin-treesitter-grammar-cpon
  /nix/store/swsk83fd664mpjfbnjin8jdjqfqaqjvx-vimplugin-treesitter-grammar-csv
  /nix/store/ddkrbhr56a4cj526cpy023hx56lfc1hk-vimplugin-treesitter-grammar-cuda
  /nix/store/4d6pa2dkai5gs3y9nniaz1smdg6wi3lg-vimplugin-treesitter-grammar-cue
  /nix/store/r3gqjjn8jilww8439vv9f1v2icia17f2-vimplugin-treesitter-grammar-cylc
  /nix/store/szwk1pv341w76b3jy7rb7jyfpkgy99ml-vimplugin-treesitter-grammar-d
  /nix/store/qlm62qnswqb2bn3l0q97dkvxdlzdfy9s-vimplugin-treesitter-grammar-dart
  /nix/store/zpiia1jbrsyzskzj4jrbsz61g1sn3058-vimplugin-treesitter-grammar-desktop
  /nix/store/aw95wv43p0qfrfr3bgczkl011dx1x3mx-vimplugin-treesitter-grammar-devicetree
  /nix/store/ng2n1xngl3gj8nxb98lnhba00n4xdvhh-vimplugin-treesitter-grammar-dhall
  /nix/store/ijiir2ak46r562hryx5axjvmycc6jn5p-vimplugin-treesitter-grammar-diff
  /nix/store/x5ipgnc3ayjm3w7lmmggj15r59gkamya-vimplugin-treesitter-grammar-disassembly
  /nix/store/fa537l45v9pcnnrkjjxlv8kyb546cwkf-vimplugin-treesitter-grammar-djot
  /nix/store/g27yzqzq4ykcim6x5vnshi4g3f484pas-vimplugin-treesitter-grammar-dockerfile
  /nix/store/9yrih77k8js5vzz0qzan9rybky75p516-vimplugin-treesitter-grammar-dot
  /nix/store/knngn0lh95y12imr0d0hda94dl3v8zkg-vimplugin-treesitter-grammar-doxygen
  /nix/store/h8q76lxi2a226pkn1xpnv670ai7mwff0-vimplugin-treesitter-grammar-dtd
  /nix/store/5c4igxj79p8csymxl938wbayzqbpml7j-vimplugin-treesitter-grammar-earthfile
  /nix/store/ymw17jgd52z3y24yrc7ccdaqb2y515q6-vimplugin-treesitter-grammar-ebnf
  /nix/store/ngc9xp21skr1191hc7s2zl7qz57jvxvj-vimplugin-treesitter-grammar-editorconfig
  /nix/store/r6zxqnrf8swbriqcrl5bl90m2axlxz38-vimplugin-treesitter-grammar-eds
  /nix/store/b397l7pm2xrvpp01d7sd5gvl20rck99q-vimplugin-treesitter-grammar-eex
  /nix/store/qmq89sr030icw7mim9mv09dz34kniwxl-vimplugin-treesitter-grammar-elixir
  /nix/store/q38fvangvacgvag5ff084gzw5z1ys23h-vimplugin-treesitter-grammar-elm
  /nix/store/l3mxgsvn8crdnihm2k3h478hy8gkfcw9-vimplugin-treesitter-grammar-elsa
  /nix/store/kx52dg6dbpfh2xz73gw87y04glkwlzmk-vimplugin-treesitter-grammar-elvish
  /nix/store/wrly2kl8w8mbvdbbxmw4snh5mphizrmy-vimplugin-treesitter-grammar-embedded_template
  /nix/store/zy7zyyib2yrxscfynm5i6xnnggy61kjb-vimplugin-treesitter-grammar-enforce
  /nix/store/2v8njgy1pbibjmfwxabg7w0mxs4hwwk3-vimplugin-treesitter-grammar-erlang
  /nix/store/d4ig3d4iclyl9dl4ky3wnj91hzm9rks4-vimplugin-treesitter-grammar-facility
  /nix/store/vif42qjggg4j84zi10azk84gyraswc7v-vimplugin-treesitter-grammar-faust
  /nix/store/3bklyd3z8bq54310qkz9hcsfiiz0iwj7-vimplugin-treesitter-grammar-fennel
  /nix/store/97y1lar6fssbicckw3y0h6dxjs1kxfh3-vimplugin-treesitter-grammar-fidl
  /nix/store/7bvlcg7blx0l4ls9qgy315wp2jc527nn-vimplugin-treesitter-grammar-firrtl
  /nix/store/w57hvs1wfhviv7r9hj0ia9nxwng2za3n-vimplugin-treesitter-grammar-fish
  /nix/store/xd9776wb0l545mz2s2mgjh2ww040gwbq-vimplugin-treesitter-grammar-foam
  /nix/store/l6x9q8x31cn8p82xzsrw74dmz1lw0zhb-vimplugin-treesitter-grammar-forth
  /nix/store/bg8ai7afw83lrryci12d8b0wnd2jfgyc-vimplugin-treesitter-grammar-fortran
  /nix/store/s3ar35zf7rgbs3ds8g2xbp5d0has1d7b-vimplugin-treesitter-grammar-fsh
  /nix/store/hg8rpsqsc8qplnillrlpxxsgdrlgxrwy-vimplugin-treesitter-grammar-fsharp
  /nix/store/vp4ljxccq5kchcv8nbj155b6as62g3iw-vimplugin-treesitter-grammar-func
  /nix/store/wybjfdrfv3z500jqkrb055snsm9dig21-vimplugin-treesitter-grammar-fusion
  /nix/store/34fy75kxppvh67p7agkxqrmivrfjrp0d-vimplugin-treesitter-grammar-gap
  /nix/store/gkk78bmqd5k3wr689nzlzhsywpsh8fph-vimplugin-treesitter-grammar-gaptst
  /nix/store/2vlp2470y521iz6h8xl7a5g2d51gc84h-vimplugin-treesitter-grammar-gdscript
  /nix/store/afhhcm4nfj78v7v9r5rmxm3pfzvac45w-vimplugin-treesitter-grammar-gdshader
  /nix/store/bz2zphkzcbcvh97a58d6127zaz1z7y0k-vimplugin-treesitter-grammar-git_config
  /nix/store/cx0dmy2lh0hf30qsi686dvvwv5sqdxf4-vimplugin-treesitter-grammar-git_rebase
  /nix/store/w3yk291qb6waqziv4f08jk1pca3mfl07-vimplugin-treesitter-grammar-gitattributes
  /nix/store/lhlasi35qi8f46ilv9259mqanpxxva9g-vimplugin-treesitter-grammar-gitcommit
  /nix/store/2i9nm1dr9ilfq7qcsywfnwvjhb5i8smx-vimplugin-treesitter-grammar-gitignore
  /nix/store/qlgln2gzagp2hdk1f2x0dzk0k7dnlhk4-vimplugin-treesitter-grammar-gleam
  /nix/store/s3n1hhpad379kp6xmalxx54nsqzvxb6j-vimplugin-treesitter-grammar-glimmer
  /nix/store/yay4m1sllb7pmxabh7pgkcar39mjl9r2-vimplugin-treesitter-grammar-glimmer_javascript
  /nix/store/1z8czvwi4yvh5aawsmdaa8r3inl1w0fl-vimplugin-treesitter-grammar-glimmer_typescript
  /nix/store/ydsj6lki1gs5lfl9fvia78ljr4g8qh54-vimplugin-treesitter-grammar-glsl
  /nix/store/563jfvv98lzn4bvjqdvj4gmzwskxzkgm-vimplugin-treesitter-grammar-gn
  /nix/store/mw6826bx9amzkpcg6j40lsk0ry5w3nkj-vimplugin-treesitter-grammar-gnuplot
  /nix/store/ax3q6c73yb2yqiyid0zl4wbjbhq68dzx-vimplugin-treesitter-grammar-go
  /nix/store/yy4kmd9spp3zrdwdvg13xj6i9gbn4aa8-vimplugin-treesitter-grammar-goctl
  /nix/store/c0596q23fkga6zhxkvm7l0lm3smm54hg-vimplugin-treesitter-grammar-godot_resource
  /nix/store/i01ryhqzpf98z5w9jlhjcsyycndxy6pr-vimplugin-treesitter-grammar-gomod
  /nix/store/k6dgvzp6zzncya0dkn1zxl4w3a4m7lsg-vimplugin-treesitter-grammar-gosum
  /nix/store/6ycji3k8p5xkcy2g30n7i9gmbpndrppl-vimplugin-treesitter-grammar-gotmpl
  /nix/store/5flg0k17z6b8qf79jkx2lkqaf0q555z0-vimplugin-treesitter-grammar-gowork
  /nix/store/cwfgbwyzrnj5crs13ys4y1fy0p8h2gw3-vimplugin-treesitter-grammar-gpg
  /nix/store/vqq1zzhz7z4jjvvyfm42nw8pmxv8m3fw-vimplugin-treesitter-grammar-graphql
  /nix/store/ipr6rsxxhidpwnh8x5y1spmj58hwgfgc-vimplugin-treesitter-grammar-gren
  /nix/store/ypdjfappa4i8x4jwk312mj4rwb3rp85a-vimplugin-treesitter-grammar-groovy
  /nix/store/h3c010vwb5jnxrkw16qra5qqg3n7cys6-vimplugin-treesitter-grammar-groq
  /nix/store/lgqf7llp7bgvzwnrbjyzd68brr2j7z8j-vimplugin-treesitter-grammar-gstlaunch
  /nix/store/6kxjzpr9y025w9f87xll2irv0z56c033-vimplugin-treesitter-grammar-hack
  /nix/store/1zs90zsgasv0y4fl2c7b72fgvmx738qg-vimplugin-treesitter-grammar-hare
  /nix/store/s31iiwspv52pcjcsfq48lyz1raggd03s-vimplugin-treesitter-grammar-haskell
  /nix/store/w53ajrfvnirzi6vly5k7fb9v2ag9wkxp-vimplugin-treesitter-grammar-haskell_persistent
  /nix/store/k5cj9jajmh7za3fg4shnbynk6ymhdjc0-vimplugin-treesitter-grammar-hcl
  /nix/store/pwp4hr5aws0q56s3k5qkv8iwl3hnj4v9-vimplugin-treesitter-grammar-heex
  /nix/store/s1lxs5hz0jng8dnlq43a5d999bd2i4kx-vimplugin-treesitter-grammar-helm
  /nix/store/n0w5ggpmj1fm0gii4c95w24ik4r881ny-vimplugin-treesitter-grammar-hjson
  /nix/store/q8bdg94kw05x0zsgbdm1ncvkfxwklymz-vimplugin-treesitter-grammar-hlsl
  /nix/store/9sjffydnnlrhlq0h1ih70zwk4x8yahk4-vimplugin-treesitter-grammar-hlsplaylist
  /nix/store/bn7ax9ikp38g16bgi49yfhgwfy7j5f58-vimplugin-treesitter-grammar-hocon
  /nix/store/3919dab89w8zacsvd0mjj3z46kb7vqn1-vimplugin-treesitter-grammar-hoon
  /nix/store/g1wgg5hghf9h9fy09mp0hjd3jvigd3bs-vimplugin-treesitter-grammar-htmldjango
  /nix/store/c2p9lp8cx8z2wjrxmrhjil06r5sgvvrb-vimplugin-treesitter-grammar-http
  /nix/store/mwm2r9kl1xpb93bq64zq4sg2jsbs1ns3-vimplugin-treesitter-grammar-hurl
  /nix/store/igk9c2wgvn7wwh563gyz2ag5gp3csxrc-vimplugin-treesitter-grammar-hyprlang
  /nix/store/1is4nldvgry1ndf8y5fgjfqn2i1ygl8k-vimplugin-treesitter-grammar-idl
  /nix/store/818ksi7q5p3yffb17ffg8sw8i8ssgyrd-vimplugin-treesitter-grammar-idris
  /nix/store/cqd7lrlr11pj5nwkg16pxfla2q2ppv2r-vimplugin-treesitter-grammar-ini
  /nix/store/l741crhyzva80n48yr60r04qzmnq14ns-vimplugin-treesitter-grammar-inko
  /nix/store/yaimfzq1ahfxdpw0gvc5wmx7d0s78j0j-vimplugin-treesitter-grammar-ispc
  /nix/store/c24zvgppi550fgwya7xdzbr5jdvg8bpf-vimplugin-treesitter-grammar-janet_simple
  /nix/store/plm282npq8kzs6glagls9f3rxrk1rlnl-vimplugin-treesitter-grammar-java
  /nix/store/r3qdnw1fqk6fzmww9701qp839y533y1l-vimplugin-treesitter-grammar-javadoc
  /nix/store/717qfvbqi404qxzg50naraqwmh7d7dd1-vimplugin-treesitter-grammar-jinja
  /nix/store/b3iw3b576l2fvnp8iayckgi1mzw60am4-vimplugin-treesitter-grammar-jinja_inline
  /nix/store/jw8i85ai7i2arqjvb32plghz8jmh3cc6-vimplugin-treesitter-grammar-jq
  /nix/store/hb032mvsdkrjci8009dp5adwlriwy401-vimplugin-treesitter-grammar-jsdoc
  /nix/store/jdl6n5646k4kiqh7samx37dsn31b31q6-vimplugin-treesitter-grammar-json
  /nix/store/vlpppcacrm2vz4gyk8gir09r20hsg2id-vimplugin-treesitter-grammar-json5
  /nix/store/1xfa8aqdfngqx5pq0i9l7ch0kvh2qrmp-vimplugin-treesitter-grammar-jsonc
  /nix/store/3mb382v9mjgqr1la2x6f3mmskdsnxxdp-vimplugin-treesitter-grammar-jsonnet
  /nix/store/ys6wvz7y965lsrmxw7war2x9lc84nf1b-vimplugin-treesitter-grammar-julia
  /nix/store/lzmxfz6l9rap3f4ihskq93pv2fm38msi-vimplugin-treesitter-grammar-just
  /nix/store/g0gv6wifza4c72wrfk01zmwnpily2hwz-vimplugin-treesitter-grammar-kcl
  /nix/store/g25z7dzc7690s99r0xp8qrwwb0l75964-vimplugin-treesitter-grammar-kconfig
  /nix/store/6h8bvq2f8y8v3bkanx3pkq41nav0hpag-vimplugin-treesitter-grammar-kdl
  /nix/store/4hz6w13qrnldj53rvj5knjnz1qbg3ifn-vimplugin-treesitter-grammar-kitty
  /nix/store/n0dpwwxry2chs0fhnlkjll0khafd06gf-vimplugin-treesitter-grammar-kotlin
  /nix/store/8yz3b4jyvgjcs9gfknccd8i8h03cg55p-vimplugin-treesitter-grammar-koto
  /nix/store/0ilbwk0wxsvr6mk9346kg8g2a4gjb0kq-vimplugin-treesitter-grammar-kusto
  /nix/store/b8448ljn1wwdyn8w2vlargnhq700h96i-vimplugin-treesitter-grammar-lalrpop
  /nix/store/srmfb6j2l19zbnnph7mbixxl3b5ixk7d-vimplugin-treesitter-grammar-latex
  /nix/store/l4xlgrlpfnc964844iw92gdbn2dadm8m-vimplugin-treesitter-grammar-ledger
  /nix/store/g4k3c1liwvfscigl9m449cxjkp55d6d3-vimplugin-treesitter-grammar-leo
  /nix/store/mm16idcjq42jh423jw6q8dpwijnbq2p2-vimplugin-treesitter-grammar-linkerscript
  /nix/store/5pnaapygzs4lgn3iqx2x48wha8kwqdab-vimplugin-treesitter-grammar-liquid
  /nix/store/3dn897j2xnpi9d6v6ax1wl6a4ip4g10z-vimplugin-treesitter-grammar-liquidsoap
  /nix/store/dkjbhdr6ssr1h2srljsjni0q1sckhnnh-vimplugin-treesitter-grammar-llvm
  /nix/store/4mkxzmq6yxbkc4rvw10wik5w1h21f11i-vimplugin-treesitter-grammar-luadoc
  /nix/store/rs39d00lnbnqpn8max5dqn44qdvhb4lp-vimplugin-treesitter-grammar-luap
  /nix/store/ipgxw2rswblsvk4r9cqz92az6pmvpfvb-vimplugin-treesitter-grammar-luau
  /nix/store/zw32yzdww7pw6mphz8p82lfsw08b0d58-vimplugin-treesitter-grammar-m68k
  /nix/store/kbh0nsx5plkgdd35n9rws7hr2g6irc9j-vimplugin-treesitter-grammar-make
  /nix/store/40ra8mc3zyxgdc9qvr2rywls4ysw0cnn-vimplugin-treesitter-grammar-matlab
  /nix/store/2b11lbm9p3ppqbqg1rzzah945502hb0a-vimplugin-treesitter-grammar-menhir
  /nix/store/5r4vsskq4vrpp1v97pn2pjmyjnck6qfm-vimplugin-treesitter-grammar-mermaid
  /nix/store/r1hs6zwh6p1msc50grr5s5380l0w34rz-vimplugin-treesitter-grammar-meson
  /nix/store/1agcf9n86r5d489csykq21aas3854fp4-vimplugin-treesitter-grammar-mlir
  /nix/store/mvvcyrygazcv348rbk6500sn0lcph7zp-vimplugin-treesitter-grammar-muttrc
  /nix/store/mh0vdyw046dn1f0512jw42q8ajq9bks2-vimplugin-treesitter-grammar-nasm
  /nix/store/07vbksypg9bgv02vxy7m368dyq7nl7ar-vimplugin-treesitter-grammar-nginx
  /nix/store/r3883xm33f9fh6faywzwqqs0yfj6pdfa-vimplugin-treesitter-grammar-nickel
  /nix/store/6lp6pi0vgq612ldhw54vpryrng7a9x7r-vimplugin-treesitter-grammar-nim
  /nix/store/ff9qig2f8zrcsrk76ncyqbqc0v74860x-vimplugin-treesitter-grammar-nim_format_string
  /nix/store/wg7dghbfmn3ybgk7ixsvafmbnjiga7xp-vimplugin-treesitter-grammar-ninja
  /nix/store/fwaqgjfiyaf5q1vslj9gkb3f4psn9b5r-vimplugin-treesitter-grammar-nqc
  /nix/store/3idq4ah3cqv07qq24g1048fkbjncwjjf-vimplugin-treesitter-grammar-nu
  /nix/store/m01wwa0gh32bqwqssczlc9mpzjz1cpdf-vimplugin-treesitter-grammar-objc
  /nix/store/45ky33vdx3rqby6v5qmdyrfn21hflxzy-vimplugin-treesitter-grammar-objdump
  /nix/store/0dmklh8lm0r70shr9vb1fssb49lxfph4-vimplugin-treesitter-grammar-ocaml
  /nix/store/p67rx591d3chynb5vlw8808b4z5axgcz-vimplugin-treesitter-grammar-ocaml_interface
  /nix/store/8hggpw1kcd7pgkxkdl21mr0vdbdirbzn-vimplugin-treesitter-grammar-ocamllex
  /nix/store/jp93x32z9x8iafxlf183119rv6k7vbki-vimplugin-treesitter-grammar-odin
  /nix/store/0qj74z1vfj1xzaaniqm7lgqvsimnnmpa-vimplugin-treesitter-grammar-pascal
  /nix/store/p2ky6p7113vl0hnwrw0wzfaxkh08xrgc-vimplugin-treesitter-grammar-passwd
  /nix/store/mwr12zh0vrglp8g5lcyslghaz2zwb300-vimplugin-treesitter-grammar-pem
  /nix/store/4l9dpimix6b9k1jvb3zcpmh6l0njxblc-vimplugin-treesitter-grammar-perl
  /nix/store/ymfsi1z1dk2fq70cp0yfzb8azrxhvpii-vimplugin-treesitter-grammar-php
  /nix/store/05hb3zbjl1r4f7b2c9b6qzasrylrxbbd-vimplugin-treesitter-grammar-php_only
  /nix/store/g98d2j4cz55fmjp9c0b0zzmmzal00lib-vimplugin-treesitter-grammar-phpdoc
  /nix/store/5c8xcx0a0gwaqd4r795lfbfhhg3zgrc4-vimplugin-treesitter-grammar-pioasm
  /nix/store/h33482ysf5jrqmkmbncs3vhaj482zsgm-vimplugin-treesitter-grammar-pkl
  /nix/store/gxlvqy3kn90b73hdg7v3syxgwj1lzca7-vimplugin-treesitter-grammar-po
  /nix/store/ksnfrpz3g514gbkp8injm0g8x5smigdk-vimplugin-treesitter-grammar-pod
  /nix/store/w99fy9k19rrb9s1p0kz8z9v2bfhbf58x-vimplugin-treesitter-grammar-poe_filter
  /nix/store/144k4gh8ia8j7ad3b4qx671hgcci42r5-vimplugin-treesitter-grammar-pony
  /nix/store/qd35mgqad3jc159jd5v1h6wr2ih66ka0-vimplugin-treesitter-grammar-powershell
  /nix/store/15zj86rhd404nlzvgifm7wrxrqp4bp7j-vimplugin-treesitter-grammar-printf
  /nix/store/yb21p2m3qyd37i6qdxmvz6ll12l52yb0-vimplugin-treesitter-grammar-prisma
  /nix/store/7m9q8vhdb5gss1425f2ws0zhj2fg8nli-vimplugin-treesitter-grammar-problog
  /nix/store/0v89677bvz2wqf79rm3jss0gz5spjib3-vimplugin-treesitter-grammar-prolog
  /nix/store/i636dhpqar96xfpa344acz55614hq5wd-vimplugin-treesitter-grammar-promql
  /nix/store/1a90m0ych93j4b4crr8i42zshby083cd-vimplugin-treesitter-grammar-properties
  /nix/store/laviwm28f19h7mhz8v09dfqif0sircvs-vimplugin-treesitter-grammar-proto
  /nix/store/mbjjvbbg1cibfgsalm8mcfs78hyx4f26-vimplugin-treesitter-grammar-prql
  /nix/store/xpm3jkzg6ibjjzza4lgx0igfwhfq9mhh-vimplugin-treesitter-grammar-psv
  /nix/store/2l41hc840ci4sg6fbhsdw1rbdkvljg5m-vimplugin-treesitter-grammar-pug
  /nix/store/cnb5yy66spyhjhgdbiki9z8si6dy4zmr-vimplugin-treesitter-grammar-puppet
  /nix/store/ch0icl5p7gdqn4yzjppbzbsdhj787cc1-vimplugin-treesitter-grammar-purescript
  /nix/store/nmmikzxgs69w9c7bsyqmakd8zkr7z7l3-vimplugin-treesitter-grammar-pymanifest
  /nix/store/nma4axq89nbvx5laldvm28zk7nqs6zk3-vimplugin-treesitter-grammar-ql
  /nix/store/n7mqgibwlbkrvffsl8lfcwn2zjbcfmh7-vimplugin-treesitter-grammar-qmldir
  /nix/store/kxsz0i6lkddf7qr4hs1sbxi8h3fjd3gn-vimplugin-treesitter-grammar-qmljs
  /nix/store/jzqfmlacssq2fysi0598cmc6nfx1c4h4-vimplugin-treesitter-grammar-r
  /nix/store/dbmix868pkpv4xwwql3f2dwqzf8nhwyl-vimplugin-treesitter-grammar-racket
  /nix/store/hkjdqhf65mlccxjxb35n91ndc398px33-vimplugin-treesitter-grammar-ralph
  /nix/store/c70nv1jx9kikc7a73yqdflnhd1dpl7vs-vimplugin-treesitter-grammar-rasi
  /nix/store/mhrlp7wpp08fyp606czl5jvlrdvz20cw-vimplugin-treesitter-grammar-razor
  /nix/store/i04zdpaj7phpvnhyr0nffdp2k2pd8inq-vimplugin-treesitter-grammar-rbs
  /nix/store/licx9nk2vqlqg6vlf2bv69h0xb7hzxn2-vimplugin-treesitter-grammar-re2c
  /nix/store/9m6ibmh795pw0ri4yqbqyc3y5m40b8lx-vimplugin-treesitter-grammar-readline
  /nix/store/68x6kr2iyp085rmwnbpacnk25i6zrsyv-vimplugin-treesitter-grammar-rego
  /nix/store/fr2hrwmv2brdzfcr6izjhxj7ks51ckmh-vimplugin-treesitter-grammar-requirements
  /nix/store/33zz1m3716xi7gjx0s5639ssilv52xg7-vimplugin-treesitter-grammar-rescript
  /nix/store/v5rhi93447l6apgr3b4s3wvmfbcqw7w6-vimplugin-treesitter-grammar-rifleconf
  /nix/store/lz3vp132idhh27j8glfgvx3cr96w954s-vimplugin-treesitter-grammar-rnoweb
  /nix/store/mxskaibcs0v2x8qfsp9s4j6x5iblmdyp-vimplugin-treesitter-grammar-robot
  /nix/store/fq061gdcs24977k38raa3kazp67gi3iz-vimplugin-treesitter-grammar-robots
  /nix/store/f05lnjdi57iwpz68izczq651pkvi3im9-vimplugin-treesitter-grammar-roc
  /nix/store/rcs4y3qgy9829w75m1jljr43sp6819v1-vimplugin-treesitter-grammar-ron
  /nix/store/ya6l01hgr4j9b98vcy850d0wvbmvjdmh-vimplugin-treesitter-grammar-rst
  /nix/store/6xb8hkrxhgcapk6g4x62frym8gc4q6fz-vimplugin-treesitter-grammar-ruby
  /nix/store/iymhkmi9vzjyy0h2ygar13wrdzjdd2a4-vimplugin-treesitter-grammar-runescript
  /nix/store/63xgn5nhg2dikxh7dhj31cv5lg6hnxz9-vimplugin-treesitter-grammar-rust
  /nix/store/04kmgbd3rcrrxfnkdqmi394820xj97l6-vimplugin-treesitter-grammar-scala
  /nix/store/spksfqzaznc3hhmphggcn3qfh6q9xmv1-vimplugin-treesitter-grammar-scfg
  /nix/store/npqrjsbqw7nwbsxm38b6nps7psic1v1r-vimplugin-treesitter-grammar-scheme
  /nix/store/v0h75av0pp7zfn4wfmhp9swfmziwbb6c-vimplugin-treesitter-grammar-scss
  /nix/store/0cahph8f9rcfq32kjfbw49qbzch57xck-vimplugin-treesitter-grammar-sflog
  /nix/store/7gb7pzdicp7briwx4lkhkzdzimfgwqax-vimplugin-treesitter-grammar-slang
  /nix/store/29f29vprsxv0pcnil885p3p2nqa0ln1i-vimplugin-treesitter-grammar-slim
  /nix/store/nvj68zdiibzys482f7hqdwfsq6fz41rm-vimplugin-treesitter-grammar-slint
  /nix/store/jrc7w73lqxixcmczh9p7zf9b6lsx8csg-vimplugin-treesitter-grammar-smali
  /nix/store/5333x9xblvhd604m38fram92ln9gjklk-vimplugin-treesitter-grammar-smithy
  /nix/store/0928z0fn68yxalpd35nysf4nv077waaw-vimplugin-treesitter-grammar-snakemake
  /nix/store/yj4fphv67zlh67hcjr8qgswanxyjm3ik-vimplugin-treesitter-grammar-snl
  /nix/store/j71wy2j0g3lg3phnknj2pp6izs811vzx-vimplugin-treesitter-grammar-solidity
  /nix/store/1648zd2fil1kk83qd2ky5vrwmn4aj7nj-vimplugin-treesitter-grammar-soql
  /nix/store/93mr9z7vhr7mwrcmmzrcq2i3g2s8d812-vimplugin-treesitter-grammar-sosl
  /nix/store/dw0nzaiqmcz35aw44fbcyjlca7jpfgj3-vimplugin-treesitter-grammar-sourcepawn
  /nix/store/6hzgdm4cf5khix1lh2bl8h7z5di986dn-vimplugin-treesitter-grammar-sparql
  /nix/store/s90z77gx9if02piq3bxmjx6k7bnbd3as-vimplugin-treesitter-grammar-sproto
  /nix/store/irngiqcvzn5364s9cldk8g73w07z2qs2-vimplugin-treesitter-grammar-sql
  /nix/store/4bk0j3qhm95qd76dp1qj8j8pkk6mb8ji-vimplugin-treesitter-grammar-squirrel
  /nix/store/z24wvry39kc50qkpxp0rxrniqyi4wvmj-vimplugin-treesitter-grammar-ssh_config
  /nix/store/lp0q8k8lfgvbf4ihanfq92pzmahckvxj-vimplugin-treesitter-grammar-starlark
  /nix/store/l0fs36pmb07yyrjxxkdaqh6vpczc7pjz-vimplugin-treesitter-grammar-strace
  /nix/store/4zympz23nagf4mgjyny5hdj7p6rv58rc-vimplugin-treesitter-grammar-styled
  /nix/store/g1mr21vx5v44ksv3jrhdffpg9qjwz1n3-vimplugin-treesitter-grammar-supercollider
  /nix/store/b6nzfxldax1918kh5dlp9y3czmnd0570-vimplugin-treesitter-grammar-superhtml
  /nix/store/hnjimx78rfxcfk08wlih3rrcilnikr75-vimplugin-treesitter-grammar-surface
  /nix/store/ys1bxhx0qpyc71lymqdmxpi890sp4prv-vimplugin-treesitter-grammar-svelte
  /nix/store/f06wqrnkyi9jls247vjm0w4q2sq12c0p-vimplugin-treesitter-grammar-sway
  /nix/store/dzaxpmh6rsy2vvgli74kfpp388adcqmb-vimplugin-treesitter-grammar-swift
  /nix/store/j6xd530lq56b4grnrqsrkmqq1891crc5-vimplugin-treesitter-grammar-sxhkdrc
  /nix/store/72qqg8d9vmf4klms8wd0qdndz9p44jn3-vimplugin-treesitter-grammar-systemtap
  /nix/store/7nra5bvbhr0r6zc4r44j9syal2yl60db-vimplugin-treesitter-grammar-systemverilog
  /nix/store/ycw1hhnh49l9kkr75jf9hf77zaxq74gd-vimplugin-treesitter-grammar-t32
  /nix/store/s70l5j05xl64gm9203cqkcpyh51qs53h-vimplugin-treesitter-grammar-tablegen
  /nix/store/xqnavwayk7bk4xg9allasgahzc1ybrwn-vimplugin-treesitter-grammar-tact
  /nix/store/cyg4qwjn2f7a41sq17kphbzbbkpszj76-vimplugin-treesitter-grammar-tcl
  /nix/store/dafamp7xdss5k6v611ww1w192bidrhf8-vimplugin-treesitter-grammar-teal
  /nix/store/iq586wiy31z8rnnm95h37zmkgl9xhldq-vimplugin-treesitter-grammar-templ
  /nix/store/ybnb02kx4vwiix7xiir98fciwvfsqf7a-vimplugin-treesitter-grammar-tera
  /nix/store/vmnymv3bcd5kgnrx3y7il7sihhb8hjy3-vimplugin-treesitter-grammar-terraform
  /nix/store/dsy7yyfmljqrrz6knswqf2iv3kxnkr4m-vimplugin-treesitter-grammar-textproto
  /nix/store/6knzp07nq10c00dhg751x69iljpsmd4n-vimplugin-treesitter-grammar-thrift
  /nix/store/g1340rwj4cajqgsd1dzzbaxvl2ix1i0z-vimplugin-treesitter-grammar-tiger
  /nix/store/swrrmsn0nv4fclbhs9378c60dzmg1mzx-vimplugin-treesitter-grammar-tlaplus
  /nix/store/nas4rhkc5cn73ij35w2n37iklvjbwca0-vimplugin-treesitter-grammar-tmux
  /nix/store/1cxwwxcwbyfzc4j11lm60iriwx0aa8n6-vimplugin-treesitter-grammar-todotxt
  /nix/store/y5yskkcs3cffvxl2sqypjsadnzzdyqf3-vimplugin-treesitter-grammar-toml
  /nix/store/4hdr05nvx1nbmrbkwyi9rxq1lf4q34mw-vimplugin-treesitter-grammar-tsv
  /nix/store/i4disdn3zhwwvfxhw3yzz14aifbdjkaw-vimplugin-treesitter-grammar-turtle
  /nix/store/j6b1g75fjsh0jzk8ivj7g4zi921k28hn-vimplugin-treesitter-grammar-twig
  /nix/store/9a6j0nvad9842n6wgvs2yap7ds2in38h-vimplugin-treesitter-grammar-typescript
  /nix/store/qqj97a8h492a8jsb2lsf1imhc4acvfad-vimplugin-treesitter-grammar-typespec
  /nix/store/axbz5zx7qwwg2md3la8flavc89qmgils-vimplugin-treesitter-grammar-typoscript
  /nix/store/4y1dj66gbk2k5031l462mk2p90kzgbk7-vimplugin-treesitter-grammar-udev
  /nix/store/6jjzaiv8f1qpz2j29v2zy1a44w8fp3rr-vimplugin-treesitter-grammar-ungrammar
  /nix/store/4ilzrw3blvaz1x3a7473d764di35l63d-vimplugin-treesitter-grammar-unison
  /nix/store/9w8mcxxylcvgp85ki6h57qp9zk24kwql-vimplugin-treesitter-grammar-usd
  /nix/store/lfiqvjjwn9dkz4hiis8ymfs7p0fyl7vn-vimplugin-treesitter-grammar-uxntal
  /nix/store/qdga43z71q225k8iyarqshp6zfbfkyby-vimplugin-treesitter-grammar-v
  /nix/store/k9p51w7lb8shiivywr6yhb5lzc0im2x6-vimplugin-treesitter-grammar-vala
  /nix/store/z4j4xp104f3jc9igglvc3gfa949xyzri-vimplugin-treesitter-grammar-vento
  /nix/store/csdg4pqcg6bx3yb9l7kzspcqc5jd3zk6-vimplugin-treesitter-grammar-vhdl
  /nix/store/8sgq593jp8wqa6kahjbgi3k28fn8p98z-vimplugin-treesitter-grammar-vhs
  /nix/store/q1bs49pgivylj8p3ya43palrhafiy71y-vimplugin-treesitter-grammar-vrl
  /nix/store/y292rhjj1i22x48drpzzhd3xva38zh14-vimplugin-treesitter-grammar-vue
  /nix/store/c00f9bm32g4bbdqyjnfg5aidk2im57cz-vimplugin-treesitter-grammar-wgsl
  /nix/store/kks8abdy85ny5bvxr8blq7qzlh36ilb5-vimplugin-treesitter-grammar-wgsl_bevy
  /nix/store/lla309ci472zpa58skgs149gycfczkf9-vimplugin-treesitter-grammar-wing
  /nix/store/xspmnsy02g4mn5hslwlbw6v97s25r1jq-vimplugin-treesitter-grammar-wit
  /nix/store/z5fyaabjbdrjrqgk10dmg7nm7ang2hm8-vimplugin-treesitter-grammar-wxml
  /nix/store/qcb29ss8qkp4myzj3358chngm1p4mzsp-vimplugin-treesitter-grammar-xcompose
  /nix/store/zf8zd7jd26kcwrpyhv9079r05vwgm5hf-vimplugin-treesitter-grammar-xml
  /nix/store/1kqkxqjdslwdjhl1a77bvpdbp2wzkiqi-vimplugin-treesitter-grammar-xresources
  /nix/store/dpsnslmyckndnqnw80qcn8nh3yg34ndd-vimplugin-treesitter-grammar-yaml
  /nix/store/34dgw534hli7lnf0x1jy91r9xhl7c0lr-vimplugin-treesitter-grammar-yang
  /nix/store/jzgl7az9aq9wvc1flg8wr16cv83xzdb3-vimplugin-treesitter-grammar-yuck
  /nix/store/mi65rk18210f1xhwxlvsyrff34bv3ijr-vimplugin-treesitter-grammar-zathurarc
  /nix/store/yfllxf3a23yr5h3ff4y06s7nhy323axq-vimplugin-treesitter-grammar-ziggy
  /nix/store/0bwx90783dxsz0x6kb7yr59d7rihb4zl-vimplugin-treesitter-grammar-ziggy_schema
  /nix/store/sbz2ka6a2arin2hj5408xk9qq3gdqyc4-vimplugin-treesitter-grammar-zsh
  /nix/store/q1a9vx0qmj9239j9q9dhdyalydlah6w7-vimplugin-trouble.nvim-2025-10-31
  /nix/store/595lal5i4f3d5ajwfvwm4q67fr2d9j6s-vimplugin-vim-illuminate-2025-05-24
  /nix/store/x4hmc7dx547nbssbvpp77y4a907qqg6w-vimplugin-vim-repeat-2024-07-08
  /nix/store/5w8v21gm11ilzph61gp7jcj14dsig795-vimplugin-vim-surround-2022-10-25
  /nix/store/0lj57hciym1pz20qzf8n0wklxlfzf8g9-vimplugin-which-key.nvim-2025-10-28
  /nix/store/y7zyn4jlqm2mpkq34i2qk2phzskq1y6f-virt-viewer-11.0
  /nix/store/kn2sbgcmrhpgnggn1787n422kq42p9i3-viu-1.5.1
  /nix/store/kicyyd0jzxi4nybvp1ma14ym4773lkwy-vlc-3.0.22
  /nix/store/bxy68dipkhbj7g84nd8hh7jyl3zrxbzk-vo-aacenc-0.1.3
  /nix/store/y8d34qlvw42fykl3ya4x5vjdc19vbj8i-volume_key-0.3.11
  /nix/store/ib078xbwy0dwfxj9mx3jry5ibwni01ni-vpnc-scripts-unstable-2023-01-03
  /nix/store/l132b4sb3z3jbx2y3nfamd830ma2bhzi-vrl-grammar-0.0.0+rev=274b3ce
  /nix/store/m66zn3jpyyxrxi68qlfihvv1al56vrf6-vue-grammar-0.0.0+rev=22bdfa6
  /nix/store/fcb2hgy9x7fqbplgc5211gr56h00vaz0-vulkan-loader-1.4.313.0
  /nix/store/b6xikkyhq89vm4999dc17yyzc29q6gdz-wait-timeout-0.2.1
  /nix/store/x5k2vwhmnfshp234lj3lgnhc3j0zlka2-wavpack-5.8.1
  /nix/store/xfj6pqz8210wzr2av9xzwsphd80zv6jn-wayfire-0.10.1
  /nix/store/kgyq5xn5n202nf0is8y4ldzr2dqql5qx-wayfire-plugins-extra-0.10.0
  /nix/store/znpca9nxcjxlwhxmfpnrvmd3z3rm704q-wayland-1.23.1
  /nix/store/0klw9fpf6cpr53h0d5n58z29775nvmkx-wayland-1.23.1-dev
  /nix/store/wqryaqgg0zxxjaibc8byxypixlf9a7k9-wayland-protocols-1.44
  /nix/store/cpkixlgpw2ky5pan6wn1rz4n9nblks5v-wcm-0.10.0
  /nix/store/drdfqqsgpi5nss9kkydw8bac44zxrjqx-webrtc-audio-processing-1.3
  /nix/store/98w3r2kg4gixv5g3f1d540kkfwlgq649-weezl-0.1.10
  /nix/store/hj9kjwx3h8j7398zyh9f09dh1nrlawlw-wf-shell-0.10.0
  /nix/store/nlhqr38maya6fpp1ihhajpsv73h79fyc-wf-shell-0.10.0-man
  /nix/store/k86ah9186d8qklppag3npvxa5s1sn31d-wgsl-grammar-0.0.0+rev=40259f3
  /nix/store/2kj520g5bchrcaahl5l0aqc1fcss3zf8-wgsl_bevy-grammar-0.0.0+rev=d9306a7
  /nix/store/drw1cs158zf139vqknbhn161k3qifvn3-which-2.23
  /nix/store/qf859ddpbbb0jlk9jm05mkn9768ilgfr-wildmidi-0.4.6
  /nix/store/wg35h1a14wqxxqgg6x1pkbdazk8galpq-wildmidi.cfg
  /nix/store/x0psc9f2p69pz4sv3z0zanxc8z84fkls-windows-link-0.2.1
  /nix/store/9vv1hqzx41hfa3mm2pbfgm4ajds02gdp-windows-sys-0.60.2
  /nix/store/9icr3sv6q46vl9vdx3493l7ysyx8vcks-windows-targets-0.53.5
  /nix/store/k6gihs5z4lc2c5vfhxdn39irhzd6main-windows_aarch64_gnullvm-0.53.1
  /nix/store/khiwdq436m7dwyjffy1h7cb0sx3ndja1-windows_aarch64_msvc-0.53.1
  /nix/store/dw9qlxdyj1jd3i5q5nhjkv5zfxs8p7cr-windows_i686_gnu-0.53.1
  /nix/store/irx4y6lf237j0mvw9pd2mw7yib3ylsx6-windows_i686_gnullvm-0.53.1
  /nix/store/dqjyb6878slhmjj5wv9jihas1yqgccyq-windows_i686_msvc-0.53.1
  /nix/store/k4i65v417sys2k1k5qrdy1z4pjryxpa5-windows_x86_64_gnu-0.53.1
  /nix/store/x80d7l5h3zvxr9x9lq42ck7in2jav7k1-windows_x86_64_gnullvm-0.53.1
  /nix/store/nw8k4ghixlcgi7pmicl6926x3y3rj0nn-windows_x86_64_msvc-0.53.1
  /nix/store/lp1k1hxyk8rhf9kjy6acw66ppvlk9zkb-wing-grammar-0.0.0+rev=76e0c25
  /nix/store/a5ifryhjr63n4j22mz01vrr2ri59kbac-winnow-0.7.13
  /nix/store/a791ajzy35bsjrczwnfylq1gnqwa45gh-wireplumber-0.5.12-dev
  /nix/store/8l99m8xkh0rdb8a9ckw0bcnncw0bldp0-wit-grammar-0.0.0+rev=37bf43c
  /nix/store/d9rvy32gs2ahgjvi0jn6y0i7i7h3x5zn-wlsunset-0.4.0
  /nix/store/cxxm8ar31y5vlswsx9sndsh1m9153n6l-wrap-gapps-hook
  /nix/store/hb84vp6i215hbclsla9l0n617bjrsgq9-wrap-gapps-hook
  /nix/store/h4j21cizlqdgsij6h7vcvyv79c45a8d9-wrap-qt6-apps-hook
  /nix/store/dz5pyfwnq3alqbbc71b3aycq8q1na4jr-wxml-grammar-0.0.0+rev=7b821c7
  /nix/store/9bzp7j385mfdr2kpd79ri9v0cipfikd0-x264-0-unstable-2025-01-03-lib
  /nix/store/arrknwa94n7hfbl5bgwprij9zi4bdkqd-x265-4.1
  /nix/store/3i2vlwxrb4r1dlv511hpsyvirqiinilk-xcompose-grammar-0.0.0+rev=a51d636
  /nix/store/8m0f9w6rhiyvry7wrjy3x8ndl7am33ix-xdg-desktop-portal-hyprland-1.3.11
  /nix/store/azar3hh32viikn699yhibhpga46x1x5f-xdg-user-dirs-0.18
  /nix/store/979545629b417pw1y7xi351ah59x2lfk-xdg-utils-1.2.1
  /nix/store/wy8acnh9v8wjvl637l9f1g4dxfd5zk02-xen-4.20.2
  /nix/store/4ngn9d1jys9aq1m4fskrk7p86a1gz0az-xfsprogs-6.13.0
  /nix/store/13x9g385k9nmiaws6zwjyvmm0flhnj14-xfsprogs-6.13.0-bin
  /nix/store/16hvpw4b3r05girazh4rnwbw0jgjkb4l-xgcc-14.3.0-libgcc
  /nix/store/y05zpr8z6qrpfcppppinfzkjp9r16030-xkeyboard-config-2.44
  /nix/store/47ha67l5ycq6rr8mqspkbmklr5hd6y3h-xml-grammar-0.0.0+rev=863dbc3
  /nix/store/mdzhigrpgski8c10jq81r2bw42m05jl5-xorg-server-21.1.20
  /nix/store/znx849a8gidvviwq26k8nshdrln2hlva-xorgproto-2024.1
  /nix/store/bmhpa5sv85nkmv2wcmi87wb29sdysyw0-xresources-grammar-0.0.0+rev=d466418
  /nix/store/p027746lfhhdx53jfc8rswjcx22kyz3q-xvfb-run-1+g87f6705
  /nix/store/fq1911kw382s2fldi2gjjiqfbk0sbwyr-xvidcore-1.3.7
  /nix/store/6ab07lf8v6zjcjr8ysxcsf13kn8593vb-xz-5.8.1
  /nix/store/b7g83isqdl778kmcpv6v68z76x4x5riv-xz-5.8.1-bin
  /nix/store/5z1ilf77wswdvyln6i7hp4czy84fp2k9-xz-5.8.1-dev
  /nix/store/xsgn4riwxa62lryssyf78cma1ssgicbx-yaml-grammar-0.0.0+rev=7708026
  /nix/store/1bxlbcdc44gnm93s7ic6q851a6fjvlc5-yang-grammar-0.0.0+rev=2c0e6be
  /nix/store/nad9chjdd3w9nyhc0n29ca3wf662waji-ytmdl-2023.11.26
  /nix/store/5v1vkhgggvq4w2lpmhj82nhz72f9hk9h-yuck-grammar-0.0.0+rev=e877f6a
  /nix/store/lcwm6car91xagx1bky27cnrmzk1ga6ws-zathurarc-grammar-0.0.0+rev=0554b4a
  /nix/store/9k5mm8pkzsl3vw3zjvmi37cvcl00pszf-zellij-0.43.1
  /nix/store/02ap3ffvxhhmjh5d0qw3ja60ya12yssw-zerocopy-0.8.27
  /nix/store/32hrr51scm3nhbh5152vip2k8v854y8v-zerocopy-derive-0.8.27
  /nix/store/j8hdkwqimyrl5d36xyd0h65daf6gqjkv-zf-0.10.3-unstable-2025-10-14
  /nix/store/fn3fihkz7q5gavag9rg8brq8xxyj74m9-ziggy-grammar-0.0.0+rev=4353b20
  /nix/store/valgzy16g3cg0bznk6w07bhmph19br0l-ziggy_schema-grammar-0.0.0+rev=fe3bf93
  /nix/store/z8k9i20ll65y2yi3ldw3638da27cc662-zimg-3.0.5
  /nix/store/fp6vxrhx8za7w4l69vqyjy2w2iyvlarj-zix-0.4.2
  /nix/store/f2q5ld1nipl8w1r2w8m6azhlm2varqgb-zlib-1.3.1
  /nix/store/ybhi1g8z643mcg5n4pkwhsihj4klk9y0-zlib-1.3.1-dev
  /nix/store/slw3b2fp374f0kgdrcc6q20n99c2id40-zls-0.15.1
  /nix/store/hkbb5y4jxai5my3y34kvshc847rln60h-zsh-grammar-0.0.0+rev=v0.47.0
  /nix/store/2m97xlq3lpfawmvnp9ii2kk1j0yfzy6q-zstd-1.5.7
  /nix/store/rigwlrg08iw071x8brffd9cq8x039k6z-zstd-1.5.7-bin
  /nix/store/bbk1fr0wgiis9gbrn6p5fw9mcsn62kzh-zstd-1.5.7-dev
  /nix/store/2myz3v7qbkn4a7a713wjcx1hkr8sbjm2-zune-core-0.4.12
  /nix/store/ndmkb79mm8dz0pcdh3zrzjyyd7l5b4ah-zune-inflate-0.2.54
  /nix/store/3l9fxcv3ixv1s8pcjka3la6yr2vv5nly-zune-jpeg-0.4.21
  /nix/store/3cjywwyf4frfyvx8vlr6w7gw85qg22km-zvbi-0.2.44
  /nix/store/q4wjxnxmjar6vff4jrp098g4jf6s3h5g-zxing-cpp-2.3.0
copying path '/nix/store/nmi1f4lsswcr9dmm1r6j6a8b7rar5gl4-linux-6.18' from 'https://cache.nixos.org'...
building '/nix/store/kz5ljdq7cjvd9d7vgkqbmbwcw66xlmy7-users-groups.json.drv'...
copying path '/nix/store/sqg08yzmpfmgas9n6cvaclr4bdmc27mp-chafa-1.18.0-man' from 'https://cache.nixos.org'...
copying path '/nix/store/5r2skpf8xr3wjkgix63993cnp99nngsl-file-5.45-man' from 'https://cache.nixos.org'...
copying path '/nix/store/q4ljrwnrrrappvflx051w8i3bzxvc07j-hyprland-0.52.2-man' from 'https://cache.nixos.org'...
copying path '/nix/store/riy0wiy07cl4ij139a67j0g9pq5sifsg-linux-6.18-modules' from 'https://cache.nixos.org'...
copying path '/nix/store/7q3jwxmwfp7js4ky0w8ni8n79zqlpcfc-lsr-1.0.0' from 'https://cache.nixos.org'...
copying path '/nix/store/w64snqrf622jkcbz6jh7vyaqr8ziavhm-nixos-configuration-reference-manpage' from 'https://cache.nixos.org'...
copying path '/nix/store/sim0qf1yvyx3sxrzwngyxs776qmmj3qw-nixos-manual-html' from 'https://cache.nixos.org'...
copying path '/nix/store/cgp9ig35iwicfb9spcrgyg2m5dmlcgrv-openssl-3.6.0-doc' from 'https://cache.nixos.org'...
copying path '/nix/store/2095vl8vmvka5a2vbr5xhrn730zgvyw0-qemu-10.1.2-doc' from 'https://cache.nixos.org'...
copying path '/nix/store/8zzhgnyqjfnhfh7msgy4ad38b704j4k9-sdnotify-wrapper-doc' from 'https://cache.nixos.org'...
copying path '/nix/store/2spshd4ah7mzp5l73cmild60w7ir40k1-seatd-0.9.1-man' from 'https://cache.nixos.org'...
copying path '/nix/store/sjh9hb6mc19xi93bv9v8rkwxhj4w2n2z-shellcheck-0.11.0-doc' from 'https://cache.nixos.org'...
copying path '/nix/store/c7nn0m85206xwd7xhwwyi4ibf458xynb-shellcheck-0.11.0-man' from 'https://cache.nixos.org'...
copying path '/nix/store/rf2ib0n5dbddgbqzbbff0adkgnbpygk6-tuptime-5.2.4-man' from 'https://cache.nixos.org'...
copying path '/nix/store/q8a8bw04p9g4033qxflg045f6306y60g-udisks-2.10.2-man' from 'https://cache.nixos.org'...
building '/nix/store/s6mdm82dbp0szyvc6kw6x5d0pzg2kbvq-etc-applications-warp-bld.desktop.drv'...
building '/nix/store/55ma399y2glhdp7pbdjj6rrrrn1spchm-etc-icons-hicolor-scalable-apps-warp-terminal-bld.svg.drv'...
building '/nix/store/ddwsx15v3jkl8z1pz1yxpiyp22cgnix0-etc-nix-registry.json.drv'...
copying path '/nix/store/8ywkyiyc5cgrx72vrrf98mwbnnmix9a4-OVMF-202511-fd' from 'https://cache.nixos.org'...
copying path '/nix/store/dcia02lii9qa3rq88cgrq7l69h1rb6af-Iosevka-33.3.5' from 'https://cache.nixos.org'...
copying path '/nix/store/b71g29x4vc7a7vvzrhsd6rqr5v2rylna-ShellCheck-0.11.0' from 'https://cache.nixos.org'...
copying path '/nix/store/7zbgw2rixw723panszyh21j5akn4wx1y-ahash-0.8.12' from 'https://cache.nixos.org'...
copying path '/nix/store/x7xd5p10bfckbxda6n7kybbm8jli7m5c-ada-grammar-0.0.0+rev=6c26c44' from 'https://cache.nixos.org'...
copying path '/nix/store/wd61llbvai26dncxpm86aacvshw97is7-agda-grammar-0.0.0+rev=e8d47a6' from 'https://cache.nixos.org'...
copying path '/nix/store/h8i0asff71672p9djbqp2m42al0h5rys-adler2-2.0.1' from 'https://cache.nixos.org'...
copying path '/nix/store/n8k4kcxvp5qx9xbg5n48zd9gqm13s8kp-adw-gtk3-6.4' from 'https://cache.nixos.org'...
copying path '/nix/store/21fxbdc2kbhr9glvdhfmk80fl4xra4d9-alsa-lib-1.2.14-dev' from 'https://cache.nixos.org'...
copying path '/nix/store/1pjd7hgs3w96qgld2bwrkk3b88m7vx5c-Xaw3d-1.6.6' from 'https://cache.nixos.org'...
copying path '/nix/store/j7z5vdmbwfbk0j97swra7wwsv1njr7a5-ali-0.7.5' from 'https://cache.nixos.org'...
copying path '/nix/store/410qr2cb9f055c8fwpgaa5bpgc4igscw-angular-grammar-0.0.0+rev=d1f24a8' from 'https://cache.nixos.org'...
copying path '/nix/store/l06m619vcd2zzwws9iazy6zxy5i88qf8-anstyle-parse-0.2.7' from 'https://cache.nixos.org'...
copying path '/nix/store/r2qybjnv2sar06jj84s0zl238h778dnd-anstyle-1.0.13' from 'https://cache.nixos.org'...
copying path '/nix/store/qnwch8002srl30i60an7s0giz00ldlmn-alsa-topology-conf-1.2.5.1' from 'https://cache.nixos.org'...
copying path '/nix/store/6xvxqk8c7j8x4ryh0y7kilhq6s6sn0zd-anstream-0.6.21' from 'https://cache.nixos.org'...
building '/nix/store/qapn26l3b9p7a76f1pz9azjcpjzzp2x8-DropTerminal.drv'...
building '/nix/store/irr9hvj1d6v8r0ac607xcg6l6imxf5m7-WaybarCava.drv'...
building '/nix/store/syarxbxbxka9bv1vwgwa43amzp7gz3mn-Weather.py.drv'...
building '/nix/store/ybklifq9w0r8k97bzi556jw2ymbgjzfr-appimage-run.desktop.drv'...
copying path '/nix/store/714n3hfp46fcbzf71jkxdxyjq4nl314p-anstyle-query-1.1.4' from 'https://cache.nixos.org'...
copying path '/nix/store/94lx9mmsy6lq4q2z3gfxq4gir58a1x42-anstyle-wincon-3.0.10' from 'https://cache.nixos.org'...
copying path '/nix/store/08idch8xypywvzlsjqh7zhjhad3xvkrr-apex-grammar-0.0.0+rev=3597575' from 'https://cache.nixos.org'...
copying path '/nix/store/8cggnajaq406b6fzcdsykd49d747320d-app2unit-1.1.2' from 'https://cache.nixos.org'...
copying path '/nix/store/lzk9xw9b1ldk5wlkkf5raxf7cas85acx-arduino-grammar-0.0.0+rev=53eb391' from 'https://cache.nixos.org'...
building '/nix/store/jmqaiyc8ylkpvbpjcmllppmk14wcw1y7-cargo-1.89.0-x86_64-unknown-linux-gnu.tar.xz.drv'...
building '/nix/store/16hqfnz267dra556798fvqlzmpr4jps0-cheatsheets-parser.drv'...
building '/nix/store/v147hn9m8wgzbslwynbi4crkan3g15ch-clippy-1.89.0-x86_64-unknown-linux-gnu.tar.xz.drv'...
copying path '/nix/store/skg6qs0rssgjs23x9caik334gzl1a1sg-arrayref-0.3.9' from 'https://cache.nixos.org'...
copying path '/nix/store/q1ih0kg3r0qcxbkf3zygs2a4yyyjgl4h-asciinema-2.4.0' from 'https://cache.nixos.org'...
copying path '/nix/store/njixj3li9yy565bl86i7a4g8pmzy6bf7-arrayvec-0.7.6' from 'https://cache.nixos.org'...
copying path '/nix/store/2if5k6wnrnv27szfdp6dj5r5zlfx7s4h-astal-apps-0-unstable-2025-11-26' from 'https://cache.nixos.org'...
copying path '/nix/store/55g79a8y2dr7lmpjsy3xk4m3rjq76g2b-astal-battery-0-unstable-2025-11-26' from 'https://cache.nixos.org'...
copying path '/nix/store/4pr4fa99nqjlqq6ln2mxnbhds2ww276j-asm-grammar-0.0.0+rev=839741f' from 'https://cache.nixos.org'...
building '/nix/store/gp6llk9h1rgmiy0biyp0y73v0dbjvrar-crate-assert_cmd-2.1.1.tar.gz.drv'...
copying path '/nix/store/fafhaagwh7wgz6lackzr7vxdd1agnw4d-astal-bluetooth-0-unstable-2025-11-26' from 'https://cache.nixos.org'...
copying path '/nix/store/9271jm0abhfhwb1dwyqv62mgy4fnvmgk-astal-gjs-0-unstable-2025-11-26' from 'https://cache.nixos.org'...
copying path '/nix/store/zn31ld07z1ng770065s2baj4r12pad8d-astal-hyprland-0-unstable-2025-11-26' from 'https://cache.nixos.org'...
copying path '/nix/store/8x0k4pln5k3ccyimvypvnp3r143zpimi-astal-io-0-unstable-2025-11-26' from 'https://cache.nixos.org'...
copying path '/nix/store/0n01rnffn7x691hhvd47xb5rlsfv493b-astal-cava-0-unstable-2025-11-26' from 'https://cache.nixos.org'...
building '/nix/store/5k0dwvfbmniqpx75rwva105s4l3hk1ha-crate-av-data-0.4.4.tar.gz.drv'...
copying path '/nix/store/5dy4awlmdkh6srv043858cs48vlhxf3f-astal-network-0-unstable-2025-11-26' from 'https://cache.nixos.org'...
copying path '/nix/store/mbkhidhhp686am2cp0z98fyaz5rwqc73-astal-notifd-0-unstable-2025-11-26' from 'https://cache.nixos.org'...
copying path '/nix/store/8728j19hizgy3l7n9qlshlv9l6wak02n-astal-powerprofiles-0-unstable-2025-11-26' from 'https://cache.nixos.org'...
copying path '/nix/store/sk5nx3s9pnkaj51p5xlziwchshn0vvly-astal-tray-0-unstable-2025-11-26' from 'https://cache.nixos.org'...
copying path '/nix/store/iinrz9wzqjnpyhvxqhmlswl26f16rl6b-astal-wireplumber-0-unstable-2025-11-26' from 'https://cache.nixos.org'...
copying path '/nix/store/477pdlbm5rplpacqmdia43ar794rywwn-astro-grammar-0.0.0+rev=213f6e6' from 'https://cache.nixos.org'...
copying path '/nix/store/5s2lc2sdgd6nakkd81mkgn2rq696j0j9-audacity-3.7.6' from 'https://cache.nixos.org'...
building '/nix/store/ns1k4qv0igjsjh3bqf3wwfaf6zypr37m-crate-bitreader-0.3.11.tar.gz.drv'...
copying path '/nix/store/gcgifdam0jsj467vcmi94yymxjcjfwzg-authzed-grammar-0.0.0+rev=83e5c26' from 'https://cache.nixos.org'...
copying path '/nix/store/3njz6xapmmpk4cqf26rjh9rnnmnsfqmx-autocfg-1.5.0' from 'https://cache.nixos.org'...
copying path '/nix/store/7wsv98ryv1sningazc5c4g00h5av1q8j-awk-grammar-0.0.0+rev=34bbdc7' from 'https://cache.nixos.org'...
copying path '/nix/store/zj3r3156my7azyfw40gghagfxml7yk7w-bandwhich-0.23.1' from 'https://cache.nixos.org'...
copying path '/nix/store/6sgx3yk5887i9j8ld4rckbd1gyf8dwrl-astal-astal4-0-unstable-2025-11-26' from 'https://cache.nixos.org'...
copying path '/nix/store/7m0wa1aznf4dmx5hs3p1yz6m3bb6wxlc-base64-0.22.1' from 'https://cache.nixos.org'...
copying path '/nix/store/ql8d6hpgzjzdzcphxjxcrvz7k6fxx8rs-astal-astal3-0-unstable-2025-11-26' from 'https://cache.nixos.org'...
copying path '/nix/store/shxmm0g5r4mzz589s5ik9pf5m7qw7cag-bass-grammar-0.0.0+rev=28dc705' from 'https://cache.nixos.org'...
building '/nix/store/gcm12pfzwgym0xz0a69nj2ibh0476lrk-assert_cmd-2.1.1.drv'...
copying path '/nix/store/01wp2vgd70ssmk4fmkc2lh98jkyxnxvv-bat-0.26.1' from 'https://cache.nixos.org'...
copying path '/nix/store/kirjj6s2qmcbl4iadv208zqibz16p6nd-batman-2024.08.24-unstable-2025-02-22' from 'https://cache.nixos.org'...
copying path '/nix/store/bw0ma665kf6zns3j90afqn7hdk2k38dn-batpipe-2024.08.24-unstable-2025-02-22' from 'https://cache.nixos.org'...
copying path '/nix/store/5syiss9pdxksv68av4g5y2mk3n408w3g-beancount-grammar-0.0.0+rev=b7a2557' from 'https://cache.nixos.org'...
copying path '/nix/store/dmmwfjpgjc45npkm7iiraw1jh3wajhww-below-0.9.0' from 'https://cache.nixos.org'...
copying path '/nix/store/15rzal47lkh6c40mddclildik5mv1xsb-bibtex-grammar-0.0.0+rev=8d04ed2' from 'https://cache.nixos.org'...
building '/nix/store/69w5yvjl7d3xz11bcr3cgb6y1p538qy0-av-data-0.4.4.drv'...
copying path '/nix/store/g5fih5hicgqzvja22rps3ca8iblms1rs-bicep-grammar-0.0.0+rev=bff5988' from 'https://cache.nixos.org'...
copying path '/nix/store/d3na86yjzfa8id50fpq6rh5d43lmkw2b-bit_field-0.10.3' from 'https://cache.nixos.org'...
copying path '/nix/store/5v8mac0qnags8lsgr87nzn8g8sz99x0r-bitflags-1.3.2' from 'https://cache.nixos.org'...
copying path '/nix/store/dn6qs83wyl840p6a9n3xz0w9z43sn7yd-bitbake-grammar-0.0.0+rev=a5d04fd' from 'https://cache.nixos.org'...
building '/nix/store/w9rczcx4s9szsajalzv9skjyz03vaijb-crate-cfg-expr-0.20.4.tar.gz.drv'...
copying path '/nix/store/x019b3gmp3nzfl9agdyghiay5wvag9my-bitflags-2.10.0' from 'https://cache.nixos.org'...
copying path '/nix/store/r82ddx8ca330v79k2myxx76h9mp05j5x-blueprint-compiler-0.18.0' from 'https://cache.nixos.org'...
copying path '/nix/store/xrpnanhqk8y6j4s34c9xfm59n967iaqd-blade-grammar-0.0.0+rev=fbe5f81' from 'https://cache.nixos.org'...
copying path '/nix/store/lj39k00z12ngfdqnfav33jwqx9qmqh0k-blueprint-grammar-0.0.0+rev=355ef84' from 'https://cache.nixos.org'...
building '/nix/store/f99wi32mbb76wn5lwyq8dg2h7jwrzbzg-bitreader-0.3.11.drv'...
building '/nix/store/iy80bvlgmf7ffpsrmxafhz43waf2y8yn-crate-core_maths-0.1.1.tar.gz.drv'...
building '/nix/store/qvmg64f55wm3qnw40b7willf9ivng2z8-crate-dav1d-0.10.4.tar.gz.drv'...
copying path '/nix/store/8yyzznxbbrykv4924vs0451jnpq6f4nr-bluetui-0.8.0' from 'https://cache.nixos.org'...
copying path '/nix/store/g60bqava88fk8pvlw1s1pg9g0vz9jsnc-bluetuith-0.2.5' from 'https://cache.nixos.org'...
building '/nix/store/p206668rzjv8xw50ki0hnddq5ix3mplg-crate-dav1d-sys-0.8.3.tar.gz.drv'...
building '/nix/store/5pagfbdzpxzr6pmdyba3qsfmrgzcfv8m-crate-fast_image_resize-5.3.0.tar.gz.drv'...
building '/nix/store/lk27rnjhwgrisz29r4s70v0awrsi483b-core_maths-0.1.1.drv'...
building '/nix/store/9qwkml87g7bciv9bl7m6lywfmry17vjr-cfg-expr-0.20.4.drv'...
building '/nix/store/w97aqdkix7sq5sij5isjqsbi7f8w9m5g-crate-fontconfig-parser-0.5.8.tar.gz.drv'...
building '/nix/store/ba7yimkzrjzx6zc5v80jc1b3g5nsq2i0-crate-resvg-0.45.1.tar.gz.drv'...
building '/nix/store/jm2g0dj2d9sg30b879dw0dzricjmda0j-crate-rustybuzz-0.20.1.tar.gz.drv'...
copying path '/nix/store/ysqli2268dij2sf80l1haifaw44cnhqx-bluez-5.84-dev' from 'https://cache.nixos.org'...
building '/nix/store/q7mys0fcskvzbr2n7s5yqsfw0n5hz3cr-crate-simplecss-0.2.2.tar.gz.drv'...
copying path '/nix/store/zykd8is8dlg8nkjxvwab4wlpbrpqyg5h-bmon-4.0' from 'https://cache.nixos.org'...
copying path '/nix/store/l5biw3arah1z41js9ypscnkg4s06gcxd-bp-grammar-0.0.0+rev=ee641d1' from 'https://cache.nixos.org'...
copying path '/nix/store/h00sl2d6j0wn60vixhbip4dyl9z4xr4k-brightscript-grammar-0.0.0+rev=5516826' from 'https://cache.nixos.org'...
building '/nix/store/n55zzqshpzjd92zrb127i9sgd3951jx0-crate-svgtypes-0.15.3.tar.gz.drv'...
building '/nix/store/86zbp2xa2jbyg3sf8ndz5vz7a6apjwqc-crate-system-deps-7.0.7.tar.gz.drv'...
copying path '/nix/store/pg0jch3xxrzm8rxjra1iq18gj12l69gb-broot-1.54.0' from 'https://cache.nixos.org'...
building '/nix/store/nbyrsss4260r9rq7a43pzm5dl85jnn30-crate-unicode-bidi-mirroring-0.4.0.tar.gz.drv'...
copying path '/nix/store/5ba63xbfbwfpmd7cj50dz2g6inkj8scs-bstr-1.12.1' from 'https://nix-community.cachix.org'...
copying path '/nix/store/pgwj02g4rxsnjx27y99sl9ypdd2s45pp-byte-slice-cast-1.2.3' from 'https://nix-community.cachix.org'...
copying path '/nix/store/grzw6bwckjzns9nqv3zpndj9g6bj972v-bytemuck-1.24.0' from 'https://cache.nixos.org'...
copying path '/nix/store/55rqj0b3xnmf8x2zw92ahlxxv6mlimh0-byteorder-1.5.0' from 'https://cache.nixos.org'...
building '/nix/store/az6rfxn0m4anx93iinfcwq242gkx43b7-crate-unicode-ccc-0.4.0.tar.gz.drv'...
copying path '/nix/store/2khr0i57qy56646xvafri1d28gfd4rwy-byteorder-lite-0.1.0' from 'https://cache.nixos.org'...
copying path '/nix/store/7pqpr1klmaq4h25qw2yg8livk5s85saa-bytes-1.10.1' from 'https://cache.nixos.org'...
building '/nix/store/2jnzbhqjw9anrih6yj4hsq2sc1pr7i20-crate-usvg-0.45.1.tar.gz.drv'...
copying path '/nix/store/yz1p4k0lbc8if7ag3cfzq7a1c3b7cca4-c-ares-1.34.5-dev' from 'https://cache.nixos.org'...
copying path '/nix/store/p22qxa4cf3axy9x27kgplrsd60fikhqm-c3-grammar-0.0.0+rev=2e852d5' from 'https://cache.nixos.org'...
copying path '/nix/store/pl8ya0s8l03gxh2hy0sayk3ldksjhr69-c_sharp-grammar-0.0.0+rev=485f0ba' from 'https://cache.nixos.org'...
building '/nix/store/pxcpw4wgj31lk398arc5k7sjgm4249cd-crate-waybackend-0.10.0.tar.gz.drv'...
copying path '/nix/store/vmd6lms6q2dcvjk6d4gj5axap6228fvr-caddy-grammar-0.0.0+rev=2686186' from 'https://cache.nixos.org'...
copying path '/nix/store/qzyf3knnx4d5qr1fwmhrgf5i33q0mng6-candy-icons-0-unstable-2025-11-28' from 'https://cache.nixos.org'...
copying path '/nix/store/mdn3lj98lvi7152mdyl2navjq908skxz-cairo-grammar-0.0.0+rev=6238f60' from 'https://cache.nixos.org'...
building '/nix/store/jqsph7ynxajrjn6m80vv3dz03mdcn94g-crate-waybackend-scanner-0.10.0.tar.gz.drv'...
copying path '/nix/store/wia72a76c30p5nd8r2m98cw443dwkria-capnp-grammar-0.0.0+rev=7b0883c' from 'https://cache.nixos.org'...
building '/nix/store/gqxb0vpxc5p97ipsddcm2y8v2995p9ak-dav1d-0.10.4.drv'...
copying path '/nix/store/v4fywclga0g7p6sj5frq2rzskxmg2xzl-cargo-auditable-0.6.5' from 'https://cache.nixos.org'...
copying path '/nix/store/x71dkhpxljcjm2gvwd7kb94h8wmw2k67-cargo-build-hook.sh' from 'https://cache.nixos.org'...
building '/nix/store/6iag1zkf8a2ff6hxm7vm7mjwjzvqfj8q-dconf-keys.json.drv'...
copying path '/nix/store/7wsz928i48q68irq9j4nsbhrw1gbqx98-cargo-check-hook.sh' from 'https://cache.nixos.org'...
copying path '/nix/store/25w1451msk6zbabar5mxq8fhdv0d2xml-cargo-deps-vendor' from 'https://cache.nixos.org'...
building '/nix/store/ik1r4wxazcw0ga34qlgsdc7pkm4blimd-discord-0.0.117.tar.gz.drv'...
building '/nix/store/0bvw4fkzyks3d18s5yi6k59wf7yaxfas-discord-canary-0.0.819.tar.gz.drv'...
building '/nix/store/m5rlywgsx4zgz641rkj2xb1v84bz0xqi-dms-run.drv'...
copying path '/nix/store/kpbnpkgr3jmlc7wwl48asi9kjnsgcahb-cargo-install-hook.sh' from 'https://cache.nixos.org'...
building '/nix/store/gc69sijafxwcqnj5809plw3imq7ri2mw-docs-parser.drv'...
building '/nix/store/2zv1fxrkfj3y8jdq1ppcvcy137pcpxy1-dummy-fc-dir1.drv'...
copying path '/nix/store/4m93mrrakcxcfpiyzpf8rchwfnv7ij22-cargo-setup-hook.sh' from 'https://cache.nixos.org'...
building '/nix/store/c3nwvghdkfvl5lrmcxpx98111wchb23m-dav1d-sys-0.8.3.drv'...
copying path '/nix/store/13bb9sgbf3sihmizc0xh5z8pywrc272i-cfg-if-1.0.4' from 'https://cache.nixos.org'...
building '/nix/store/b6fgc1wwv07jmqidl8s6yamgfkffar7f-dummy-fc-dir2.drv'...
building '/nix/store/i29k06ic08waf884iyivnz69mrjjkfyd-dummy-xdg-mime-dirs1.drv'...
copying path '/nix/store/hhlvbrlm15qp251xkkc8cl1fb4nx72yf-chatito-grammar-0.0.0+rev=b4cbe9a' from 'https://cache.nixos.org'...
building '/nix/store/q9lbsc8yiazfvv8xws845k26ig9n9g5b-dummy-xdg-mime-dirs2.drv'...
building '/nix/store/h399dq5bynak11ywb2qby8brzmxral2w-etc-bashrc.drv'...
building '/nix/store/s34dxx0g9fpf74dlc2axanfbfl38w980-etc-os-release.drv'...
building '/nix/store/f6wi86q5pszif43hahzchr4ssbbyrhhj-etc-systemd-system.conf.drv'...
building '/nix/store/5j3zqmm0xkyzk0dyfn33375hp8lygllb-exec.drv'...
building '/nix/store/j00aym0z9qr7dzrcnwkjkv122s0qwn40-extra-hwdb-file.drv'...
building '/nix/store/4jva1n1w58s16b7c3kq6c5iwp27n2mbz-extra-udev-rules.drv'...
building '/nix/store/kx9x5qyqbxaqyk62j5vsq9yy4hwh2nmi-fah-client-8.5.3-init.drv'...
building '/nix/store/5j9m5k74xsldh3l2p35v5rcxwldych3a-fast_image_resize-5.3.0.drv'...
building '/nix/store/wkssbrzg5f1pwbf5abxpdxngwmrkxnwm-flatpak-state.json.drv'...
building '/nix/store/1ynpnalk2ncznb4aps1ir1h14b5vfd0x-flattenedGtkTheme.drv'...
building '/nix/store/8xclk869sg1kw0q9acp32fylyv5lwq9x-fontconfig-parser-0.5.8.drv'...
building '/nix/store/qd7359ajw0d4fc0z44sdkhy9fhx2j91p-flatpak-managed-install.drv'...
building '/nix/store/q38650agddihm1h5afxlmr6lx279zdqf-franz_5.11.0_amd64.deb.drv'...
building '/nix/store/x6gnl1gxxz7wn62f4s04yj9aahilrfgn-ghostty-bg.drv'...
building '/nix/store/x6hj48dam8kladmvlds0yw2kw9cdhxg9-google-chrome-stable_143.0.7499.40-1_amd64.deb.drv'...
copying path '/nix/store/6yw2m0n5f2jv4dh4i3yk66srv9w8vpr1-circom-grammar-0.0.0+rev=0215052' from 'https://cache.nixos.org'...
building '/nix/store/kdinjvp92bbjn9k5grqzmhlbw1c52n5z-hm-dconf.ini.drv'...
building '/nix/store/wsvfjf7b20gf307b24l5dvnxjjqnj5x0-hm_..zshrcpersonal.drv'...
building '/nix/store/07jjh30932g1lnbsffsc4a6fyqrgss44-hm_.doom.dconfig.el.drv'...
building '/nix/store/6b9ksm42nbfk7nj7jixs6p6b15404y3i-hm_gitconfig.drv'...
building '/nix/store/6xznv7a4jqns2f09l39a0ssh1g0zi8qi-hm_homeprincedimond.configghosttyghosttybg.conf.drv'...
building '/nix/store/yg1nnd7k5530wvz71dx6zfsfq652x1vp-hm_homeprincedimond.configkittykittybg.conf.drv'...
building '/nix/store/4sxxp7jrz596bzj1wblgsjpfjn0zkjll-hm_homeprincedimond.localshareapplicationskittybg.desktop.drv'...
building '/nix/store/db31bpxgr3b4rbn3i63400sjbvn71kcs-hm_homeprincedimond.zshrc.drv'...
building '/nix/store/ypl59a43cn6lnv2zpryw8s8dd2mb4ih5-hm_hyprhyprland.conf.drv'...
copying path '/nix/store/lzabzsisyrkr2bh49ifab0c6pjh56bs3-clap-4.5.51' from 'https://nix-community.cachix.org'...
building '/nix/store/27ym8qpawqfy498fbd86vfqkbaawfmbi-hm_nwgmenunwgmenu.txt.drv'...
copying path '/nix/store/aq195bcldl512rqldy4b7hg5mvs3g3jm-clap_complete-4.5.60' from 'https://nix-community.cachix.org'...
copying path '/nix/store/5gvhl7ix56r4mj6g92sgj5k4bm2m26ln-clap_builder-4.5.51' from 'https://nix-community.cachix.org'...
building '/nix/store/9i8ipaliznrrsk6v51v92rmbhq5g6pq8-hm_nwgmenustyle.css.drv'...
building '/nix/store/vj79h28glv62ifcbq12yrrxpb8xlvb2p-hm_tmuxtmux.conf.drv'...
building '/nix/store/d4w1czl7vj3z7lh6m5mk9zwjyxdbkq47-hm_zellijconfig.kdl.drv'...
copying path '/nix/store/4ksjf9981r1am3c5pbgv7ay9pq90vlxc-clap_derive-4.5.49' from 'https://cache.nixos.org'...
building '/nix/store/h2ffxglqa8calzc0q5kg2zw575l3m2yr-hm_zellijlayoutstopbar.kdl.drv'...
building '/nix/store/z2fq3y3s6khkyal9ybx3i9dd185zi6yd-holiday-countdown-main.drv'...
copying path '/nix/store/l0ah6cypgffmh6xds4lx7c1i9ls5rf4p-clap_lex-0.7.6' from 'https://cache.nixos.org'...
copying path '/nix/store/vrynvhjv6fi8y5n2nwy7ym2mc46jc6jz-clipse-1.1.0' from 'https://cache.nixos.org'...
building '/nix/store/rlgnc4l0gy77r3di6d0wzl5a83gx2l0a-hv.drv'...
building '/nix/store/w6nswl1znm70b921a02i5q0bdp6h1zq7-hypr-layout-init.drv'...
building '/nix/store/9qndmxwvwhlbqfpg1hklhdvxyav1vn24-hypr-swap-layout.drv'...
building '/nix/store/32aj28wv9k4zjwqwdz30zvvxm416sx8x-hyprlock-battery.drv'...
building '/nix/store/s716b44imcqsjzkmk29p90rf2sdj16a9-hyprlock-update-wallpaper-link.drv'...
building '/nix/store/8sdziij9yd13rnv3wrgxdjz6vzdjxvfh-hyprlock-uptime.drv'...
building '/nix/store/xk42911rxc8vfha8ggm26vb720b6ap1a-hyprlock-wallpaper-link.service.drv'...
building '/nix/store/sa1hxrlwbbfg5apc25gcxv8zn1z0qw82-hm_hyprhyprlock.conf.drv'...
building '/nix/store/kk6s0pa75ai1nmjxsfppdffzb5avhd9y-hyprlock-wallpaper-link.timer.drv'...
building '/nix/store/7c0yhha01yb5rag2brhrg4sdm6n244y8-hyprlock-weather-update.drv'...
building '/nix/store/vrcmf76fcki4jywldgw8w2xv5zdq3mak-hyprlock-weather-update.timer.drv'...
building '/nix/store/qn1qx53yw8jkkgxd5877ixxkdbmra15i-hyprlock-weather-update.service.drv'...
building '/nix/store/12nkb1vnyyjdmbd7cgvfb61nxkn2869s-hyprpanel-run.drv'...
building '/nix/store/ddys82zj2yyqdkhdrkaybm3md908p0wd-hyprpanel.drv'...
building '/nix/store/91cispwvv2ah6crxn9p55jl967klyc6h-init.lua.drv'...
building '/nix/store/fxqcya317gcq92kbk9d6288cqyvppwqr-init.vim.drv'...
building '/nix/store/8hvg5nlqiylykjl4jgx0mpch1xaqiis1-ipv6-privacy-extensions.rules.drv'...
building '/nix/store/x7d5b4l4a27aicpzrdqlc09jg1ypn2lx-ipv6-privacy-extensions.rules.drv'...
building '/nix/store/79067d041wbfsrgwjyp9hh0n57hzs09p-issue.drv'...
building '/nix/store/g85m45h4pcnbnhaab2snjnnfcjsm0s3i-keybinds-parser.drv'...
building '/nix/store/hsx9279yq12k35ibayjzfx72cw6gyywg-kitty-bg.drv'...
building '/nix/store/sdg0wkgqsp0b4gnz9cc9hk28yxxhkw5i-launch-nwg-menu.drv'...
building '/nix/store/185ns1a8aiiv0p53kv56qlqakc2v3vbx-linux-6.18-modules.drv'...
building '/nix/store/wddg63glmhglyjx3nxb71llj6q36nw0d-manifest.vim.drv'...
building '/nix/store/lmawzlqghk077i49xgmjjq24nw651dwz-mimeapps.list.drv'...
building '/nix/store/p2dfx2fylkl6is77da55n723mnbw20cq-nix.conf.drv'...
building '/nix/store/8q04mwac13dj9ydkks9xsa10qz2vybjh-nixos-generate-config.drv'...
building '/nix/store/idqrs6p9q6sx9v3w3nal3icd40gysh0v-X-Restart-Triggers-nix-daemon.drv'...
building '/nix/store/sadq7hsryhkkp3r9w21hqjylaxwx4fix-nixos-help.drv'...
copying path '/nix/store/47z2l9fa13r5hgjxmmfjhrynprnc3587-clojure-grammar-0.0.0+rev=e43eff8' from 'https://cache.nixos.org'...
building '/nix/store/ia17v8psa6fbiv72yya3grgb7fwgpfr7-nixos-version.drv'...
building '/nix/store/dwc2sgbgfqx2nwp0ih7v1q1dsydzag4j-nixos-help.drv'...
building '/nix/store/q0w2b43nadclgky1s5k66f6nxjrjch8j-nixos.conf.drv'...
building '/nix/store/vk5izk0kymylfz224blmch9lyakkwpav-noctalia-run.drv'...
copying path '/nix/store/i4ihbw0zzrj6797d5g7ihfp2qh8hwsq2-cmake-grammar-0.0.0+rev=c7b2a71' from 'https://cache.nixos.org'...
building '/nix/store/zz79vc7nya3mmkr7y5xlzyklrgwjvvk7-X-Restart-Triggers-systemd-modules-load.drv'...
building '/nix/store/w8syjrrmhym86yrkkw1qsg63vcvq9l6s-note.drv'...
building '/nix/store/4pikdv4ip8x350w6fzzx4gyiyqndsgj6-oxwm-parser.drv'...
building '/nix/store/4g76fm0mpbjl2dch9xi7hrlda8jq4n7x-packdir-opt.drv'...
building '/nix/store/hdf6yah6xa2hp03pyqfgjg9zrq6hb5j8-panel-launcher.drv'...
building '/nix/store/24izn4i73ljmpm2anhiqjgkxqffs2i31-pbs-home-show.drv'...
building '/nix/store/r8amf7gf3ybcr5zql5n4bjz22cf9rmlv-qs-cheatsheets.drv'...
building '/nix/store/4s45ys5yi8anizzp594r0aw6hih0k76j-qs-docs.drv'...
building '/nix/store/k83zh2zmw721lmb1j60lcnsjlg0fqksw-qs-keybinds.drv'...
building '/nix/store/ssgkgi2z73njsj24byvzjbgacdzw0c8h-qs-panels.drv'...
building '/nix/store/v9xvdjciqmj7m7kvkrnq0jb6m2kck39y-list-keybinds.drv'...
building '/nix/store/54mz2c4hpvxcm1p46malsv6gd12qxrk8-qs-vid-wallpapers-apply.drv'...
building '/nix/store/nz2k18bpyvf7llcp4kgpbfr2qs1hzlcp-qs-wlogout.drv'...
copying path '/nix/store/f6ip04f8jkr7q3j7sbpb5dwsr2xabh8k-cointop-1.6.10' from 'https://cache.nixos.org'...
building '/nix/store/msaqanifvhkxgpxgs7zkx5lmf6i85gcm-resvg-0.45.1.drv'...
building '/nix/store/jmdz0pxh9qbv8bdmv8zvk9i5xww6xgw8-rofi-panels.drv'...
building '/nix/store/xl0qr0qi0mh2l2qwf2m0i2hnlpj3znlz-rofi.menu.drv'...
copying path '/nix/store/ymk343938qdx4r7sgjvw5204c981dik1-color_quant-1.1.0' from 'https://cache.nixos.org'...
building '/nix/store/3c12fxsqfvf9qqacdidf389cdfp3xgr0-rust-docs-1.89.0-x86_64-unknown-linux-gnu.tar.xz.drv'...
copying path '/nix/store/a5nakfycgcsyx03agf6qxgdj2cppyxri-colorchoice-1.0.4' from 'https://cache.nixos.org'...
copying path '/nix/store/nscjh4cj33i8i29dkvwf72ci1r9a8d4s-comment-grammar-0.0.0+rev=db922d7' from 'https://cache.nixos.org'...
copying path '/nix/store/dx6g9lw4g95sq4cv1yvn2p49xn7sh3dv-commonlisp-grammar-0.0.0+rev=3232350' from 'https://cache.nixos.org'...
copying path '/nix/store/031wlnqnzgkffwkg19spb43dc3pliam2-cooklang-grammar-0.0.0+rev=4ebe237' from 'https://cache.nixos.org'...
copying path '/nix/store/5gqzc9hinw5yy0nwyq0b0s1b084ga25b-copilot-cli-1.34.1' from 'https://cache.nixos.org'...
copying path '/nix/store/fpkh3nraz66gniq69ad897ajw1nghjlx-corn-grammar-0.0.0+rev=4646547' from 'https://cache.nixos.org'...
copying path '/nix/store/ajlf0blrdgmpn7w51zkc0ydxchgj20g7-countryfetch-0.2.0' from 'https://cache.nixos.org'...
copying path '/nix/store/y7sja8xjg9gd407jaa9jbx1krlcb4djx-cpon-grammar-0.0.0+rev=594289e' from 'https://cache.nixos.org'...
copying path '/nix/store/v15rc4vv4bpxxaby56l7fry8v84vg0kb-cpufeatures-0.2.17' from 'https://cache.nixos.org'...
copying path '/nix/store/nzh66j94adz7667sgf9rmmfl41x0xrpa-cpufetch-1.07' from 'https://cache.nixos.org'...
copying path '/nix/store/vphfcpq2y7gsd9la7qnvc2g3w2wrclgx-cpupower-6.18' from 'https://cache.nixos.org'...
copying path '/nix/store/gajdjfhyracznfbhkjzm8n8p4m52pp6z-crate-fallible_collections-0.4.9.tar.gz' from 'https://cache.nixos.org'...
copying path '/nix/store/0vwssgbqv6qn5cppzmz97w66rcpwgai9-crate-fontdb-0.23.0.tar.gz' from 'https://cache.nixos.org'...
copying path '/nix/store/fcm9rr969v4fqp1x63am2kay9nz188qv-crate-imagesize-0.13.0.tar.gz' from 'https://cache.nixos.org'...
copying path '/nix/store/1izhhj55af39mfhvdg26295r121cih47-crate-jzon-0.12.5.tar.gz' from 'https://cache.nixos.org'...
copying path '/nix/store/2ph0gq683ih87bxr91yp4kkza5qihcxy-crate-mp4parse-0.17.0.tar.gz' from 'https://cache.nixos.org'...
copying path '/nix/store/w5vgzc3i5f6sakz939xskajmfpa9q1ab-crate-unicode-script-0.5.7.tar.gz' from 'https://cache.nixos.org'...
copying path '/nix/store/sxlxmhzjs0d722j2c512f5c6vk8xsa48-crate-unicode-vo-0.1.0.tar.gz' from 'https://cache.nixos.org'...
copying path '/nix/store/wzkfwkkqm3i68xls89rb3i87848mch1f-crate-xmlwriter-0.1.0.tar.gz' from 'https://cache.nixos.org'...
copying path '/nix/store/1fh7fpdajr3xgdk6sbqjazq4kk50d8c2-crc32fast-1.5.0' from 'https://cache.nixos.org'...
copying path '/nix/store/65h1vzvp3kpqazxd9jl1sd0ysbr5hy6i-crossbeam-deque-0.8.6' from 'https://cache.nixos.org'...
copying path '/nix/store/dlbh6ym3lzgyvvjbgig2ihgw7a2v1bcc-crossbeam-epoch-0.9.18' from 'https://cache.nixos.org'...
copying path '/nix/store/s89rbb6x0arxh34bc2r0vbyvfzw2hh6a-crossbeam-utils-0.8.21' from 'https://cache.nixos.org'...
copying path '/nix/store/111vgmfpwdl3q09a2vyx6amvrap7chfv-crunchy-0.2.4' from 'https://cache.nixos.org'...
copying path '/nix/store/9m55bmc1sl8czf30yl1vzyggdr0mvgli-csv-grammar-0.0.0+rev=f6bf6e3' from 'https://cache.nixos.org'...
copying path '/nix/store/0f6pnbhlymap81zhdp517775scxjg04b-ctop-0.7.7' from 'https://cache.nixos.org'...
copying path '/nix/store/q7nn7j05gmg21rnk4hkv2h40vymxb6k1-cuda-grammar-0.0.0+rev=48b066f' from 'https://cache.nixos.org'...
copying path '/nix/store/90wccqzaidqxvd9xw2wj6vrx8bas8vjh-cue-grammar-0.0.0+rev=770737b' from 'https://cache.nixos.org'...
copying path '/nix/store/w3bcj49m8z597bcv0111wd4yf5ygnv8m-curl-8.14.1-man' from 'https://cache.nixos.org'...
copying path '/nix/store/wh3qssrm3bf9p9nx1gq47jqnal51yvq0-cylc-grammar-0.0.0+rev=6d1d811' from 'https://cache.nixos.org'...
copying path '/nix/store/nfj39knk48gv55w00amjw37d9gsf93vb-cyme-2.2.8' from 'https://cache.nixos.org'...
copying path '/nix/store/r89b0wpjwpqmsxd9irqxg81c03sd50m0-d-grammar-0.0.0+rev=fb028c8' from 'https://cache.nixos.org'...
copying path '/nix/store/sbrbhpncsh58y89w5sgmjnfkq93pv617-dart-grammar-0.0.0+rev=d4d8f3e' from 'https://cache.nixos.org'...
copying path '/nix/store/81m24axm1gvj07rbsi7vrixdnrbhxqbw-dart-sass-1.94.2' from 'https://cache.nixos.org'...
copying path '/nix/store/98cjc0xgidaahqjpl540zd0k1bzf5l0l-data-url-0.3.2' from 'https://nix-community.cachix.org'...
copying path '/nix/store/xlq86hzkhfkjm1nx2x6y0as7ralg03gi-ddgr-2.2' from 'https://cache.nixos.org'...
building '/nix/store/0d32i45489jig21vw6rqh9wm43khac05-fallible_collections-0.4.9.drv'...
building '/nix/store/2h26g38nhppzdhqw6x2c7v44jkdc87pg-fontdb-0.23.0.drv'...
building '/nix/store/9kj21k09yrj2ahhdx9ywkbnaw3gxf819-imagesize-0.13.0.drv'...
copying path '/nix/store/xvy8dq43r9hi9qrnwgg7kjjny8y0lr0g-dejavu-fonts-minimal-2.37' from 'https://cache.nixos.org'...
building '/nix/store/15qybcq9shjlbza69q9wyvpdfb3819gh-jzon-0.12.5.drv'...
building '/nix/store/jkjv46iyglmra2cmjyk162g8a3r6hx43-mp4parse-0.17.0.drv'...
building '/nix/store/0dbn30h2ca2l41yvg4xkxq0k358kzbml-rust-docs-1.89.0-x86_64-unknown-linux-gnu.drv'...
copying path '/nix/store/7qvqgpcwd9kb5vhkidn5jiwlbdqpb5ri-desktop-grammar-0.0.0+rev=afec309' from 'https://cache.nixos.org'...
copying path '/nix/store/bbpa4zqgvdcbrkl475waqmfaqviljiyw-devicetree-grammar-0.0.0+rev=e685f1f' from 'https://cache.nixos.org'...
copying path '/nix/store/vyjxqs7xr1ddyhanbg7hv9ml57wg9wi4-dhall-grammar-0.0.0+rev=6201325' from 'https://cache.nixos.org'...
building '/nix/store/z22h0mmzrzmm2mx582zpcn5jajlx2la8-rust-std-1.89.0-x86_64-unknown-linux-gnu.tar.xz.drv'...
copying path '/nix/store/nl8506nciivgw17jnj9bawh0j314m7an-die-hook' from 'https://cache.nixos.org'...
copying path '/nix/store/hsr77hfiiap4qv1zn9gicr3knmvckw49-diff-grammar-0.0.0+rev=2520c3f' from 'https://cache.nixos.org'...
copying path '/nix/store/2x3jhi1xwxngjwvijpq5wmix62aig7xj-difflib-0.4.0' from 'https://cache.nixos.org'...
copying path '/nix/store/bsnyx4w20k3na0svmfm35mi3vnnrz6n8-diffnav-0.3.1' from 'https://cache.nixos.org'...
copying path '/nix/store/a4dlb48nipwvn3ai6hhx9572m3yahqzj-disassembly-grammar-0.0.0+rev=0229c02' from 'https://cache.nixos.org'...
copying path '/nix/store/xmk32gwc0kff34my5x2qcppl9hzm44hr-discordo-0-unstable-2025-11-30' from 'https://cache.nixos.org'...
copying path '/nix/store/7m2xc08sbpw3msxyvgh49qq2p13ac8ky-djot-grammar-0.0.0+rev=74fac1f' from 'https://cache.nixos.org'...
copying path '/nix/store/25rjicrjsc82nyg4cj2ykkmcb69kxlij-dns-root-data-2025-04-14' from 'https://cache.nixos.org'...
copying path '/nix/store/4maknzqzrgbs3a7frg5vxg1vr1mywdzp-docker-buildx-0.30.1' from 'https://cache.nixos.org'...
copying path '/nix/store/26r0xwfmyjk0zjifgifaa29fppvayn3k-dockerfile-grammar-0.0.0+rev=971acdd' from 'https://cache.nixos.org'...
copying path '/nix/store/nj405w9crhlkxayv3b2z2w8l50bwk3r7-document-features-0.2.12' from 'https://nix-community.cachix.org'...
copying path '/nix/store/jhcn18hd6fls9irb2fq01x9imjx50vxl-dog-1.7' from 'https://cache.nixos.org'...
copying path '/nix/store/ic3jk118c8kaazvy3hyi2svmpz8qhcmh-doggo-1.1.2' from 'https://cache.nixos.org'...
copying path '/nix/store/g75wlf8mzfcs6af7ih55cfr8rpjh5pp0-dot-grammar-0.0.0+rev=80327ab' from 'https://cache.nixos.org'...
copying path '/nix/store/3mawn8rb494kg3mbnbi19c5wj6pcxkz4-doxygen-grammar-0.0.0+rev=ccd998f' from 'https://cache.nixos.org'...
copying path '/nix/store/c9vddfhr1gwb3c4x2al6i4pnlqrgps47-dpkg-1.22.21' from 'https://cache.nixos.org'...
copying path '/nix/store/iiw6w9fpaa2yv2ir8y44garbwnxmabhn-dry-0.11.2' from 'https://cache.nixos.org'...
copying path '/nix/store/v1vg343pxxdbymnzi7i85xfc60vsc190-dtd-grammar-0.0.0+rev=863dbc3' from 'https://cache.nixos.org'...
copying path '/nix/store/lkdgiqh4qidry0ka5ky2fj842jnf3g35-du-dust-1.2.3' from 'https://cache.nixos.org'...
building '/nix/store/jqxisyv5iw32b9l7y1lxkl834qvhsfvk-nixvim-print-init.drv'...
building '/nix/store/swc1nlv5x2mwyxkcnc11csk8c981zmpv-rustc-1.89.0-x86_64-unknown-linux-gnu.tar.xz.drv'...
building '/nix/store/92ikr4596xlbfg29s5r4z2whbdv679qb-rustfmt-1.89.0-x86_64-unknown-linux-gnu.tar.xz.drv'...
copying path '/nix/store/7j1lmkhzzlz4js9dbhldpjf9sqs3pqq4-dysk-3.5.0' from 'https://cache.nixos.org'...
building '/nix/store/15ravf7vbkln08sjnxax8703k6q8h1n4-rustybuzz-0.20.1.drv'...
building '/nix/store/cvsh7qgscqack09v3aa4glz9ma9v3437-shutdown-ramfs-contents.json.drv'...
building '/nix/store/r7kna407hhg3laigdr0syzk0vp8s85a7-simplecss-0.2.2.drv'...
building '/nix/store/r575w94bxg0ghb80h6qmpj8z8f7j2cl5-smart-gaps.drv'...
building '/nix/store/4limib5fkqksm5sj00wbiy700gblg339-squirtle.drv'...
building '/nix/store/rdgi5wgf2lsydja5wizvlpxk6bqq2yrs-stylix.yaml.drv'...
building '/nix/store/a9vv8sxfibb8kx1w1arzhfrcdjc4vgh6-svgtypes-0.15.3.drv'...
building '/nix/store/l24bhgpfmihfxas1yycdm8nprfd4pdny-swaync-style.css.drv'...
building '/nix/store/l3lw9nykvgyzk6f5n2gaxirpc8rgzr60-system-deps-7.0.7.drv'...
building '/nix/store/x7fw14l7wh94lzvp8jdpzcgxmf4lnmaz-unicode-bidi-mirroring-0.4.0.drv'...
building '/nix/store/ka3l3z3pjnnp5hvm1z3h43fbhplgqlfb-unicode-ccc-0.4.0.drv'...
building '/nix/store/c5yhvr0kgh21hpk4gp4wnijpqicv44l4-unicode-script-0.5.7.drv'...
building '/nix/store/cf6qxdnpcjgm3c45lfwx6qs6yb9m6lbj-unicode-vo-0.1.0.drv'...
building '/nix/store/4j29r83y269mjihai9m4z8ybkv5xvbmw-unit-cpufreq.service.drv'...
building '/nix/store/dana68984jy0wxiw31j6i114pk2gi72r-unit-display-manager.service.drv'...
building '/nix/store/xywx5yasgivvrpd7rhfpviw4hqxcrds8-unit-flatpak-managed-install.service.drv'...
building '/nix/store/mq7vw8p84yw8wxrph9rbbq5n6lhhnj9m-unit-generate-shutdown-ramfs.service.drv'...
copying path '/nix/store/iwya3hhqgmnfal92nilw1shn1zvd2vpc-earthfile-grammar-0.0.0+rev=5baef88' from 'https://cache.nixos.org'...
building '/nix/store/7r9vcq7vs1walhqwlflr3jdpr1zpvb3q-unit-nh-clean.service.drv'...
building '/nix/store/n50nl60vrv3hkjwz7yg53xayjznkajdg-unit-nix-daemon.service.drv'...
building '/nix/store/8rh9qhhs16xginf01ph6qgm6hqp8l7jn-unit-nix-optimise.service.drv'...
building '/nix/store/lzy5bqn9vvsphwnsk74qsfm3cz4z3prd-unit-script-nix-gc-start.drv'...
building '/nix/store/mxn3hn055qnqg3v612rd4j4a3cmjs06s-unit-script-nixos-activation-start.drv'...
building '/nix/store/3lfvj6i3yf4lq3ligfj3cib7sca5rvp9-unit-nix-gc.service.drv'...
building '/nix/store/a7f8lfjirlf475wcb5lnm77ndzryb2xa-unit-nixos-activation.service.drv'...
building '/nix/store/asmxbagjpbvkl5wc21x4sfwc5x8d4x85-unit-sshd-keygen.service.drv'...
building '/nix/store/76lb8cjsl8mdmwj8a00r60wpbmmirbwg-unit-systemd-modules-load.service.drv'...
building '/nix/store/25sbn6nimqmrvwfw5narkma7xynl6hz3-unknown.drv'...
building '/nix/store/xmx4zvjcn02pclw4sr1zfm7rp3nrxhph-user-dbus-services.drv'...
building '/nix/store/l1ydpr7kqi3h6msmljdb0mqmyz5nia6j-usvg-0.45.1.drv'...
building '/nix/store/5fg2rmrbx588maqq6s3nng0b9jmlxb05-warp-check.drv'...
building '/nix/store/fcyyqzm337s1j4gyi6rqfmpzrhi4x6xg-warp-terminal-v0.2025.12.03.08.12.stable_03-1-x86_64.pkg.tar.zst.drv'...
copying path '/nix/store/zzi052mln8sfwcb9h3qb947zkh67sqs6-ebnf-grammar-0.0.0+rev=8e635b0' from 'https://cache.nixos.org'...
copying path '/nix/store/y5fbdbzvzqjpfkbl16fy34iy2bifx3a3-editorconfig-grammar-0.0.0+rev=f08fb1f' from 'https://cache.nixos.org'...
copying path '/nix/store/r5862plddg8fy13k4mqmixcy5w2ziab6-eds-grammar-0.0.0+rev=26d529e' from 'https://cache.nixos.org'...
copying path '/nix/store/r7iry1yfqaa5d5ix8fznp01m4imzxyqc-eex-grammar-0.0.0+rev=f742f2f' from 'https://cache.nixos.org'...
copying path '/nix/store/skv2h10c3124i6hg1p6r3pj03apcn93i-elixir-grammar-0.0.0+rev=d24cece' from 'https://cache.nixos.org'...
copying path '/nix/store/b4f4fcpkan08q0rc9kfg0gkryfsxwj6s-elm-grammar-0.0.0+rev=0277284' from 'https://cache.nixos.org'...
copying path '/nix/store/hp3p7x3wflarllx2swpk0lihfr1g1jsc-elsa-grammar-0.0.0+rev=0a66b2b' from 'https://cache.nixos.org'...
copying path '/nix/store/ffc83rh5xxg65hqj4fhi3a2npa91w6wa-elvish-grammar-0.0.0+rev=5e7210d' from 'https://cache.nixos.org'...
copying path '/nix/store/1xvydn92bry4g7b354rc8cp91r8rwabs-embedded_template-grammar-0.0.0+rev=3499d85' from 'https://cache.nixos.org'...
copying path '/nix/store/ha16y6wdfp4f3gwnhg9imdmyvvvwq7if-enchant-2.6.9-dev' from 'https://cache.nixos.org'...
copying path '/nix/store/20pg9jfp8r3wmw09a5qzjbjd72axqqvy-enforce-grammar-0.0.0+rev=eb27968' from 'https://cache.nixos.org'...
copying path '/nix/store/qv867kr59904cls3ryln3f4m4a3icl73-equivalent-1.0.2' from 'https://cache.nixos.org'...
copying path '/nix/store/93bg7hxnqdsdmsqgag2yvw5xlm1ryk48-erdtree-3.1.2' from 'https://cache.nixos.org'...
copying path '/nix/store/s5y6b2a53f3dfc9sjyvid6qqax45b5s7-erlang-grammar-0.0.0+rev=a260cb6' from 'https://cache.nixos.org'...
copying path '/nix/store/cz6mvwsiccln0fv8h1aq6yv93457sz73-errno-0.3.14' from 'https://cache.nixos.org'...
copying path '/nix/store/7n89a0381n1p6gdpyj9vcd45lfwcyipl-euclid-0.22.11' from 'https://cache.nixos.org'...
building '/nix/store/pm8mbkhcjy7g8agqhr4341yr0gdml2k6-waybackend-0.10.0.drv'...
copying path '/nix/store/6jqndnwvzy345g2mvbmmiffn9bblkal8-exr-1.73.0' from 'https://cache.nixos.org'...
copying path '/nix/store/h1hv4fzd21mcx4g52ncg742gpphrldp5-fah-client-8.5.3' from 'https://cache.nixos.org'...
copying path '/nix/store/kf5jjpbk4pym99qcn2chrhfc2fdlhxkb-facility-grammar-0.0.0+rev=e4bfd3e' from 'https://cache.nixos.org'...
copying path '/nix/store/ajqpgfh6grqpnxsyl22mkf293g71nz9h-extra-cmake-modules-6.20.0' from 'https://cache.nixos.org'...
building '/nix/store/xmm0klh814qzkgi73qxir2fffb3fii74-waybackend-scanner-0.10.0.drv'...
copying path '/nix/store/qi1n0r35dywrm5q713c96c1ymy1l6f89-fah-client-8.5.3-fhsenv-profile' from 'https://cache.nixos.org'...
building '/nix/store/xnyxj3ipc1a6wm9qrhqbq3ia24bwijpm-waybar-run.drv'...
copying path '/nix/store/1ild0fshzvz7y2wqypvnl6p75asnnf3h-farstream-0.2.9' from 'https://cache.nixos.org'...
building '/nix/store/ws1d8wmvwbjgj6b1vdxca1ss7bza3khp-waybar-style.css.drv'...
copying path '/nix/store/q4q43q87aqvmyacvl3q8451w30nzv3xw-fastrand-2.3.0' from 'https://cache.nixos.org'...
building '/nix/store/3xg1yl994bdad6m57zjs92b6q3x8n9jy-wf.drv'...
copying path '/nix/store/5c6m5nh0npn747lmcragfq65cdssy3dx-faust-grammar-0.0.0+rev=122dd10' from 'https://cache.nixos.org'...
copying path '/nix/store/7456hg0lnvbhv4fdmm1g67zf7j0ac528-breeze-icons-6.20.0-dev' from 'https://cache.nixos.org'...
building '/nix/store/k09zw1hbjv8v9nfp0p5lg1is2d81m9ki-wsapp-vid.drv'...
building '/nix/store/k43fz9y0ifnf7a4cz5wcgjglq6jq18z3-xmas-timer-main.drv'...
copying path '/nix/store/mj9h1viqyy33aayw8lzz99hg6m05bymf-fax-0.2.6' from 'https://cache.nixos.org'...
building '/nix/store/8g3ryn2l8157wpxwr0cmf4ri22bczsmd-xmlwriter-0.1.0.drv'...
building '/nix/store/s002xjya20376lmmj6v6nw2ympyw5j2w-zellij-theme-stylix.drv'...
copying path '/nix/store/zrsa9m8csfj43bmwqldqr15y88d88qgx-fax_derive-0.2.0' from 'https://cache.nixos.org'...
copying path '/nix/store/qz6brj6vk8fazgwi2yi3nag5j6q62p4n-fclones-0.35.0' from 'https://cache.nixos.org'...
copying path '/nix/store/k9g1vrl5l88w5sngvh0iny4zwnbr3kj5-fdeflate-0.3.7' from 'https://cache.nixos.org'...
copying path '/nix/store/ylpzfa7q22b9dqj18gdqmg2b57s6jjy2-fennel-grammar-0.0.0+rev=fd4a24e' from 'https://cache.nixos.org'...
copying path '/nix/store/qjbdnjj9qn3kvmcznzzppfjxwpcr0bp5-ffmpeg-headless-7.1.1-data' from 'https://cache.nixos.org'...
copying path '/nix/store/502whawxn0zzg72jgjxy4bvcwrihmwls-fidl-grammar-0.0.0+rev=0a8910f' from 'https://cache.nixos.org'...
copying path '/nix/store/n239w9zswi39n6fnmc3wj3klq1yx1lyn-firrtl-grammar-0.0.0+rev=8503d3a' from 'https://cache.nixos.org'...
copying path '/nix/store/w6544j234gmj1wjm5z0z6p29844ipb1j-fish-grammar-0.0.0+rev=aa074a0' from 'https://cache.nixos.org'...
copying path '/nix/store/8lgvmnvfdyik2jzzz3gx42jd2vw41b4l-fishplugin-forgit-25.12.0' from 'https://cache.nixos.org'...
copying path '/nix/store/j349pi1k3b7hq8c3idr5iwj3ir78jvq9-farstream-0.2.9-dev' from 'https://cache.nixos.org'...
copying path '/nix/store/jzv81vk90rx7h0zcrngywzlhld1bfj4c-flate2-1.1.5' from 'https://cache.nixos.org'...
copying path '/nix/store/4zlqq0zcx4f16ywswfmn03mm8yh928m4-float-cmp-0.9.0' from 'https://cache.nixos.org'...
copying path '/nix/store/7lzflmydgyfai9lmz1k6fzzyzczjsvqh-foam-grammar-0.0.0+rev=472c24f' from 'https://cache.nixos.org'...
copying path '/nix/store/fzmns3hnwpxmva6xk9jryr79ci49y4pr-fontconfig-2.16.0' from 'https://cache.nixos.org'...
copying path '/nix/store/d2mc6i4bz63nfi4yyqf8zjsn72c6ygh4-fonts.conf' from 'https://cache.nixos.org'...
copying path '/nix/store/63lnv5rqgb1fh0qvgzxgd9r0v90rbqs2-forth-grammar-0.0.0+rev=9018923' from 'https://cache.nixos.org'...
copying path '/nix/store/vdnr8899h48p816y1mmmjcfr9rd9ccvy-fortran-grammar-0.0.0+rev=8334abc' from 'https://cache.nixos.org'...
copying path '/nix/store/0gs7q86x8c5qz4lm9abc3wajk4hy4msx-freeglut-mupdf-3.0.0-r13ae6aa2c2f9a7b4266fc2e6116c876237f40477' from 'https://cache.nixos.org'...
copying path '/nix/store/d1adwfwl43i34ffj24alc844rkl1pk19-freepats-20060219' from 'https://cache.nixos.org'...
copying path '/nix/store/c34z7jakalrnlhn4abyajgk3whvd4p7m-freetube-0.23.12' from 'https://cache.nixos.org'...
copying path '/nix/store/i6zgs3k55kirzfq4s3cxsi4wg4j44w76-fsh-grammar-0.0.0+rev=fad2e17' from 'https://cache.nixos.org'...
copying path '/nix/store/hv0jywal7455qvaq0ckm10hhpcc5b7n9-fsharp-grammar-0.0.0+rev=5141851' from 'https://cache.nixos.org'...
copying path '/nix/store/iqfvccpgjbf0hzmmjbw3zc784q1r160f-func-grammar-0.0.0+rev=f780ca5' from 'https://cache.nixos.org'...
copying path '/nix/store/xd562jk7flffb33i660rs9jmy238vf42-fusion-grammar-0.0.0+rev=19db2f4' from 'https://cache.nixos.org'...
copying path '/nix/store/r2zigvqsyb28gq9hb7grra57cj2mx84v-g-ls-0.31.0' from 'https://cache.nixos.org'...
copying path '/nix/store/chbwc3z7cj5c28y450738immg7zpi69j-fah-client-8.5.3-fhsenv-rootfs' from 'https://cache.nixos.org'...
copying path '/nix/store/jvrnphp70zgwh71k74qhbwgam563s6c6-gap-grammar-0.0.0+rev=2bac148' from 'https://cache.nixos.org'...
copying path '/nix/store/nf6g50ms3p4jf40k59ri789mxvjayl3y-gaptst-grammar-0.0.0+rev=69086d7' from 'https://cache.nixos.org'...
copying path '/nix/store/d84l3qjb077dxkajn24k58z2q261d4lv-gcc-14.3.0-libgcc' from 'https://cache.nixos.org'...
copying path '/nix/store/v05xddwcnmayh2l1wm0q95a4j44sga1y-gcli-2.9.1' from 'https://cache.nixos.org'...
copying path '/nix/store/3qj0vskzdjsbqccl6n1vbs0ifwvf6x8w-gdscript-grammar-0.0.0+rev=48b4933' from 'https://cache.nixos.org'...
copying path '/nix/store/lklniir4g3f98iham6rdczibmhjyhdb0-gdshader-grammar-0.0.0+rev=14e8340' from 'https://cache.nixos.org'...
building '/nix/store/gzjv7mgcqgk11n9rv62vfd8ai0fym7fi-fah-client-8.5.3-bwrap.drv'...
building '/nix/store/b7mc5ss5iqa2czj5ykvkl4zb6df2vv7g-fah-client-8.5.3.drv'...
copying path '/nix/store/w4gqsb5d5p61mkpl0yglay0i81ssw20z-gemfile-and-lockfile' from 'https://cache.nixos.org'...
copying path '/nix/store/m69kdgrr81ykh6ily704d5dpkkfx5r4g-gemini-cli-0.19.3' from 'https://cache.nixos.org'...
copying path '/nix/store/8i0kqs48b750zh2lf5gfimi89jz9k88v-gen-bin-stubs' from 'https://cache.nixos.org'...
copying path '/nix/store/kkl21dhzzajgbpcagaq0siymhy0ga2hd-gfxstream-0.1.2' from 'https://cache.nixos.org'...
copying path '/nix/store/lahrzz4bnhp7z3yz49yhf3b6xmdr0mhf-ghostscript-with-X-10.06.0-man' from 'https://cache.nixos.org'...
copying path '/nix/store/yjkhdx3bg9mcay718lgklxly4frfsg49-gif-0.13.3' from 'https://cache.nixos.org'...
copying path '/nix/store/16pncxyr9i5bi9nc2idkad970xd6r4s4-gir-dirs' from 'https://cache.nixos.org'...
copying path '/nix/store/37scgcxr7yyj8pjwqbs0ni09z37rc3jq-git-cliff-2.10.1' from 'https://cache.nixos.org'...
copying path '/nix/store/wwgnzhfnj6hdb0a80aa47i7raj6azran-git_config-grammar-0.0.0+rev=0fbc9f9' from 'https://cache.nixos.org'...
copying path '/nix/store/grqzbwxi6m2qss4silgvgc6mgxjpjlma-git_rebase-grammar-0.0.0+rev=bff4b66' from 'https://cache.nixos.org'...
copying path '/nix/store/463yc2n0dc95b4jq85631qgxd2qqdlgl-gitattributes-grammar-0.0.0+rev=1b7af09' from 'https://cache.nixos.org'...
copying path '/nix/store/2izs9p9rl5njvc0c6nx7cnniqa1mdd91-gitcommit-grammar-0.0.0+rev=a716678' from 'https://cache.nixos.org'...
copying path '/nix/store/fpi8b3vq2cyvs82pi10dhnxpz1ibv6vk-gitignore-grammar-0.0.0+rev=f4685bf' from 'https://cache.nixos.org'...
copying path '/nix/store/hw196kndzpdjq1cl3i99ai0k2saibds8-ags-2.3.0' from 'https://cache.nixos.org'...
copying path '/nix/store/chwc5wk4dys2gxc2cns1k5srria5n72h-gitu-0.38.0' from 'https://cache.nixos.org'...
copying path '/nix/store/5q769j3bljla9wpyr74ccsp2cyvzvlbw-gitui-0.27.0' from 'https://cache.nixos.org'...
copying path '/nix/store/a36g87823q0ydwlnh77ydg826xdmgsm1-gjs-1.86.0-dev' from 'https://cache.nixos.org'...
copying path '/nix/store/y239r1yjp3qjh2pv18w5mkmghly07hjp-gleam-grammar-0.0.0+rev=f4d55f3' from 'https://cache.nixos.org'...
copying path '/nix/store/zgvs09ng4h12cb27p3ymyrhks1asqcn0-glibc-locales-2.40-66' from 'https://cache.nixos.org'...
copying path '/nix/store/jjw579cpncasxp4lh09jl7m5x7cizfdk-glimmer-grammar-0.0.0+rev=da605af' from 'https://cache.nixos.org'...
copying path '/nix/store/alnyvsxyij8nkimrk3hn8ggvxpxqphgg-glimmer_javascript-grammar-0.0.0+rev=5cc865a' from 'https://cache.nixos.org'...
copying path '/nix/store/03jjkhs6x9avzfpq3lmrmys87m4xa0bd-glimmer_typescript-grammar-0.0.0+rev=12d9894' from 'https://cache.nixos.org'...
copying path '/nix/store/a6175wwmxnlny8qf67b8bpxhib086aab-glsl-grammar-0.0.0+rev=24a6c8e' from 'https://cache.nixos.org'...
copying path '/nix/store/i55piiwa8wypgjsmrz86013j5v2md9vj-gnome-bluetooth-47.1-dev' from 'https://cache.nixos.org'...
copying path '/nix/store/bhjfx76mwzvmw4rb9aib49j2z26vlsx2-gn-grammar-0.0.0+rev=bc06955' from 'https://cache.nixos.org'...
copying path '/nix/store/rwyj9q50lxgg2krci51hr7afiql2p8km-gnu-config-2024-01-01' from 'https://cache.nixos.org'...
copying path '/nix/store/1wpqwqm0q8pwfcv0lk9xyx3nraavhrx0-gnuplot-grammar-0.0.0+rev=8923c1e' from 'https://cache.nixos.org'...
copying path '/nix/store/0a3dyfq09dnkw28ap2i450wjimvdmv6s-go-1.25.4' from 'https://cache.nixos.org'...
copying path '/nix/store/j6bnispn66irj4hj87jshibfjzzpkdqk-go-grammar-0.0.0+rev=2346a3a' from 'https://cache.nixos.org'...
copying path '/nix/store/53apcbr39n9idhw28562y971hmpl8r2f-goctl-grammar-0.0.0+rev=49c4353' from 'https://cache.nixos.org'...
copying path '/nix/store/ad3r8001np38gnalxj1z4yxbkdsziynf-godot_resource-grammar-0.0.0+rev=302c189' from 'https://cache.nixos.org'...
copying path '/nix/store/11r8yz35l0f9aflhjlx2wlrf0kxia735-gomod-grammar-0.0.0+rev=2e88687' from 'https://cache.nixos.org'...
copying path '/nix/store/hmfayr6j4yd1magrxyas0f4gls0yzhlq-gosum-grammar-0.0.0+rev=27816eb' from 'https://cache.nixos.org'...
copying path '/nix/store/0gywkp3ysgb83i83nrlcdgbs1xhidxyz-gotmpl-grammar-0.0.0+rev=5f19a36' from 'https://cache.nixos.org'...
copying path '/nix/store/8jm9c4348i944hzq2pi4civ74qqqsm12-gowork-grammar-0.0.0+rev=949a8a4' from 'https://cache.nixos.org'...
copying path '/nix/store/l5a8rh8jyi38awifjkzn10cz3sjxwxpf-gpg-grammar-0.0.0+rev=4024eb2' from 'https://cache.nixos.org'...
copying path '/nix/store/6rva9sb5q040rndmc259xssc7f0ankc2-graphene-1.10.8-dev' from 'https://cache.nixos.org'...
copying path '/nix/store/c7k49f2wyfzwb0n2dk1dxcxd5rwrfl9w-graphql-grammar-0.0.0+rev=5e66e96' from 'https://cache.nixos.org'...
copying path '/nix/store/hkmlw21x6i4xp7mcghwm6zh188j0q4zg-gren-grammar-0.0.0+rev=c36aac5' from 'https://cache.nixos.org'...
copying path '/nix/store/wpjbkmqymn18kc1885b6mlb0hdgd13vb-groovy-grammar-0.0.0+rev=8691159' from 'https://cache.nixos.org'...
copying path '/nix/store/sc8vfjrga31v39hmwxjmxd32rx7mbsmi-groq-grammar-0.0.0+rev=1fa1ab0' from 'https://cache.nixos.org'...
copying path '/nix/store/d5m4r5zrjqdrgdzj09wjvhfbbdyk99j1-gsettings-desktop-schemas-48.0' from 'https://cache.nixos.org'...
copying path '/nix/store/p3adr72ir1ihf8ai9k0syifqd3rb0gy5-gspell-1.14.0-dev' from 'https://cache.nixos.org'...
copying path '/nix/store/di359p3yqm2rfj77cn50k7i1srzpkxr5-gssdp-1.6.4-dev' from 'https://cache.nixos.org'...
copying path '/nix/store/xs9gl50212mwc4aadip9kb0sjp2fmhb1-gst-plugins-good-1.26.5-dev' from 'https://cache.nixos.org'...
copying path '/nix/store/rj0qn97bhnfzcabkakq9qvqpd6i05x11-gstlaunch-grammar-0.0.0+rev=549aef2' from 'https://cache.nixos.org'...
copying path '/nix/store/kvrj7x9jmrz80h7cvdl8gf2klbh9c0s0-gtksourceview-3.24.11-dev' from 'https://cache.nixos.org'...
copying path '/nix/store/f921h9chapwljzprvp70hv66jid8ih2a-gtksourceview-5.18.0.tar.xz' from 'https://cache.nixos.org'...
copying path '/nix/store/0bmi07zy7h7mx37j8b5dmrs5nicgivdf-gtop-1.1.5' from 'https://cache.nixos.org'...
copying path '/nix/store/knnnp6i803q7zdgr5r48b99svf6zmd2h-gtt-10' from 'https://cache.nixos.org'...
copying path '/nix/store/4xbd907crcv5cg4qlzj87gqipvhi6im6-hack-grammar-0.0.0+rev=1a7ded9' from 'https://cache.nixos.org'...
copying path '/nix/store/z0y0139qmhscabr18iljr3gykrrcjjzm-gtk4-4.20.3-dev' from 'https://cache.nixos.org'...
copying path '/nix/store/31iif4h44yxxqwpams2maxqgni4hajc3-half-2.7.1' from 'https://cache.nixos.org'...
copying path '/nix/store/apwq6jhqcfmgi718qm8j8bf2h6cpgvfh-hare-grammar-0.0.0+rev=eed7ddf' from 'https://cache.nixos.org'...
copying path '/nix/store/5dkypsqsmwr8qj0nmn381h324c5c744p-hashbrown-0.13.2' from 'https://cache.nixos.org'...
copying path '/nix/store/3a34wy2s6x6ypyb8mj64k4cybi4py728-hashbrown-0.16.0' from 'https://cache.nixos.org'...
copying path '/nix/store/s3hvla93pnc4q8xd8c5qgpxgvbclafjv-haskell-grammar-0.0.0+rev=7fa19f1' from 'https://cache.nixos.org'...
copying path '/nix/store/hnb8wdb09fl98z2q2p3752g3mxyqqypc-haskell_persistent-grammar-0.0.0+rev=577259b' from 'https://cache.nixos.org'...
copying path '/nix/store/skws4kdd0zqi93s30xk867wg9vnai2pp-hcl-grammar-0.0.0+rev=fad9918' from 'https://cache.nixos.org'...
copying path '/nix/store/9khbj7pfcx4kk4kv7nw9mh1pb4m0cpcz-heck-0.5.0' from 'https://cache.nixos.org'...
copying path '/nix/store/f4xm0q4cv1w8imd90pv5ry81n8rl2rbm-heex-grammar-0.0.0+rev=b5a7cb5' from 'https://cache.nixos.org'...
copying path '/nix/store/7j1r108bm2gyb0m99myx0qf76hyy2rrd-helm-grammar-0.0.0+rev=5f19a36' from 'https://cache.nixos.org'...
copying path '/nix/store/b5qlinmwm6drkcvijjgcg5njns29h16d-hjson-grammar-0.0.0+rev=02fa3b7' from 'https://cache.nixos.org'...
copying path '/nix/store/ba3p8pqinrazfxcpf0z463v69gcy0g7w-hlsl-grammar-0.0.0+rev=bab9111' from 'https://cache.nixos.org'...
copying path '/nix/store/fv7vlgpwk5iszy6hgh1z7d83z3dnxnwr-hlsplaylist-grammar-0.0.0+rev=3bfda92' from 'https://cache.nixos.org'...
copying path '/nix/store/8jz2xwfhnrabmgc5sywmgji99vf74w8b-hm-modules-messages' from 'https://nix-community.cachix.org'...
copying path '/nix/store/71ycpj1nnlq2jar5p25nly2j6ahjz6zd-hocon-grammar-0.0.0+rev=c390f10' from 'https://cache.nixos.org'...
copying path '/nix/store/n6hwnkrhb52j48h9d7s040qgdig2d6kg-home-configuration-reference-manpage' from 'https://nix-community.cachix.org'...
copying path '/nix/store/l60vk0q962anbc6yz9wwzrk17w0iwin9-hoon-grammar-0.0.0+rev=1545137' from 'https://cache.nixos.org'...
building '/nix/store/6df5ycldidxvg53fq9ifz60my367gkw0-check-link-targets.sh.drv'...
building '/nix/store/xlzk14xqf635k0rlnnjzfxshly0b9595-cleanup.drv'...
building '/nix/store/d7s02f8c9df3ii9xg7n0pp35k9ifv62j-dconf-cleanup.drv'...
copying path '/nix/store/krzl0d1wsd0yagcnlylhc0gjq510av7h-htmldjango-grammar-0.0.0+rev=3a64316' from 'https://cache.nixos.org'...
copying path '/nix/store/gamhkaf0z01i6cka0zcrdrsxhnl2s41d-hurl-grammar-0.0.0+rev=597efbd' from 'https://cache.nixos.org'...
copying path '/nix/store/47vq0l5qbj89g2plqn4khb3ljv4plgnz-httm-0.49.9' from 'https://cache.nixos.org'...
copying path '/nix/store/zzhq2h5idrpzdcsw3f6fq0rb4rk0b4wr-http-grammar-0.0.0+rev=db8b439' from 'https://cache.nixos.org'...
building '/nix/store/fc4ifpmh68s1jbim7pywgpqi9p0dvdfx-link.drv'...
copying path '/nix/store/nh74bblpc90y60shawgd1g3sqahj8g6i-hwdata-0.393' from 'https://cache.nixos.org'...
copying path '/nix/store/jqd4w952rp9y43cbyg67m7jxjir74ysb-hyprlang-0.6.7' from 'https://cache.nixos.org'...
copying path '/nix/store/jn1caavd7vcllfamzfn0zc86qilx9qh2-hyprlang-grammar-0.0.0+rev=22723f2' from 'https://cache.nixos.org'...
copying path '/nix/store/gbz3306vrafz52hhiyfnl2s8134iyg8p-iceauth-1.0.10' from 'https://cache.nixos.org'...
copying path '/nix/store/jw5birk9y0i6mr6s6592rd4awk5s78gr-icomoon-feather-0-unstable-2024-05-11' from 'https://cache.nixos.org'...
copying path '/nix/store/fa6824030wnh68kfdgb3k7dfdvignyfs-idl-grammar-0.0.0+rev=0c9aa15' from 'https://cache.nixos.org'...
copying path '/nix/store/b589zq7q117lpgkry6liivr0jz7x23ay-idris-grammar-0.0.0+rev=c56a25c' from 'https://cache.nixos.org'...
copying path '/nix/store/czpigxwkgbq4874h7r65642sj515m5n8-image-0.25.8' from 'https://cache.nixos.org'...
copying path '/nix/store/iir2jddiw98w7wvikqz24zh7rqna33l6-indexmap-2.12.0' from 'https://cache.nixos.org'...
copying path '/nix/store/7x277nah0xsjnyh1646pcqjkyg717wcl-ini-grammar-0.0.0+rev=bea2237' from 'https://cache.nixos.org'...
copying path '/nix/store/ndgha929pca61df0f1im6i61g9i16rnh-image-webp-0.2.4' from 'https://cache.nixos.org'...
copying path '/nix/store/azrmjhf4lbhasgakzc0giykj1mryv7jh-hyprcursor-0.1.13-lib' from 'https://cache.nixos.org'...
copying path '/nix/store/wmy86s6i8g6xyr7zd87g6svibxnx249c-hypridle-0.1.7' from 'https://cache.nixos.org'...
copying path '/nix/store/x0na11fz1hnw2dq34zl80s6fwqkjn2ic-hyprland-qt-support-0.1.0' from 'https://cache.nixos.org'...
copying path '/nix/store/sjyzkm47yqkpc1g2nwmv5l6in62i6ap8-hyprlock-0.9.2' from 'https://cache.nixos.org'...
copying path '/nix/store/1qm834lld1gszmdbaayp0gh1yxhb6xy9-hyprpaper-0.7.6' from 'https://cache.nixos.org'...
copying path '/nix/store/97828w3yifw1ywkzsj24qr92bjn5cxkp-inko-grammar-0.0.0+rev=1fcbf8c' from 'https://cache.nixos.org'...
copying path '/nix/store/rx2kyxfrr9bv4h2w4kgjk8qfl5xsyra1-install-shell-files' from 'https://cache.nixos.org'...
copying path '/nix/store/d330bhi6sdr38xrmdb3874r4s2rxzmvg-ipxe-1.21.1-unstable-2025-12-03' from 'https://cache.nixos.org'...
copying path '/nix/store/1fxdksid54g6nc7ms772n9z4ap209jqy-is_terminal_polyfill-1.70.2' from 'https://cache.nixos.org'...
copying path '/nix/store/ifqkxv5mmvvmy38dpphnb6vcslicii2k-iso-codes-4.17.0' from 'https://cache.nixos.org'...
building '/nix/store/2swjhapljyy9hsgrb2dabgym9wxmx9cs-hypridle.service.drv'...
building '/nix/store/66178bdcl5micv7ljyk3v4h0rm8dbjm8-toggle-idle.drv'...
copying path '/nix/store/08hrjrgn82h1jmwbpgjnc74abhn0n5fr-ispc-grammar-0.0.0+rev=9b2f9ae' from 'https://cache.nixos.org'...
copying path '/nix/store/8m91bg23r3l4694d3gaabhc8380aavz4-janet_simple-grammar-0.0.0+rev=7e28cbf' from 'https://cache.nixos.org'...
copying path '/nix/store/2y18z26a284hicsq6nyjc3m6sw8jhgzb-hyprland-qtutils-0.1.5' from 'https://cache.nixos.org'...
copying path '/nix/store/yfd4w7rdfksyfr43da6v9ymlmcgf90ji-hyprpolkitagent-0.1.3' from 'https://cache.nixos.org'...
copying path '/nix/store/7si5794yhfhpk5dxgg2smrgi0lj4w1pk-java-grammar-0.0.0+rev=e10607b' from 'https://cache.nixos.org'...
copying path '/nix/store/3vq6m42g2d3l8x2h22xyjlnx1ssggwl9-javadoc-grammar-0.0.0+rev=2533aff' from 'https://cache.nixos.org'...
copying path '/nix/store/kryqn520naqv7ra1savnlcyi8vwdz0sy-jinja-grammar-0.0.0+rev=e589222' from 'https://cache.nixos.org'...
copying path '/nix/store/26f0r063rprkf3n6lv40400knnsf7war-jinja_inline-grammar-0.0.0+rev=e589222' from 'https://cache.nixos.org'...
copying path '/nix/store/jq07r49vk5wa10a1kk2y87nwbbl62qxz-jq-1.8.1-dev' from 'https://cache.nixos.org'...
copying path '/nix/store/jpaq6cy9ynnsjx629dmvpmx8lgvx47yz-hyprland-0.52.2' from 'https://cache.nixos.org'...
copying path '/nix/store/6drxnm73c7wybwra9af0iz6rg9d7a0x0-jq-grammar-0.0.0+rev=c204e36' from 'https://cache.nixos.org'...
copying path '/nix/store/ksmyc4wdnv83v0h6bpy5zmdnvn6lwcqm-jsdoc-grammar-0.0.0+rev=658d18d' from 'https://cache.nixos.org'...
copying path '/nix/store/wli2x22wnmhw460qk30wyffqijh31np0-json-grammar-0.0.0+rev=001c28d' from 'https://cache.nixos.org'...
copying path '/nix/store/x9z1wsjv9zljjk7mw0m590iaw7gr71k6-json5-grammar-0.0.0+rev=aa630ef' from 'https://cache.nixos.org'...
copying path '/nix/store/bzw0vprzmc989sh81cmhd4j56nh4wa6c-jsonc-grammar-0.0.0+rev=02b0165' from 'https://cache.nixos.org'...
building '/nix/store/y7kmfq3c9wfrv6z2rmnk0gf1zny9r29s-config.json.drv'...
building '/nix/store/k6w93r5sh5a3xi2rggpvxfa3h2l1cvns-waybar-config.json.drv'...
copying path '/nix/store/m4kkprcag3h6d0k9gck41r9hlv56cxdp-jsonnet-grammar-0.0.0+rev=ddd075f' from 'https://cache.nixos.org'...
copying path '/nix/store/3h0m76crj6c7igh0knwkn5c006r2kh74-julia-grammar-0.0.0+rev=12a3aed' from 'https://cache.nixos.org'...
copying path '/nix/store/1pg1lsz1hmyiwq9vg379c1w7hy5753iq-just-grammar-0.0.0+rev=bb0c898' from 'https://cache.nixos.org'...
copying path '/nix/store/41yj30d5n7qy00qw9xr7hv6sfqycjhqy-kcl-grammar-0.0.0+rev=b0b2eb3' from 'https://cache.nixos.org'...
copying path '/nix/store/2nnvm7b8wlqn7lxzbna3hc6czaa1vajm-docker-plugins' from 'https://cache.nixos.org'...
copying path '/nix/store/wpbjxsly6fryb2hqsjpycckcf51mwpms-kconfig-grammar-0.0.0+rev=9ac99fe' from 'https://cache.nixos.org'...
copying path '/nix/store/afgwamaxd29wzspfac9bnk22niyh1sfl-kdl-grammar-0.0.0+rev=b37e3d5' from 'https://cache.nixos.org'...
copying path '/nix/store/mjq8kfjyk9z862nj2bzw24k8mzdndhq8-kitty-0.44.0-terminfo' from 'https://cache.nixos.org'...
copying path '/nix/store/6hryq29cb9kimnzhasiifzjfkcrxhzjf-kitty-grammar-0.0.0+rev=2e9b602' from 'https://cache.nixos.org'...
copying path '/nix/store/sqmbfzw86v502pp6s84mqdklq57936av-kmod-31-dev' from 'https://cache.nixos.org'...
copying path '/nix/store/2p4fdnd2d2dczhs9bmr9jygva51swn7l-docker-28.5.1' from 'https://cache.nixos.org'...
copying path '/nix/store/xib93n12k7r8cs4p41rszbr2bx3ca5ay-docker-28.5.1' from 'https://cache.nixos.org'...
copying path '/nix/store/qlvjyhrdg90y8zj7544m1kncwhvwfy3b-kmon-1.7.1' from 'https://cache.nixos.org'...
copying path '/nix/store/pi7zz6mm0v3plrbkp16iqav0h30l3paj-kotlin-grammar-0.0.0+rev=57fb456' from 'https://cache.nixos.org'...
copying path '/nix/store/5h97ckx0l9fliw4abmnm8imz3q6l0rv1-kitty-0.44.0' from 'https://cache.nixos.org'...
copying path '/nix/store/zi5mhbynb40iv8igq6z7ywac7d5x2mr0-koto-grammar-0.0.0+rev=2ffc77c' from 'https://cache.nixos.org'...
copying path '/nix/store/xba8myv0s2kxx720ddy7ra4hwi48wnh1-kurbo-0.11.3' from 'https://cache.nixos.org'...
copying path '/nix/store/dv8fc4drczk2gy24py53ip4r8ab117d8-kusto-grammar-0.0.0+rev=8353a12' from 'https://cache.nixos.org'...
copying path '/nix/store/kcqcb2jrb5xfgs4dwv6ldz8j61dp4lli-lalrpop-grammar-0.0.0+rev=8d38e97' from 'https://cache.nixos.org'...
copying path '/nix/store/6vrfz6iyprx81cdq4cq4mgap0zdz1f3z-latex-grammar-0.0.0+rev=73c9b89' from 'https://cache.nixos.org'...
copying path '/nix/store/pdvhj2is4c7092shnqfc3a9g4pwpj6n5-lazyjournal-0.8.1' from 'https://cache.nixos.org'...
copying path '/nix/store/09brczx4szah13gv6kpphbj6hfa1rmzp-lebe-0.5.3' from 'https://cache.nixos.org'...
copying path '/nix/store/h9h4439209r5apwwii0m784j819js7w0-ledger-grammar-0.0.0+rev=96c92d4' from 'https://cache.nixos.org'...
copying path '/nix/store/9bnggjcg3ygbw2jlmdh7slrk9icv2qif-leo-grammar-0.0.0+rev=6bc5564' from 'https://cache.nixos.org'...
copying path '/nix/store/cim8ndfdl6rjsaad9jhcwm6xz138pva0-libappindicator-gtk3-12.10.1+20.10.20200706.1-dev' from 'https://cache.nixos.org'...
copying path '/nix/store/ansimg34nn7cmwlf7mrskwd5fdlrdxww-libbytesize-2.12' from 'https://cache.nixos.org'...
copying path '/nix/store/hn41ryfspq9zszbz8sfjn7yy2h8bbv3c-libc-0.2.177' from 'https://cache.nixos.org'...
copying path '/nix/store/0lrgmvfxz91jxbjsikkzwwblcp7xmrc8-libev-4.33' from 'https://cache.nixos.org'...
copying path '/nix/store/zi4cpvhnzh5kffjva0k1p476s3xkwng2-libgcrypt-1.10.3' from 'https://cache.nixos.org'...
copying path '/nix/store/g5d7rn4mak4gvyckx3025rnrxn494001-libgcrypt-1.11.2' from 'https://cache.nixos.org'...
copying path '/nix/store/qr3y1ynr57jfl4n4q8lzc9mbhyl20w57-libgpg-error-1.55-dev' from 'https://cache.nixos.org'...
copying path '/nix/store/asfna9xm4kzi7gryq1ky3vp7arcf8icm-libblockdev-3.4.0' from 'https://cache.nixos.org'...
copying path '/nix/store/zjm3qjc5yjrp0yc5j8i32vdlk966v0mn-libgtop-2.41.3-dev' from 'https://cache.nixos.org'...
copying path '/nix/store/a3v2wifbvs0wcab76006p2wgd22ci5cl-libidn2-2.3.8-bin' from 'https://cache.nixos.org'...
copying path '/nix/store/97i9n13jaz5xyqq8650y60lyg612jkpc-libm-0.2.15' from 'https://cache.nixos.org'...
copying path '/nix/store/64rrdphwm91r90l4dzqrp7fpna0jjb1i-libgcrypt-1.11.2-dev' from 'https://cache.nixos.org'...
copying path '/nix/store/w88plgnmj494cf0wa9z5y1vyn5f807j4-libmtp-1.1.22-bin' from 'https://cache.nixos.org'...
copying path '/nix/store/dvlvxzg30msbnd9bf71h512wi2rb1pc4-libndctl-79-man' from 'https://cache.nixos.org'...
copying path '/nix/store/h02475ibf9v0mvsmrm9f8rpywqn5w196-libidn2-2.3.8-dev' from 'https://cache.nixos.org'...
copying path '/nix/store/093ny4p98mw3qd12ykc562fqxvy488pa-libnice-0.1.22-bin' from 'https://cache.nixos.org'...
copying path '/nix/store/j49gxzqqczhs22xrvglan9d0jqvwb971-libnotify-0.8.7-dev' from 'https://cache.nixos.org'...
copying path '/nix/store/6kmmf8mi5w3adwlqf1fzfagcj2dqpxrp-libomemo-c-0.5.1' from 'https://cache.nixos.org'...
copying path '/nix/store/wcjmi6mb3r6rdv7wv0j9hsxkgcfs5qn3-libotf-0.9.16' from 'https://cache.nixos.org'...
copying path '/nix/store/s4vnadmvcv7qxbv9pv6a4csd07384cax-libpsl-0.21.5-dev' from 'https://cache.nixos.org'...
copying path '/nix/store/gzh8pg4ljrhwbanz8brdkm5b0wlvji9d-libsoup-3.6.5-dev' from 'https://cache.nixos.org'...
copying path '/nix/store/yygfl7jr7nj0q9fi477bj6058h3q82p3-libssh2-1.11.1-dev' from 'https://cache.nixos.org'...
copying path '/nix/store/hjibhkx5b58892av4wg4xabnwy8dzpci-libnice-0.1.22-dev' from 'https://cache.nixos.org'...
copying path '/nix/store/d5s1ab9ynjsh45js7d75ijxklzqm49r0-libunistring-1.3' from 'https://cache.nixos.org'...
copying path '/nix/store/0zm3cjig7b67kg8zi0mvqwn2a1ylxba6-liburing-2.9' from 'https://cache.nixos.org'...
building '/nix/store/3n42ais31r3rcfddqgk4pms0ps7589mf-google-chrome-143.0.7499.40.drv'...
copying path '/nix/store/id5f5bnfrpm0z6vbpqmdlwrmm6cin6zd-libadwaita-1.8.1-dev' from 'https://cache.nixos.org'...
copying path '/nix/store/9gdp48s88r0lzb5wf9lgrz2d3zp317i9-linkerscript-grammar-0.0.0+rev=f99011a' from 'https://cache.nixos.org'...
copying path '/nix/store/dlfjyqx1c99z7szp881jpnzbakw8m97x-linux-headers-6.12.7' from 'https://cache.nixos.org'...
copying path '/nix/store/1gqka8n9rc24nbd7fr62v9f8wrmvz0lg-dino-0.5.1' from 'https://cache.nixos.org'...
copying path '/nix/store/3jhk353r0pvkfb72hsl5wzq6bjxx4swc-gupnp-1.6.9-dev' from 'https://cache.nixos.org'...
copying path '/nix/store/al47fj3yfl30gbb66x1fnlb1d6wg4li0-linux-raw-sys-0.11.0' from 'https://cache.nixos.org'...
copying path '/nix/store/qgr13yvywhjka9lmcw4gzvlvz4bj3yhr-liquid-grammar-0.0.0+rev=d6ebde3' from 'https://cache.nixos.org'...
copying path '/nix/store/hhq3d39c8v98f35zm3xj3irj2fk8fbc6-liquidsoap-grammar-0.0.0+rev=4de01f4' from 'https://cache.nixos.org'...
copying path '/nix/store/3mw156y7j53c4pbfn8jzff5vrimpwlk3-litrs-1.0.0' from 'https://nix-community.cachix.org'...
copying path '/nix/store/jn1293h945plqdvkzblqplvqnksb3s2p-gupnp-igd-1.6.0-dev' from 'https://cache.nixos.org'...
copying path '/nix/store/z3wkwi8kbqnq6zclz6wys6ab6q9xh9ic-llvm-grammar-0.0.0+rev=2914786' from 'https://cache.nixos.org'...
copying path '/nix/store/vi5fmmv0q0z9rjf3jfis7q2i9g05l8s2-libidn2-2.3.8' from 'https://cache.nixos.org'...
copying path '/nix/store/5nkzpxmr79g6zmp7rrvf4sqmqac76sq1-log-0.4.28' from 'https://cache.nixos.org'...
copying path '/nix/store/mzs42nhpw9mkprcc00gigmlsll1ykqym-losslesscut-3.64.0-extracted' from 'https://cache.nixos.org'...
copying path '/nix/store/3mqm1zdk4h11mzrs72j9c3i976iyg8pa-lstr-0.2.1' from 'https://cache.nixos.org'...
copying path '/nix/store/rrsj232zk8i63cdzcv7kp484rpfm47zh-luadoc-grammar-0.0.0+rev=873612a' from 'https://cache.nixos.org'...
copying path '/nix/store/jzxyv60rhdggb22rxkml5fjqrhyqb0cc-luajit2.1-jsregexp-0.0.7-2' from 'https://cache.nixos.org'...
copying path '/nix/store/5fkzl0fh50xlwj5jyacjrqa55sbsbn55-luajit2.1-say-1.4.1-3' from 'https://cache.nixos.org'...
copying path '/nix/store/cw0v4qhyp660x5wzl002lc44khqbmig0-luap-grammar-0.0.0+rev=c134aae' from 'https://cache.nixos.org'...
copying path '/nix/store/yzgy5n4fa1piay40ys5900n9wv929nsi-luau-grammar-0.0.0+rev=a8914d6' from 'https://cache.nixos.org'...
copying path '/nix/store/c7km8i5zxp8wbdg3k2ss7kpqqjg6bvg0-lz4-1.10.0' from 'https://cache.nixos.org'...
copying path '/nix/store/ng41glp0n7mjv4f3ahqb70i3b0sxpg40-m17n-db-1.8.10' from 'https://cache.nixos.org'...
copying path '/nix/store/3r4igwi1zvpxyc799c4w5j877an5y5i5-m68k-grammar-0.0.0+rev=e128454' from 'https://cache.nixos.org'...
copying path '/nix/store/8ga84m0r6m1wqm6lb210lv31a3g6j1px-luajit2.1-luassert-1.9.0-1' from 'https://cache.nixos.org'...
copying path '/nix/store/p21yrv5iyr5f3ga3mz5pylgd09xk17cy-macchina-6.4.0' from 'https://cache.nixos.org'...
copying path '/nix/store/4kw98q84pbv2nwq3ay12aavfa9zi4d9z-mailcap-2.1.54' from 'https://cache.nixos.org'...
copying path '/nix/store/9dl8pc1mcx1bhpab8k3kb6v4qdnafj5v-make-grammar-0.0.0+rev=a4b9187' from 'https://cache.nixos.org'...
copying path '/nix/store/zyh3hv04y0s0lx77h1a8arn329b38s7g-lz4-1.10.0-dev' from 'https://cache.nixos.org'...
copying path '/nix/store/bl98riwvya9f5pdpryyg8nsp7fz0rrbp-mapscii-0.3.1' from 'https://cache.nixos.org'...
copying path '/nix/store/7ha2ic62ma7zl273hvhqwbw22sgqs9ya-luajit2.1-plenary.nvim-scm-1' from 'https://cache.nixos.org'...
copying path '/nix/store/04pq8d4ks7vdjq6z1fa58xynywnjxi7l-material-symbols-4.0.0-unstable-2025-09-18' from 'https://cache.nixos.org'...
copying path '/nix/store/098psj8y97m6574qsrvwhzvl6yfadddp-matugen-3.1.0' from 'https://cache.nixos.org'...
copying path '/nix/store/alwap363qh3830grkg5abvdfg0h9r9nn-matlab-grammar-0.0.0+rev=37941b2' from 'https://cache.nixos.org'...
copying path '/nix/store/zksgpwizknd3knjdm9kxcxgiwvib9fv2-mcat-unwrapped-0.4.6' from 'https://cache.nixos.org'...
copying path '/nix/store/j4rga6pzv5d8dfd3jfkrrrcd977lgi5f-mdcat-2.7.1' from 'https://cache.nixos.org'...
copying path '/nix/store/x1wzkx3ym5x1n07zw4d6407anpk5gi51-memchr-2.7.6' from 'https://cache.nixos.org'...
copying path '/nix/store/3295ph65ig8zv47b1w5b5wj2v56ggf5c-m17n-lib-1.8.6' from 'https://cache.nixos.org'...
copying path '/nix/store/4qgx8sdly3vm30irq5h3asq7ikw2xiw4-memmap2-0.9.9' from 'https://nix-community.cachix.org'...
copying path '/nix/store/7bb56lz2vs00p98bxk5nx14nphr80c90-menhir-grammar-0.0.0+rev=be8866a' from 'https://cache.nixos.org'...
building '/nix/store/81vms56xzj5ixdzn2c4pq2k6csvpyfam-glances-server.drv'...
building '/nix/store/dl72s1r3784ypzxx3wbbr1m5bzb92p4v-unit-docker-prune.service.drv'...
building '/nix/store/4xw48c2lb55d7yf9h2pixp74bikd634r-unit-docker.service.drv'...
building '/nix/store/ixknsg41znim3pbhvz8zhhbv57inx6nr-zcli.drv'...
copying path '/nix/store/f15bqw35qiizfmfbj8bk3h0zzlah7rya-mermaid-grammar-0.0.0+rev=90ae195' from 'https://cache.nixos.org'...
copying path '/nix/store/ar4bcmfhns6gilp0jhnkyna4figqj2jy-mesa-25.3.1' from 'https://cache.nixos.org'...
copying path '/nix/store/0zrnfywxc127p2v6q23bb20qbmhpha62-meslo-lg-1.2.1' from 'https://cache.nixos.org'...
copying path '/nix/store/rrhjn8d4zpsrl2mydvic2f68d59xwnzb-meson-grammar-0.0.0+rev=280b6e5' from 'https://cache.nixos.org'...
copying path '/nix/store/k821nsl6b2cs91aiihlc0vhw5g75s4kc-microcode-intel-20251111' from 'https://cache.nixos.org'...
copying path '/nix/store/mw6d83qifjq5xb92a6giv4ms2adrys3x-miniz_oxide-0.8.9' from 'https://cache.nixos.org'...
copying path '/nix/store/7ljb0cnv51jcysdq23jbb0v3cs7jvmkn-mirrors-list' from 'https://cache.nixos.org'...
copying path '/nix/store/01vlasl3qnpbgra77gq39x6qgxgfj9z4-emacs-30.2' from 'https://cache.nixos.org'...
copying path '/nix/store/b2m37vf2spr95r303dmw8ngqwfxm89x4-mission-center-1.1.0' from 'https://cache.nixos.org'...
copying path '/nix/store/wdv5w9rakvmlxdncygdpc6rkazk1avg0-mkfontscale-1.2.3' from 'https://cache.nixos.org'...
copying path '/nix/store/557ipd3pghhr2k763ykbr3m9igg8wpc6-mlir-grammar-0.0.0+rev=80ac665' from 'https://cache.nixos.org'...
copying path '/nix/store/q2jjaa76l1d5w15p3r3raj2vxb0ysv3w-mobile-broadband-provider-info-20240407' from 'https://cache.nixos.org'...
copying path '/nix/store/fwpkqryk9lvmsfpqwfr2nsyap9wi8gbp-moxcms-0.7.9' from 'https://nix-community.cachix.org'...
copying path '/nix/store/bv18kyglk01rzay3jcrpbzhlj4f8knva-mupdf-1.26.10' from 'https://cache.nixos.org'...
copying path '/nix/store/k4w90658s2my4cfj7ky3npn3q94la253-mustache-go-1.4.0' from 'https://cache.nixos.org'...
copying path '/nix/store/pzibjrw06qy627zg8gayw2svyipqzz5n-muttrc-grammar-0.0.0+rev=173b0ab' from 'https://cache.nixos.org'...
copying path '/nix/store/20vc87a9j5ci5zlygw6m7i194rsyh3c5-nasm-grammar-0.0.0+rev=d1b3638' from 'https://cache.nixos.org'...
copying path '/nix/store/m31hjh5c5vafd8q7raywcw9n5p3l00iz-nchat-5.11.32' from 'https://cache.nixos.org'...
copying path '/nix/store/shh7pqf108b5cnnqfxrd25s0158pzgfd-neohtop-1.2.0' from 'https://cache.nixos.org'...
copying path '/nix/store/njz3qxmhkjcaywvndi1q3algprgk2ygr-nerd-fonts-caskaydia-mono-3.4.0+2407.24' from 'https://cache.nixos.org'...
building '/nix/store/v0wld61p4jald06ff1xqdkkhhmzfjgim-base16-stylix.scss.drv'...
copying path '/nix/store/q5cnbbswfnhx0l6maqhqfvqfdndrd6lw-nerd-fonts-code-new-roman-3.4.0+2.0' from 'https://cache.nixos.org'...
copying path '/nix/store/91f1cfvfxc9dzm4ki5zpkn4bgk2lgyiz-nerd-fonts-dejavu-sans-mono-3.4.0+2.37' from 'https://cache.nixos.org'...
copying path '/nix/store/lhimx2nkfgcmz7p7hwharc6pjj34h5b3-nerd-fonts-fira-mono-3.4.0+3.206' from 'https://cache.nixos.org'...
copying path '/nix/store/kixqgiaymh7g0hfz65ccv3x5ymrzfcg5-nerd-fonts-hack-3.4.0+3.003' from 'https://cache.nixos.org'...
copying path '/nix/store/rnxp03wxqahvchpsgwgw339fn5ybi6j8-mcat' from 'https://cache.nixos.org'...
copying path '/nix/store/wsgx33afcjf3gqk4h3i102ri8nimyvia-nerd-fonts-iosevka-3.4.0+33.2.1' from 'https://cache.nixos.org'...
copying path '/nix/store/n9k4q6lmiqx4jxbqmksjrpx9mik2dabz-nerd-fonts-meslo-lg-3.4.0+1.21' from 'https://cache.nixos.org'...
copying path '/nix/store/v3rwv0yi4m0nh7li17zac74d4rv225g6-nerd-fonts-space-mono-3.4.0+1.001' from 'https://cache.nixos.org'...
copying path '/nix/store/ldfjqndzsy17z6q9x1lbz8z845yav4s5-nerd-fonts-ubuntu-3.4.0+0.83' from 'https://cache.nixos.org'...
copying path '/nix/store/6g6mc3bhg97jxhq2g8591882r98hm5rq-nerdfetch-8.4.2' from 'https://cache.nixos.org'...
copying path '/nix/store/1g2iqdfip7x9q62x2ba1niinrnff09wm-nethogs-0.8.8' from 'https://cache.nixos.org'...
copying path '/nix/store/ar61s11kqkyccjj9m4291da0j6q6gb8r-netop-0.1.4' from 'https://cache.nixos.org'...
copying path '/nix/store/18ivsr6gwwxxgj2m95f7m3i9asw0l027-netpeek-0.2.5' from 'https://cache.nixos.org'...
copying path '/nix/store/jmnv3qq7j0qfw7dmbkf0f3y7syl1i99z-netscanner-0.6.3' from 'https://cache.nixos.org'...
copying path '/nix/store/lwyvmgqr66xs7xhzxp2yw4j4r8r6r1za-nettle-3.10.2-dev' from 'https://cache.nixos.org'...
copying path '/nix/store/ab0vkfi0bibpnpcx8pz6galnw5zyixzj-nghttp2-1.65.0' from 'https://cache.nixos.org'...
building '/nix/store/jqy9hh74zaqyl740k8pb05m3rsfkbl47-holiday-countdown-0.1.0.drv'...
building '/nix/store/c6r3rjvwwvsg7zl4mrrnfr1lyswsqdim-xmas-timer-0.1.0.drv'...
copying path '/nix/store/x1f92dlc0m0b6ms913n7cfqi8gylhv4i-nghttp2-1.67.1' from 'https://cache.nixos.org'...
copying path '/nix/store/x9x748d49jjpni3sgdgva1y1qdyq6vsj-nghttp3-1.12.0-dev' from 'https://cache.nixos.org'...
copying path '/nix/store/8fddhlndbk7h31wz3f3494sjmgz1kj2b-nginx-grammar-0.0.0+rev=989da76' from 'https://cache.nixos.org'...
copying path '/nix/store/ws1v3raismqzcim8f9fd4ycbpr2cqk1k-ngtcp2-1.17.0-dev' from 'https://cache.nixos.org'...
copying path '/nix/store/fr4pi9nvk6b6dd8p7nxh1ijln6is49c1-gnutls-3.8.10-dev' from 'https://cache.nixos.org'...
copying path '/nix/store/wln544sgbrqryig065yhpdg3cn6c57p1-nickel-grammar-0.0.0+rev=f77c02d' from 'https://cache.nixos.org'...
copying path '/nix/store/kffzggaj5823r3cmckkfmjlp4c836rrv-nil-2025-06-13' from 'https://cache.nixos.org'...
copying path '/nix/store/f7ipd35k9vhzm1jvd0w4cqa37b3zlc33-nim-grammar-0.0.0+rev=4ad3527' from 'https://cache.nixos.org'...
copying path '/nix/store/07aflxhwqhsmy85aqa4ll213l2vf1jvh-nim_format_string-grammar-0.0.0+rev=d45f750' from 'https://cache.nixos.org'...
copying path '/nix/store/q33j1mczyv7lb3ml755b1z0ldp8yg8ql-ninja-grammar-0.0.0+rev=0a95cfd' from 'https://cache.nixos.org'...
copying path '/nix/store/5a95fcsp8wyrhyvvcd5x6mj04anv5nml-networkmanager-1.54.1-dev' from 'https://cache.nixos.org'...
copying path '/nix/store/2pxl51cnjw24ma7mwfnmw7ilg9pr54lb-nix-manual-2.31.2' from 'https://cache.nixos.org'...
copying path '/nix/store/n1rcq1pxxyc72zx2lzbrs11wy91q01bg-nghttp2-1.67.1-dev' from 'https://cache.nixos.org'...
copying path '/nix/store/h8wn5ibryfa4n4fmkpswfyww10g5mkn0-nix-manual-2.31.2-man' from 'https://cache.nixos.org'...
copying path '/nix/store/1npz55pvdgnn8lp0hzcd0sljy3vwv7j2-nix-search-tv-2.2.3' from 'https://cache.nixos.org'...
copying path '/nix/store/67ci3q24lyy50yqgdm0f3ymj69yam4r4-nix-util-2.30.3' from 'https://cache.nixos.org'...
copying path '/nix/store/iqyid976pfn6ya5bl0jrij9gvgw5iwb5-nixf-2.7.0' from 'https://cache.nixos.org'...
copying path '/nix/store/ikmdk37frjdblkba3wl3xws2wwgln17x-curl-8.17.0-dev' from 'https://cache.nixos.org'...
copying path '/nix/store/0nb87nzr9dmi9h87xp0xr9rvi12rspda-nixos-option' from 'https://cache.nixos.org'...
copying path '/nix/store/c6w97psdwhri62p3qcr76ybnmrp55cdl-nix-2.31.2-man' from 'https://cache.nixos.org'...
copying path '/nix/store/lb4q54dqmk12lihdxgi3hwfcwnbzhs2i-nix-store-2.30.3' from 'https://cache.nixos.org'...
copying path '/nix/store/kvjsb5qkp5pwyj7b2dgkrqry02jdap0r-nixvim-configuration-reference-manpage' from 'https://nix-community.cachix.org'...
copying path '/nix/store/b9lfvr0vdn2ifschzycvvsc5l2bya2mb-nodejs-22.20.0-source' from 'https://cache.nixos.org'...
copying path '/nix/store/7aza7maknkk1c47b32374558m77n9ibn-noto-fonts-2025.12.01' from 'https://cache.nixos.org'...
copying path '/nix/store/7jbwp4rmf668l74ila7dby06wz776zfc-npm-build-hook' from 'https://cache.nixos.org'...
copying path '/nix/store/6h7zpqhiz9p97c9h37w37saxwcc5szj9-nqc-grammar-0.0.0+rev=14e6da1' from 'https://cache.nixos.org'...
copying path '/nix/store/v3y369a1a0vx7c4af1w4q1pq9r9417hx-nspr-4.38.2-dev' from 'https://cache.nixos.org'...
copying path '/nix/store/8a9bbrgn5araq7rsj8cqbfp0l02a9jni-nix-2.31.2-doc' from 'https://cache.nixos.org'...
copying path '/nix/store/8cvcs27li39akimxm27gn0f0jbqxwvil-nu-grammar-0.0.0+rev=6544c43' from 'https://cache.nixos.org'...
copying path '/nix/store/spy3ggylq4ifrb028wwzmd7w1absaz39-nuke-references' from 'https://cache.nixos.org'...
copying path '/nix/store/5ndx01d0s747mxnbnzzpv4klz4ksjzla-num-bigint-0.4.6' from 'https://cache.nixos.org'...
copying path '/nix/store/zsqbhz8jmlyncq972x41qslpci8nw5sx-num-derive-0.4.2' from 'https://cache.nixos.org'...
copying path '/nix/store/pkvpy32vagymrhnyzhxm7rcdf8mi0iar-nss-3.112.2-dev' from 'https://cache.nixos.org'...
building '/nix/store/m5y76qavva124sbbmjpinxb68rqw2ki9-linux-6.18-modules-shrunk.drv'...
copying path '/nix/store/wn1bwp0gl82x8ymq0z31g57xyyjyh8ib-num-integer-0.1.46' from 'https://cache.nixos.org'...
copying path '/nix/store/w8ii0y950dvz88n06dff9pw0a0a7zsxl-num-rational-0.4.2' from 'https://cache.nixos.org'...
copying path '/nix/store/q7k9jkynsdvbhkq0v3imgg6gmbmgf80z-num-traits-0.2.19' from 'https://cache.nixos.org'...
copying path '/nix/store/kx4ic1nmgsfh3qhr74vxq7g97pal7mn4-nushell-0.108.0' from 'https://cache.nixos.org'...
copying path '/nix/store/3kmalwifcpbrm04izbkynx4c24nl96xc-nwg-bar-0.1.6' from 'https://cache.nixos.org'...
copying path '/nix/store/80w4qd6d24rlb1ss2qavl3rk5jcfm4g7-nwg-drawer-0.7.4' from 'https://cache.nixos.org'...
copying path '/nix/store/q5vqg2ihj9rm9d75pffjs7yc7ygagjfl-objc-grammar-0.0.0+rev=181a81b' from 'https://cache.nixos.org'...
copying path '/nix/store/bjp2qw19p0xscfnpzchv4xikz4zcix0k-objdump-grammar-0.0.0+rev=28d3b2e' from 'https://cache.nixos.org'...
copying path '/nix/store/x2zk4v8dm4cr44i7f06ld7202h9dsczh-ocaml-grammar-0.0.0+rev=3ef7c00' from 'https://cache.nixos.org'...
building '/nix/store/xynzyybs9vzvs5gzjd57yw8fia9wg140-closure-info.drv'...
copying path '/nix/store/h7r2hg29bzqllbzybld68sgygf2a2r0j-nix-fetchers-2.30.3' from 'https://cache.nixos.org'...
copying path '/nix/store/q9vjdbjicw5hmdjvxvy8k7klal2vamqp-nix-main-2.30.3' from 'https://cache.nixos.org'...
building '/nix/store/d7w7zp91cwy8g3xbj3a3a21d38i7ip67-initrd-linux-6.18.drv'...
copying path '/nix/store/cld35d7lbddyyf8q748y668fm9r4cchj-ocaml_interface-grammar-0.0.0+rev=3ef7c00' from 'https://cache.nixos.org'...
building '/nix/store/28yh6d94id318xzhcij7lxry7jkqcg7y-boot.json.drv'...
copying path '/nix/store/144bcl4pvs51n9psivyn3j4gxnv6smmv-ocamllex-grammar-0.0.0+rev=33722b8' from 'https://cache.nixos.org'...
copying path '/nix/store/600l8vszc5ld88kijvrzm75zjvfcpkji-nix-expr-2.30.3' from 'https://cache.nixos.org'...
copying path '/nix/store/dda7kacc3njqr4xm70y54d8rwdsflw5r-odin-grammar-0.0.0+rev=d2ca8ef' from 'https://cache.nixos.org'...
copying path '/nix/store/4xd61a5qgvfggyf3k5klgb2l305lvrcn-once_cell-1.21.3' from 'https://cache.nixos.org'...
copying path '/nix/store/2i5467z9xq179bm148jb8mqb0ycxrjp5-once_cell_polyfill-1.70.2' from 'https://cache.nixos.org'...
copying path '/nix/store/in8r38zqb52a9x83avwxw098g7h4f88x-openjpeg-2.5.4-dev' from 'https://cache.nixos.org'...
copying path '/nix/store/f2m3c3wibaqkx4i6lb124ifb71f0nnzc-oxker-0.12.0' from 'https://cache.nixos.org'...
copying path '/nix/store/rgnmhjk5xzlazwr6b79shm5619s1i3m2-papirus-icon-theme-20250501' from 'https://cache.nixos.org'...
copying path '/nix/store/jri2r21jj944lyl3jj51yrq9bchhgcvk-parallel-disk-usage-0.21.1' from 'https://cache.nixos.org'...
copying path '/nix/store/yif5x0xrsjg3489psxx6w223ckv344dc-nix-flake-2.30.3' from 'https://cache.nixos.org'...
building '/nix/store/gv32p1k808ysdx0xlsrmb1wrycqfkndr-ns.drv'...
copying path '/nix/store/jr2qgxm2zxg28qyhjxhraihmpzw1q5cf-nixt-2.7.0' from 'https://cache.nixos.org'...
copying path '/nix/store/p88wxv5lym7rszya71igsdsn257sv16b-nix-cmd-2.30.3' from 'https://cache.nixos.org'...
copying path '/nix/store/3j9j5700f5v582mgnd82w3nbyvxmvck0-pascal-grammar-0.0.0+rev=5054931' from 'https://cache.nixos.org'...
copying path '/nix/store/23p0ilg0kdvsk9pc7rg5y42i2klxmj2p-passwd-grammar-0.0.0+rev=2023939' from 'https://cache.nixos.org'...
copying path '/nix/store/vdcbfj2zi6r3hjpfifq4xdhrs8xy2bx2-pem-grammar-0.0.0+rev=e525b17' from 'https://cache.nixos.org'...
copying path '/nix/store/d7wcb24k519yhn8k208fi8c00a81w25a-perl-grammar-0.0.0+rev=0c24d00' from 'https://cache.nixos.org'...
copying path '/nix/store/zj3jfrchhgybshvd0fzarrs3pp2r0wfl-nixd-2.7.0' from 'https://cache.nixos.org'...
copying path '/nix/store/9hkmjwiwmzjhc3bldlzjfllx35kb0z72-perl5.40.0-Encode-Locale-1.05' from 'https://cache.nixos.org'...
copying path '/nix/store/wyfc8fx4h9fw9jscjb69pldxz7npy948-perl5.40.0-HTML-Tagset-3.20' from 'https://cache.nixos.org'...
copying path '/nix/store/hp1khv252qq4mf8bca6mgwnddjhk4xwi-perl5.40.0-IO-HTML-1.004' from 'https://cache.nixos.org'...
copying path '/nix/store/vnqqvbgal8ka6mpv7b544kikalna6w64-mupdf-1.26.10-bin' from 'https://cache.nixos.org'...
copying path '/nix/store/x74qfb5bwz1mc8vf8cza7b6c62kcy23r-perl5.40.0-IPC-System-Simple-1.30' from 'https://cache.nixos.org'...
copying path '/nix/store/ngvraf6n06mdc2arhcaz6hqc6i9n55c3-perl5.40.0-LWP-MediaTypes-6.04' from 'https://cache.nixos.org'...
copying path '/nix/store/2f26afhylw5929dzsw3sd6yxqnv7jc0a-perl5.40.0-Test-Needs-0.002010' from 'https://cache.nixos.org'...
copying path '/nix/store/fg9kf6i51a5d0a526lh81x7vlp4sn6gj-perl5.40.0-Test-RequiresInternet-0.05' from 'https://cache.nixos.org'...
copying path '/nix/store/55hq32l96ck1jgfdq2q0xa8c82gb3cmc-perl5.40.0-TimeDate-2.33' from 'https://cache.nixos.org'...
copying path '/nix/store/rgs44kfbivlfqj3mmxwnhnc03g588kkg-perl5.40.0-File-BaseDir-0.09' from 'https://cache.nixos.org'...
copying path '/nix/store/gni1fvxkj5cn8qlj27qz30hz1ilcf826-perl5.40.0-Try-Tiny-0.31' from 'https://cache.nixos.org'...
copying path '/nix/store/ifk5d3lg114pqlm5j8pyhvvj19652cmn-perl5.40.0-URI-5.21' from 'https://cache.nixos.org'...
copying path '/nix/store/3pf3xl1204i14xm186av77lpgj2wr3jj-libcupsfilters-2.1.1' from 'https://cache.nixos.org'...
copying path '/nix/store/0zjblvv200d9snskhca0dvaffw171n9j-php-grammar-0.0.0+rev=b2278db' from 'https://cache.nixos.org'...
copying path '/nix/store/3lwgl9b6mv8rnqn9bnrjkj7m6h1p259p-perl5.40.0-HTTP-Date-6.06' from 'https://cache.nixos.org'...
copying path '/nix/store/cy7d47898fmzn1fkh2msi5cc5xji66d1-php_only-grammar-0.0.0+rev=b2278db' from 'https://cache.nixos.org'...
copying path '/nix/store/pvcgn24aldi3jpib51va7kgay77iy565-perl5.40.0-Test-Fatal-0.017' from 'https://cache.nixos.org'...
copying path '/nix/store/pli5jqi3p7ma4b8sb8pp6gjn17n49rxb-perl5.40.0-File-DesktopEntry-0.22' from 'https://cache.nixos.org'...
copying path '/nix/store/ph5pv9f7pimg7pj8zb72fslinlmlsdda-perl5.40.0-Net-HTTP-6.23' from 'https://cache.nixos.org'...
copying path '/nix/store/cs3bmq8ppvm13icjdwdp5f753j663ck6-perl5.40.0-File-Listing-6.16' from 'https://cache.nixos.org'...
copying path '/nix/store/1yzyw24zirzv7p3fb9aikik9hpg2yl6i-perl5.40.0-HTTP-CookieJar-0.014' from 'https://cache.nixos.org'...
copying path '/nix/store/r5syz7c6hpviypkpxsmlxnfvhc8f9s4y-perl5.40.0-WWW-RobotRules-6.02' from 'https://cache.nixos.org'...
copying path '/nix/store/8vg06frn6776whcfj4xjy2z3hhzkrd52-phpdoc-grammar-0.0.0+rev=03bb103' from 'https://cache.nixos.org'...
copying path '/nix/store/7bw24i5qa93q41l0073y31z10ff1dz8p-pico-args-0.5.0' from 'https://cache.nixos.org'...
copying path '/nix/store/45b9795i7qfzyn4c2q1s0xzl24hf2vx4-pik-0.27.0' from 'https://cache.nixos.org'...
copying path '/nix/store/fwn13n0ym0slnqyw6c6gy79cs6wdd3wg-pioasm-grammar-0.0.0+rev=afece58' from 'https://cache.nixos.org'...
copying path '/nix/store/kbvymlmc5qf4mvcdla2qp0kb6vhn5ryx-pkg-config-0.3.32' from 'https://cache.nixos.org'...
copying path '/nix/store/6ff36bwpc097fhwiypnbdl5x206dch9d-libppd-2.1.1' from 'https://cache.nixos.org'...
copying path '/nix/store/gxijh03d3z5yky7dxpvzk75isk17w64j-pkgtop-2.5.1' from 'https://cache.nixos.org'...
copying path '/nix/store/jbspqaqhv9rn75650asf1axwdd8pcsy6-pkl-grammar-0.0.0+rev=82f0e99' from 'https://cache.nixos.org'...
copying path '/nix/store/s9x6xfnnc64r768miscg1jfnidxzv9y7-pls-0.0.1-beta.9' from 'https://cache.nixos.org'...
copying path '/nix/store/zj4hcrmj9j2f35q2cdlmm8q6r7r8rckd-png-0.17.16' from 'https://cache.nixos.org'...
copying path '/nix/store/7p8zwl0yywlqmq554dngr131i2cyl7sz-cups-browsed-2.1.1' from 'https://cache.nixos.org'...
copying path '/nix/store/h3fv5f27klghsj8ikpqpw19c0y5n84wx-cups-filters-2.0.1' from 'https://cache.nixos.org'...
building '/nix/store/yf93iw5ibs90nn1kx5bazzqw76130qkn-qs-wallpapers-apply.drv'...
building '/nix/store/q6jv0s0p3iz7vr249dvcjywbdccdsli0-qs-wallpapers-restore.drv'...
building '/nix/store/v3bbxnhxfya2d9l8i72fbnxkls9igjz7-unit-hypridle.service.drv'...
copying path '/nix/store/g0373a9wklzg8vprhnhilx4is9s8phpn-grimblast-0.1-unstable-2025-10-04' from 'https://cache.nixos.org'...
copying path '/nix/store/hcj326wmcllrhcc5xjn4ypgdmbvyi60w-hyprshot-1.3.0' from 'https://cache.nixos.org'...
copying path '/nix/store/0m0299dx5vsq2mdfm95vv2izl1mc59gx-png-0.18.0' from 'https://cache.nixos.org'...
building '/nix/store/aiyxjnrkxrilcm8dn276qmc7fwraf2hv-ff.drv'...
building '/nix/store/a1sb12vk3dmy04h0kfwnbaj9340nkn92-ff1.drv'...
building '/nix/store/r3ywp94kvlckaiwgiazggb6a7zslrl93-ff2.drv'...
copying path '/nix/store/4faf6949nx8cmwrgl8wzr38j21v9q1yl-po-grammar-0.0.0+rev=bd860a0' from 'https://cache.nixos.org'...
copying path '/nix/store/wwk8difv4qvhrvdqpwn9nxd42lxk79ky-pod-grammar-0.0.0+rev=0bf8387' from 'https://cache.nixos.org'...
copying path '/nix/store/bsq0v9jffkmy8n5k03592hkypz5j81a7-poe_filter-grammar-0.0.0+rev=205a7d5' from 'https://cache.nixos.org'...
building '/nix/store/aj1452w9h39cmgmklixwzrm9rw44hxy4-ff3.drv'...
building '/nix/store/kasg2147xjd57vlqvm8bm6mmfhr2m67x-unit-cups-browsed.service.drv'...
copying path '/nix/store/bv9gpk07bb9wh6inwg65c589j9ckjasv-polkit-126-dev' from 'https://cache.nixos.org'...
building '/nix/store/4y1xyynswsmb2xga9cy66jg2k1rrr0sr-cups-progs.drv'...
copying path '/nix/store/ndcyl0ril7jb90kfml5jxb67sfqa7cmg-pony-grammar-0.0.0+rev=73ff874' from 'https://cache.nixos.org'...
copying path '/nix/store/93872401sfcw7qdplhizwc9yvgdb4zki-poppler-glib-25.10.0-dev' from 'https://cache.nixos.org'...
copying path '/nix/store/2k4h58vldbcxqf6l0xskl49fyxyl33s7-powershell-grammar-0.0.0+rev=66d5e61' from 'https://cache.nixos.org'...
building '/nix/store/k27hamzzsamrqqk4bsbaia17r33pjl8s-hm_.localbinhyprshot.drv'...
copying path '/nix/store/irmnxz5aa7ji6pr7z22g7cgskm8nm0a6-predicates-3.1.3' from 'https://cache.nixos.org'...
copying path '/nix/store/3sq82idb46vn0vcplfqn0lm2npj2r5x0-predicates-core-1.0.9' from 'https://cache.nixos.org'...
copying path '/nix/store/4i31lq9cijs70wpvhmi36gv9wxryw919-predicates-tree-1.0.12' from 'https://cache.nixos.org'...
building '/nix/store/nxcbryx07qgmv5q34rlc9r7amfh57yas-cups-files.conf.drv'...
copying path '/nix/store/g6vq4h0cf3hnkh18cd5mr2aypm6fwfsy-printf-grammar-0.0.0+rev=ec4e567' from 'https://cache.nixos.org'...
building '/nix/store/2l5ld3l8kns6bxhhbrbm8r95h72261z3-cups-progs.drv'...
building '/nix/store/w2qz9kjfr37vgkyb4m3shw4zp9z7fzrx-unit-script-cups-pre-start.drv'...
building '/nix/store/2vb64x2ww89z9ijx8hx77g9n883jc883-unit-cups.service.drv'...
copying path '/nix/store/amfd7zqq8aiymww353p82d92dkiniybx-prisma-grammar-0.0.0+rev=3556b2c' from 'https://cache.nixos.org'...
copying path '/nix/store/5j8dr1q73p4rzasrw6ka9wv8g3k693bf-problog-grammar-0.0.0+rev=d8d415f' from 'https://cache.nixos.org'...
copying path '/nix/store/1h88z6rhi9cp3fd0rnpyk5yjbi6vs20n-proc-macro2-1.0.103' from 'https://cache.nixos.org'...
copying path '/nix/store/bzsayaz3f3rms6nf0zwxacq67mnm2png-procs-0.14.10' from 'https://cache.nixos.org'...
copying path '/nix/store/aiq35izir2cxmrafd1i8yyf6srg4y01y-prolog-grammar-0.0.0+rev=d8d415f' from 'https://cache.nixos.org'...
copying path '/nix/store/icn5ipskkxalsghv7j316h88qbybi4jj-promql-grammar-0.0.0+rev=77625d7' from 'https://cache.nixos.org'...
copying path '/nix/store/qfrvk4ya6m1v2q0f66ymmjhvbh2mmdkv-properties-grammar-0.0.0+rev=6310671' from 'https://cache.nixos.org'...
copying path '/nix/store/afhb6x23yjiflyz5cfscx4ssl2cglwvp-proto-grammar-0.0.0+rev=e9f6b43' from 'https://cache.nixos.org'...
copying path '/nix/store/cnfilpqvy3sxc3w8ikzs442hdmslvlr6-proxmox-backup-client-4.0.14' from 'https://cache.nixos.org'...
copying path '/nix/store/v66wk5aaz7wa4jz40qv0xdl6s8wi2632-prql-grammar-0.0.0+rev=09e158c' from 'https://cache.nixos.org'...
copying path '/nix/store/hkcfi2jizqq6kw9qhg28mrb5irkapsjx-psv-grammar-0.0.0+rev=f6bf6e3' from 'https://cache.nixos.org'...
copying path '/nix/store/0sswrc6460s15941xrys8pbm07830zx3-publicsuffix-list-0-unstable-2025-03-12' from 'https://cache.nixos.org'...
copying path '/nix/store/6wxlgb5rxkxsryw3z5wx4ck36fwgalrm-pug-grammar-0.0.0+rev=13e9195' from 'https://cache.nixos.org'...
copying path '/nix/store/pjj3bkykx31rbsb6i284nzww3clrmqqx-puppet-grammar-0.0.0+rev=15f1929' from 'https://cache.nixos.org'...
copying path '/nix/store/51m505ck2nr6fck18bzv2kqxlwxwg82l-purescript-grammar-0.0.0+rev=603daa9' from 'https://cache.nixos.org'...
copying path '/nix/store/kjgngdyljizbhfiaaj2jscpsc9pgxf6c-pv-1.10.2' from 'https://cache.nixos.org'...
copying path '/nix/store/4blyvrdqzkmg8vl9q363grnabka1sdi1-pxfm-0.1.25' from 'https://nix-community.cachix.org'...
copying path '/nix/store/7i54ikb4sra4prq0lsykwrdhjkal0k3n-pymanifest-grammar-0.0.0+rev=debbdb8' from 'https://cache.nixos.org'...
copying path '/nix/store/myldyn4c256f748g3rpx74lclm0jqx63-pyprland-2.4.7' from 'https://cache.nixos.org'...
copying path '/nix/store/m79bmdi7cmmalv0q83cal92rld2ddc56-pyright-internal-1.1.407' from 'https://cache.nixos.org'...
copying path '/nix/store/r716lwpbz5h77jsnf5s4hl11cg00f97h-python-output-dist-hook' from 'https://cache.nixos.org'...
copying path '/nix/store/k6b6cdxxmfkjb908ys601xd6r2zvxshl-python-runtime-deps-check-hook.sh' from 'https://cache.nixos.org'...
copying path '/nix/store/r7cs2cad91rsrbl9a9xh4403jgq720gy-python3.13-cbor2-5.7.0' from 'https://cache.nixos.org'...
copying path '/nix/store/szh2hiacsfmrxf66hcjhrwacpx2mxypw-appimage-exec.sh' from 'https://cache.nixos.org'...
copying path '/nix/store/h8sscdrbjxf6v34l779sgxly43a4gl6z-python3.13-css-parser-1.0.10' from 'https://cache.nixos.org'...
copying path '/nix/store/0ibn8wxl5jrf19npjvhkcmpnrrdyi2jr-python3.13-dbus-python-1.4.0-dev' from 'https://cache.nixos.org'...
copying path '/nix/store/9zvvf3samj4g39g9dranrq2sl7b1xxbm-python3.13-decorator-5.2.1' from 'https://cache.nixos.org'...
copying path '/nix/store/27kba6akgvjwyg31kj48spl1kf9vz531-python3.13-dooit-extras-0.2.1' from 'https://cache.nixos.org'...
copying path '/nix/store/2zd739m6hb0nqg3s3crq2k3n78h2916f-python3.13-editables-0.5' from 'https://cache.nixos.org'...
copying path '/nix/store/pb0vvwq5y25pb9gyfshniapghs0c8dlr-appimage-run-fhsenv-rootfs' from 'https://cache.nixos.org'...
copying path '/nix/store/iggwqj4c3mrl977c4da94rbjp89nlrc9-losslesscut-3.64.0-fhsenv-rootfs' from 'https://cache.nixos.org'...
copying path '/nix/store/q39v32kdp61scn54xdv9cdd1ynwxr9il-python3.13-emoji-2.15.0' from 'https://cache.nixos.org'...
copying path '/nix/store/jx7r2hy18wjvawyjpl5ij2qq8d4d5jrx-python3.13-gssapi-1.9.0' from 'https://cache.nixos.org'...
copying path '/nix/store/2si4ffm29dg8gda5iqgas6394zln8mpb-python3.13-gst-python-1.26.0' from 'https://cache.nixos.org'...
copying path '/nix/store/4ps1c51dr871rqipwj14mia68j1ijjj6-python3.13-i3ipc-2.2.1' from 'https://cache.nixos.org'...
copying path '/nix/store/k2r7fzlhx1ffzmxbnshw246abdxyr4gi-python3.13-installer-0.7.0' from 'https://cache.nixos.org'...
copying path '/nix/store/0aqxr9r8iasgvwyyql60ifsyjmxxg2id-python3.13-gst-python-1.26.0-dev' from 'https://cache.nixos.org'...
copying path '/nix/store/c45w421ll9wj8fz84q23z4ybjbicmkiz-nwg-panel-0.10.13' from 'https://cache.nixos.org'...
copying path '/nix/store/i2lqzf10prpmx3yc10s5iypbhzd0spkv-python3.13-mdit-py-plugins-0.4.2' from 'https://cache.nixos.org'...
copying path '/nix/store/8jbyld244128wm6ci73knph7vpxq90hs-python3.13-nwg-clipman-0.2.8' from 'https://cache.nixos.org'...
copying path '/nix/store/2v0jkaj5pc8djz675mh99wbawvp4vclk-python3.13-omemo-dr-1.0.1' from 'https://cache.nixos.org'...
building '/nix/store/0lz023xc51a4n8ag76vscqcha5w3q52w-graphics-drivers.drv'...
building '/nix/store/i2b991p0glsw1vllwlzbwfhbyslvm1zx-graphics-driver.conf.drv'...
copying path '/nix/store/bjp0l4kpk690mi30bpfx2pjw1nhwibr9-python3.13-pluggy-1.6.0' from 'https://cache.nixos.org'...
copying path '/nix/store/5pgrysay25q8fq15dk93l9ffjl9bvx44-nwg-displays-0.3.26' from 'https://cache.nixos.org'...
copying path '/nix/store/8dhaavnn5awdb94xwkrbs5h1j3abg5ns-python3.13-precis-i18n-1.1.2' from 'https://cache.nixos.org'...
copying path '/nix/store/zjvj6ryd3jlby2lmf8ap51rl51daxpq1-python3.13-pycryptodome-3.23.0' from 'https://cache.nixos.org'...
copying path '/nix/store/zrjvijwwxq1yxcjkrw8d4y0di3fp7irv-pypa-install-hook' from 'https://cache.nixos.org'...
copying path '/nix/store/9f9nx9hpmim2dvkqlw9hc24lp11w7kmn-python3.13-pyelftools-0.32' from 'https://cache.nixos.org'...
copying path '/nix/store/qvyf0lz5d7kx5yc4n3ffyj33y8g8kh43-python3.13-pygobject-3.54.5' from 'https://cache.nixos.org'...
copying path '/nix/store/cxrc3fam70lxd1zkqwcxsgd8b1jsc228-python3.13-pyopenssl-25.1.0' from 'https://cache.nixos.org'...
building '/nix/store/p69r7a0dyv9la1196l0q9a9rvwjjwn2v-appimage-run-bwrap.drv'...
copying path '/nix/store/a28clzlm7n575vvzm8h4yhj6qcjyvskk-python3.13-pyperclip-1.11.0' from 'https://cache.nixos.org'...
building '/nix/store/ihr33rsn953xzlznc1sv2y92h9z1an41-appimage-run.drv'...
copying path '/nix/store/m3ppxy345vbsincqmc3irvg70gvglmzl-python3.13-pyproject-hooks-1.2.0' from 'https://cache.nixos.org'...
copying path '/nix/store/l85biqzx14jwxc67k3gsdl8yy1xyadwb-python3.13-python-gnupg-0.5.5' from 'https://cache.nixos.org'...
copying path '/nix/store/xqlsy2c9ss6m82jv3qq6qx715zszjahg-python3.13-qrcode-8.2' from 'https://cache.nixos.org'...
copying path '/nix/store/5b806arkfpznywa5b5cp0h2pr31nzhfg-python3.13-rich-argparse-1.7.1' from 'https://cache.nixos.org'...
copying path '/nix/store/1qzrn9r3jb83dxm2a7nv1jl6jhdvgk4q-python3.13-send2trash-1.8.3' from 'https://cache.nixos.org'...
copying path '/nix/store/wm9qgy8bnvy0py1khjm391j6wsi89x43-python3.13-smartypants-2.0.2' from 'https://cache.nixos.org'...
building '/nix/store/2xqzcjspv7g5gqhgr07gm373d6vcgm9n-pbs-home-backup.drv'...
building '/nix/store/b93yw0jvdmn2c042flsh62w1rd4588k4-pbs-home-last.drv'...
building '/nix/store/nb12k2paq4sk9fx9nxyqivdwpmmrg5sr-pbs-home-ls-all.drv'...
copying path '/nix/store/l20n5n7624fivgrdacz4rxwq5vinj9nr-python3.13-pygobject-3.54.5-dev' from 'https://cache.nixos.org'...
copying path '/nix/store/c4chvfan4l5r3ya8q2k1mbhhczx3c5lz-python3.13-pyopenssl-25.1.0-dev' from 'https://cache.nixos.org'...
copying path '/nix/store/q7anbbjivjy932gbi2dw605mhc0p9gwv-python3.13-tomlkit-0.12.5' from 'https://cache.nixos.org'...
copying path '/nix/store/c2r6ks1chvy4ldzxafdbva380ckpxijp-python3.13-trove-classifiers-2025.9.11.17' from 'https://cache.nixos.org'...
copying path '/nix/store/vkv6avhqxrnscrvvcfyssirhh6p259az-python3.13-toml-0.10.2' from 'https://cache.nixos.org'...
copying path '/nix/store/00xsr3dabi9pyhyfgpy16094c30w8hnv-python3.13-sqlalchemy-2.0.44' from 'https://cache.nixos.org'...
copying path '/nix/store/9068i486d7vb6pvynjp8v4rs5l222k0v-python3.13-spotipy-2.25.2' from 'https://cache.nixos.org'...
building '/nix/store/f5j818ch5zcr84y7j5j3lf5cpqixd5rf-pbs-home-ls.drv'...
building '/nix/store/yrfb54cpw37rx6nz28mycpm4sgx8rq54-pbs-home-prune.drv'...
building '/nix/store/8msa38mxmjwck03qdm6g52hfjlzjc3mm-pbs-home-restore-last.drv'...
copying path '/nix/store/a980m1fxdzbgliv9jbck638mg9pjz2mk-python3-3.13.9-env' from 'https://cache.nixos.org'...
copying path '/nix/store/5f0q4dv7xx2z8xmhn51xa20skggvn1iv-python3.13-build-1.3.0' from 'https://cache.nixos.org'...
building '/nix/store/x0fipf6p06921kljvffbdh28k9h3hvh9-X-Restart-Triggers-systemd-binfmt.drv'...
building '/nix/store/65z5j8xa823scjxb6vsav6hkhbvbiknn-pbs-home-restore.drv'...
building '/nix/store/jrhxwj4zyg14zdy27wydy1yjamprfgh4-pbs-home-verify.drv'...
copying path '/nix/store/6dcw15awf5cimwrgj9jwbzjccvxcka05-python3.13-pycrypto-3.23.0' from 'https://cache.nixos.org'...
copying path '/nix/store/6pdsm52b8axzqj233grpyd5i6qk5qhm1-python3.13-typogrify-2.1.0' from 'https://cache.nixos.org'...
copying path '/nix/store/j48mlam83qc0jc3sjp89r6lss71637g2-python3.13-tzlocal-5.3.1' from 'https://cache.nixos.org'...
copying path '/nix/store/kzzkd7nynly3yllcf64ql7w88bx2i8dn-python3.13-u-msgpack-python-2.8.0' from 'https://cache.nixos.org'...
copying path '/nix/store/xmpr48mvikmfizm44x4zfr79f53fs1yr-python3.13-uc-micro-py-1.0.3' from 'https://cache.nixos.org'...
copying path '/nix/store/q31b5sadj7gv79w3nkfwddjbjq4z9xqi-python3.13-wheel-0.46.1' from 'https://cache.nixos.org'...
building '/nix/store/3f203896axdz8c0ryi10hkxlcrgf5lxn-unit-systemd-binfmt.service.drv'...
copying path '/nix/store/z6fn13kvww9bp5f04ql4hh5qm2a91qgq-python3.13-hatchling-1.27.0' from 'https://cache.nixos.org'...
copying path '/nix/store/qrhfjdpb10snd6zpbijr902jfxl6m5hk-auto-patchelf-0-unstable-2024-08-14' from 'https://cache.nixos.org'...
copying path '/nix/store/n78zl6wwdgmj8s9smdp8qj0z3jalm89c-python3.13-nbxmpp-6.3.1' from 'https://cache.nixos.org'...
copying path '/nix/store/4ajj48y3wq9bc9b4xr620b0np6v3a0ib-python3.13-x256-0.0.3' from 'https://cache.nixos.org'...
copying path '/nix/store/dcxlsw0wynj471bx121qh2p0xkj51z6k-python3.13-linkify-it-py-2.0.3' from 'https://cache.nixos.org'...
copying path '/nix/store/zhxlkgrxlyicc4i1vi50c3n2jjxk8v56-python3.13-ytmusicapi-1.11.3' from 'https://cache.nixos.org'...
copying path '/nix/store/ky9qkcmsp9vlr002rcs2sqzz42xiz5bn-qemu-10.1.2-ga' from 'https://cache.nixos.org'...
copying path '/nix/store/0xjvj2rshkmb7f6g3n0f0rdpdz8xiwwd-pypa-build-hook.sh' from 'https://cache.nixos.org'...
copying path '/nix/store/zaykr1v65g6sridyimrykmbdqbqbfk0x-gi-docgen-2025.5' from 'https://cache.nixos.org'...
copying path '/nix/store/2lcaqq9rs6mn2jlrcfk885pg72scnjcv-auto-patchelf-hook' from 'https://cache.nixos.org'...
copying path '/nix/store/4fwmws5va09bslyhy73r2y3j9s5gk6sr-qemu-ovmf-metadata' from 'https://cache.nixos.org'...
copying path '/nix/store/f581p6l72sw7cpvd2jrapmf048fm6v07-python3.13-unicurses-3.1.2' from 'https://cache.nixos.org'...
copying path '/nix/store/k229djri6nvnah3kjk7mv24lj4izhr04-python3.13-textual-6.7.1' from 'https://cache.nixos.org'...
copying path '/nix/store/ch9x7np0barqm9nqm9xc3qv9ixws875f-ql-grammar-0.0.0+rev=1fd627a' from 'https://cache.nixos.org'...
copying path '/nix/store/6jld5ckfv4fia8rs19ypsmq72mvipr30-qmk-udev-rules-0.27.13' from 'https://cache.nixos.org'...
copying path '/nix/store/8zk2754z614bnpmyn7mmkhgj1wqylzbh-qmldir-grammar-0.0.0+rev=6b2b5e4' from 'https://cache.nixos.org'...
building '/nix/store/j14p3azy30jhpwhgcymc1va5z5hr0vzg-cargo-1.89.0-x86_64-unknown-linux-gnu.drv'...
building '/nix/store/07ql4bh3l4c3i8jzbx32zx3cdhwhpvx3-discord-0.0.117.drv'...
building '/nix/store/0s5azhlnb2bi6f0bifw5imn0dq54kal6-discord-canary-0.0.819.drv'...
building '/nix/store/v34x6dmkj3g68zy5b1k42bvkbc45cv7f-franz-5.11.0.drv'...
copying path '/nix/store/xnka65qm65pd14s5pywpkznwm33gkqim-qmljs-grammar-0.0.0+rev=0bec435' from 'https://cache.nixos.org'...
copying path '/nix/store/rm2vk9xybmjb047n8lqqq3g1ab190a8h-qoi-0.4.1' from 'https://cache.nixos.org'...
copying path '/nix/store/g7fmdqwwfywrgjfmwbx8igsfjq2ah2ch-qtgraphicaleffects-5.15.18' from 'https://cache.nixos.org'...
building '/nix/store/knbylhiirrx46r0cnycc094drgs1r2my-rust-std-1.89.0-x86_64-unknown-linux-gnu.drv'...
copying path '/nix/store/cn1qrzqhsymipwb0gamwnrg39syzfm28-quick-xml-0.38.3' from 'https://nix-community.cachix.org'...
copying path '/nix/store/xxm9frnla7gzjwj39fhqd248llpvdwrg-quick-error-2.0.1' from 'https://cache.nixos.org'...
copying path '/nix/store/6n1xi5rp1bn11aywkcc2c3z684lqnb5d-quickshell-0.2.1' from 'https://cache.nixos.org'...
copying path '/nix/store/961nv9gmhgsx9bbsazb5qibqdyw7qcdi-quote-1.0.41' from 'https://cache.nixos.org'...
copying path '/nix/store/34c149hm83y2kl49hjkd2j5phl6z26ai-r-grammar-0.0.0+rev=0e6ef77' from 'https://cache.nixos.org'...
copying path '/nix/store/lbycba9ahnfbhcm5w6ixv3vh9x5008qh-racket-grammar-0.0.0+rev=130e765' from 'https://cache.nixos.org'...
copying path '/nix/store/724jrb481v2vb9p0hlphh5hyn6rwahq9-ralph-grammar-0.0.0+rev=f6d81bf' from 'https://cache.nixos.org'...
copying path '/nix/store/3v2figxrssq0b8s8ys3l8aviwvs5qxn1-rasi-grammar-0.0.0+rev=e735c68' from 'https://cache.nixos.org'...
copying path '/nix/store/wjy3301b60w1gp9ns9rgdhddpbvw06hv-rayon-core-1.13.0' from 'https://cache.nixos.org'...
copying path '/nix/store/aqdlk8w5llb4jcbyqyvydwyi1a2znsjs-razor-grammar-0.0.0+rev=fe46ce5' from 'https://cache.nixos.org'...
copying path '/nix/store/r7wymk0bc6120x9mp6ibr4mlra1pv556-rbs-grammar-0.0.0+rev=5282e2f' from 'https://cache.nixos.org'...
copying path '/nix/store/w97wmp9kv05jmkj9b0hf0rcpl0l6igz8-re2c-grammar-0.0.0+rev=c18a3c2' from 'https://cache.nixos.org'...
copying path '/nix/store/zfrs1gdm7h3xcmaafn4c3iqja13dml92-readline-grammar-0.0.0+rev=6b744c5' from 'https://cache.nixos.org'...
copying path '/nix/store/wcx9hag2r4897wyr5aiaizadclkvwk6d-dooit-3.3.4' from 'https://cache.nixos.org'...
copying path '/nix/store/10gp8dcxxjfb95sqh4zagj937pwsnayj-frogmouth-0.9.1' from 'https://cache.nixos.org'...
copying path '/nix/store/jd6xj93byy2m5y66xhbwbjz70azpnfhx-regex-automata-0.4.13' from 'https://cache.nixos.org'...
copying path '/nix/store/01p2b0m0aymh7y6s61silf297016sgdg-rego-grammar-0.0.0+rev=20b5a59' from 'https://cache.nixos.org'...
copying path '/nix/store/iwdpwginrbyscqad65nxpcv6r4lxm8il-remarshal-0.17.1' from 'https://cache.nixos.org'...
copying path '/nix/store/a61pf49kicn01wdwmmp8m09y3lrfks0g-requirements-grammar-0.0.0+rev=caeb2ba' from 'https://cache.nixos.org'...
copying path '/nix/store/6dq2yx1rm2anyv3rpmi5ip95snxf2z6k-rescript-grammar-0.0.0+rev=d2df8a2' from 'https://cache.nixos.org'...
copying path '/nix/store/jd0xvnx75xl6h5qjx8cp93vl1gfd1nii-rgb-0.8.52' from 'https://cache.nixos.org'...
copying path '/nix/store/i1k59r1s7gbg0mzxmrvcl6kg6pnjna99-rifleconf-grammar-0.0.0+rev=fe10eab' from 'https://cache.nixos.org'...
copying path '/nix/store/dylcsw1k4p06xb085xh7s89fbsizbaqy-rnoweb-grammar-0.0.0+rev=1a74dc0' from 'https://cache.nixos.org'...
copying path '/nix/store/z1cy4r0ma4s6j1zssbk56nk2hqjdn49r-robot-grammar-0.0.0+rev=e34def7' from 'https://cache.nixos.org'...
copying path '/nix/store/n1v32hwyps4msa07x2haw5l6rln807ij-robots-grammar-0.0.0+rev=8e3a420' from 'https://cache.nixos.org'...
copying path '/nix/store/lmy0qzx6dbs734yiikyf9chpxvk9w90i-roc-grammar-0.0.0+rev=40e52f3' from 'https://cache.nixos.org'...
copying path '/nix/store/hmaiiqgf30p07pipvfrzcxm5bm9i4bbs-ron-grammar-0.0.0+rev=7893855' from 'https://cache.nixos.org'...
copying path '/nix/store/3zdp4pydkmdbd8gjbwka9xw345ia2c8i-roxmltree-0.20.0' from 'https://cache.nixos.org'...
copying path '/nix/store/88zimfjky7k9pm1nrhphrlhxxwkirshp-rst-grammar-0.0.0+rev=4e562e1' from 'https://cache.nixos.org'...
copying path '/nix/store/k64acc9ikz8a63y055aarj8c8gc1frj3-runescript-grammar-0.0.0+rev=cf85bbd' from 'https://cache.nixos.org'...
copying path '/nix/store/vb16dvrwzvc0h89rgxyfymrv98cxr9fw-ruby3.3-rb-fsevent-0.11.2' from 'https://cache.nixos.org'...
copying path '/nix/store/nbspxgjjia3xhikarzpj0yrl9blnh0ak-ruby3.3-ffi-1.17.1' from 'https://cache.nixos.org'...
copying path '/nix/store/6khy69jak0icwc19cr4s6nhsl82wf2dy-ruby-grammar-0.0.0+rev=89bd7a8' from 'https://cache.nixos.org'...
copying path '/nix/store/srpk4ms2mmjivjmvpkdb40fjs6mwri74-rust-grammar-0.0.0+rev=261b202' from 'https://cache.nixos.org'...
copying path '/nix/store/sml133jfgxbdws0p141mmww0q98jrw60-rustix-1.1.2' from 'https://cache.nixos.org'...
copying path '/nix/store/rymm76qwslgxiv2vyvpw4mh4qcvh85k7-rutabaga_gfx-0.1.6' from 'https://cache.nixos.org'...
copying path '/nix/store/gsdkj1k3f204dw1qyq72nw6hqsq48w6p-scala-grammar-0.0.0+rev=97aead1' from 'https://cache.nixos.org'...
building '/nix/store/kmfra7mhx28frfm63dpb798yfgc52bnq-gh-config.yml.drv'...
copying path '/nix/store/pw6grfykvabzd9fdv34gc435rvi3xgsx-scdoc-1.11.3' from 'https://cache.nixos.org'...
copying path '/nix/store/z4sa5dqhh3lnwnw8wl429prx13hsyhr5-seatd-0.9.1-bin' from 'https://cache.nixos.org'...
copying path '/nix/store/8hrhimjkwxxx4h7vsdafwjqfm6d5s12h-scss-grammar-0.0.0+rev=c478c68' from 'https://cache.nixos.org'...
copying path '/nix/store/fqy3nyc4srasy935cq9bvvwqsd8hdv0k-scheme-grammar-0.0.0+rev=591893b' from 'https://cache.nixos.org'...
copying path '/nix/store/dqqa7h3095fyql0ckbix9z63zhb5pk4h-sdnotify-wrapper' from 'https://cache.nixos.org'...
copying path '/nix/store/aw17iwhhrwdnz1c8q9didbxcdgbpfs7r-security-wrapper-chsh-x86_64-unknown-linux-musl' from 'https://cache.nixos.org'...
copying path '/nix/store/p1xa6gk87b55p8nnvq5blp4izzwb8g66-scfg-grammar-0.0.0+rev=d850fd4' from 'https://cache.nixos.org'...
copying path '/nix/store/hzmzj16k70gmj5pjhdqpf95cxd27lc0w-security-wrapper-dbus-daemon-launch-helper-x86_64-unknown-linux-musl' from 'https://cache.nixos.org'...
copying path '/nix/store/g24dmgydpg9ch5w13wxf4ndaqsvg85nw-security-wrapper-fusermount3-x86_64-unknown-linux-musl' from 'https://cache.nixos.org'...
copying path '/nix/store/n0v2csh9awiy5jq5vrf0ih6gkcfxrkny-security-wrapper-fusermount-x86_64-unknown-linux-musl' from 'https://cache.nixos.org'...
building '/nix/store/7bg0lzqr6yf2jqr88gx9xd06kcwz77g2-rustc-1.89.0-x86_64-unknown-linux-gnu.drv'...
copying path '/nix/store/xn6y3xxy1zm8ykf3lf9f5xdx29kjxmgf-qemu-10.1.2' from 'https://cache.nixos.org'...
copying path '/nix/store/vd6nc2jjswwmxpxmzp8haanrgr6k3mfj-security-wrapper-mount-x86_64-unknown-linux-musl' from 'https://cache.nixos.org'...
copying path '/nix/store/03q6crvp9v6s4f5v76i07frz4idzyw6m-ruby3.3-rb-inotify-0.11.1' from 'https://cache.nixos.org'...
copying path '/nix/store/7cmsr2w978pz7z61q05082lz6jydbiwr-security-wrapper-gnome-keyring-daemon-x86_64-unknown-linux-musl' from 'https://cache.nixos.org'...
copying path '/nix/store/vw9ibskn9d5jdmjsmmlb46m9bj9isq0k-scdoc-1.11.3-dev' from 'https://cache.nixos.org'...
copying path '/nix/store/w9358fqrvdbbdn0ag60ipa3xiwb68xra-security-wrapper-passwd-x86_64-unknown-linux-musl' from 'https://cache.nixos.org'...
copying path '/nix/store/ig6jaswphbll2n1dcn1zynhk4n4xsn0q-security-wrapper-newuidmap-x86_64-unknown-linux-musl' from 'https://cache.nixos.org'...
copying path '/nix/store/sshv0lfmmv45ypjkral0s83wzdwx395q-security-wrapper-newgrp-x86_64-unknown-linux-musl' from 'https://cache.nixos.org'...
copying path '/nix/store/lff3siyjih8xvvhy3v068aw90jkxi5q3-security-wrapper-newgidmap-x86_64-unknown-linux-musl' from 'https://cache.nixos.org'...
copying path '/nix/store/wlsay6cnds3lm2a9kqmrmv37i7fd8zas-security-wrapper-mtr-packet-x86_64-unknown-linux-musl' from 'https://cache.nixos.org'...
copying path '/nix/store/ahhc0npj8gqr29cp4gk752l53s85yl4w-security-wrapper-pkexec-x86_64-unknown-linux-musl' from 'https://cache.nixos.org'...
building '/nix/store/hyxp7zbgq0zfjg6w3ka0gsnnmx0jan9r-warp-terminal-0.2025.12.03.08.12.stable_03.drv'...
copying path '/nix/store/20s3y0c7l42y3azfqrcs0l10jih0l19h-security-wrapper-sg-x86_64-unknown-linux-musl' from 'https://cache.nixos.org'...
copying path '/nix/store/jnh62cadvc9mvylhhvxgina60haq3b00-security-wrapper-polkit-agent-helper-1-x86_64-unknown-linux-musl' from 'https://cache.nixos.org'...
copying path '/nix/store/xx5mwlfaj0i1nd3csy306x0akyxm5c4m-security-wrapper-su-x86_64-unknown-linux-musl' from 'https://cache.nixos.org'...
copying path '/nix/store/xpag73llypx18mhmn8y8qccnrwgmy4p8-security-wrapper-sudo-x86_64-unknown-linux-musl' from 'https://cache.nixos.org'...
copying path '/nix/store/nq6jin75wv5zwms9jx4h3kvi0y949m0q-security-wrapper-sudoedit-x86_64-unknown-linux-musl' from 'https://cache.nixos.org'...
copying path '/nix/store/yfm3r7frybn7lv17a8zyr39qrkh2gnnx-serde-1.0.228' from 'https://cache.nixos.org'...
copying path '/nix/store/wz5hnm4583ak6hsz3kw5sbvkbkmhb1k4-serde_derive-1.0.228' from 'https://cache.nixos.org'...
copying path '/nix/store/c66yw8c8cnnyfq8djkm3rr74xa6jdka4-security-wrapper-unix_chkpwd-x86_64-unknown-linux-musl' from 'https://cache.nixos.org'...
copying path '/nix/store/dmzfnzxw3zx0lp5rp6sx5bkba5icw7k9-serde_core-1.0.228' from 'https://cache.nixos.org'...
copying path '/nix/store/jbi2102fw3jbdm4wz28fwvmaphzzs3n5-security-wrapper-umount-x86_64-unknown-linux-musl' from 'https://cache.nixos.org'...
copying path '/nix/store/9q4w4w7zf3hpxa22bcfs3a9a6zb2lg5v-ruby3.3-sass-listen-4.0.0' from 'https://cache.nixos.org'...
copying path '/nix/store/cyn8a3dfc2yhd8wvijj4yxr60x22da6h-serde_spanned-1.0.3' from 'https://cache.nixos.org'...
copying path '/nix/store/dvkyrls3macivb3yc227gfxdaywsm2vl-shfmt-3.12.0' from 'https://cache.nixos.org'...
copying path '/nix/store/m4dbh2n4pkc7dgd8vv6wz2264fp6iib0-skalibs-2.14.4.0-lib' from 'https://cache.nixos.org'...
copying path '/nix/store/xsy0d9aybhlgbbjv3sd3fg9sdraf606m-signal-desktop-7.81.0' from 'https://cache.nixos.org'...
copying path '/nix/store/5qj0xznnr4mlwpnyr9a110ficjfg8z97-siphasher-1.0.1' from 'https://cache.nixos.org'...
copying path '/nix/store/gbnvk0xh8bnx4a4j8c74czg6f33z8cvn-simd-adler32-0.3.7' from 'https://cache.nixos.org'...
copying path '/nix/store/pjm6y9zg01f632kxmwiw6mjkn7z988w1-sflog-grammar-0.0.0+rev=3597575' from 'https://cache.nixos.org'...
copying path '/nix/store/x5yb56aba7cp8zgnvqv99dahwwz53q0n-setxkbmap-1.3.4' from 'https://cache.nixos.org'...
copying path '/nix/store/si9g9gklb9hdsn96w6cx37cqaysnccz0-slang-grammar-0.0.0+rev=1dbcc4a' from 'https://cache.nixos.org'...
copying path '/nix/store/mbhlp84cazkn0fb6bvp8vn415n805bns-slim-grammar-0.0.0+rev=a06113f' from 'https://cache.nixos.org'...
building '/nix/store/cw8s13wwgj09l543gjnjrpd5v2q0qj51-clippy-preview-1.89.0-x86_64-unknown-linux-gnu.drv'...
building '/nix/store/2hw9q6iips94vjj4h5vdy23zqb0px03g-rustfmt-preview-1.89.0-x86_64-unknown-linux-gnu.drv'...
copying path '/nix/store/8ymv0fhfamr464xfcggyn8v3kn1xi1fk-pyright-1.1.407' from 'https://cache.nixos.org'...
copying path '/nix/store/qhpayva599mh1jf920yj4zgnsaiabjyh-slint-grammar-0.0.0+rev=927f3e2' from 'https://cache.nixos.org'...
copying path '/nix/store/c495mx4z26jc43h9wxcm59vdy1csr71w-smali-grammar-0.0.0+rev=fdfa6a1' from 'https://cache.nixos.org'...
copying path '/nix/store/2chd5cg5dwiq82dj07g98z2sfcdj8q1k-slotmap-1.0.7' from 'https://cache.nixos.org'...
copying path '/nix/store/956n53ag57j5q0lyrryp9in99cfbqkqb-snl-grammar-0.0.0+rev=846e2d6' from 'https://cache.nixos.org'...
copying path '/nix/store/y2sv7vw7imq6g336c2si99yw6zaxq8ma-smithy-grammar-0.0.0+rev=ec4fe14' from 'https://cache.nixos.org'...
copying path '/nix/store/ffcwsw10xkb3f6ps6aib2g98n7m1qakr-snakemake-grammar-0.0.0+rev=7731408' from 'https://cache.nixos.org'...
copying path '/nix/store/adngbz2di6qrjpyxgv0mw19mis8y59h7-smallvec-1.15.1' from 'https://cache.nixos.org'...
building '/nix/store/9j49l7zcc2f4rqwnbbibd6dc8m6s1vfx-editor.drv'...
copying path '/nix/store/f9f6y4a6izdvw71f1nkbmhi5zbs0r55j-ruby3.3-sass-3.7.4' from 'https://cache.nixos.org'...
copying path '/nix/store/i2g98rnidj25vllrl3igjhqjpfqr0k48-snowmachine-2.0.2' from 'https://cache.nixos.org'...
building '/nix/store/r7lg1s3i41dqwq2ybhz43nlm24hs4mfc-emacs.service.drv'...
copying path '/nix/store/pn46v79mc9hlwm66sz55glg178vgh78a-sdnotify-wrapper-bin' from 'https://cache.nixos.org'...
copying path '/nix/store/62n4wxiy2k1q52i3ai385dg3r2gaxzjz-soql-grammar-0.0.0+rev=3597575' from 'https://cache.nixos.org'...
copying path '/nix/store/g5cm49jpr0lcba1b1lmpwc6n0rcnckxa-solidity-grammar-0.0.0+rev=4e938a4' from 'https://cache.nixos.org'...
copying path '/nix/store/vnr2w1fkb3jbll1v83dx1pcj6475dw6m-sosl-grammar-0.0.0+rev=3597575' from 'https://cache.nixos.org'...
building '/nix/store/s34xxhbx407m9g185b4j53dfx4gv1iqb-warp-bld.drv'...
copying path '/nix/store/9qvd69izb59gzcy7lbanzm6i83ykl4d6-source' from 'https://cache.nixos.org'...
copying path '/nix/store/dfmlx2mrza26x9dhily768b5r50p2s1h-source' from 'https://cache.nixos.org'...
building '/nix/store/lg5gcb195438naw812685ca36an72xl2-hm-session-vars.sh.drv'...
copying path '/nix/store/j22dh3in03v0sk0s0wylpnjhzvliq7m5-source' from 'https://cache.nixos.org'...
building '/nix/store/srgn2asyfjiy4vwiz3r6dg7fnik1ay8n-rust-default-1.89.0.drv'...
copying path '/nix/store/j629lhxqr36g7iybsvv474nxpy5hnv1i-sourcepawn-grammar-0.0.0+rev=5a8fdd4' from 'https://cache.nixos.org'...
copying path '/nix/store/vwl7jvbyj7yhpzhlbav37krlxphns17s-sparql-grammar-0.0.0+rev=1ef52d3' from 'https://cache.nixos.org'...
building '/nix/store/vrgnmwhc40v17rkjcd2iqnij4wgxrjf7-hm_homeprincedimond.zshenv.drv'...
building '/nix/store/gvpj0qwr4xrj0ghilhad98a83wq2c9wb-auditable-rust-default-1.89.0.drv'...
copying path '/nix/store/0rdkqmymp6n9bggsnrc50g19618bagwd-sql-grammar-0.0.0+rev=0a3d963' from 'https://cache.nixos.org'...
copying path '/nix/store/6iqrahpc9if3wq1rilwgx9q2lflz64x9-sproto-grammar-0.0.0+rev=d554c14' from 'https://cache.nixos.org'...
copying path '/nix/store/kqh3pdb2k83qjbhgr342nr0dpl7g4ims-squirrel-grammar-0.0.0+rev=072c969' from 'https://cache.nixos.org'...
copying path '/nix/store/3x5518y0jq5bvysbzzvpif8mxhic5gm2-ssh_config-grammar-0.0.0+rev=71d2693' from 'https://cache.nixos.org'...
copying path '/nix/store/mz4pl7wlxv7gc7jw5iqswffig7zcrcf1-strsim-0.11.1' from 'https://cache.nixos.org'...
copying path '/nix/store/868rxgiksjzimgzlf31mgc6ac9b7f33r-stub-ld-x86_64-unknown-linux-musl' from 'https://cache.nixos.org'...
copying path '/nix/store/5cwshx8rg186q51r4hcxxwvhx6ic8mgv-sshpass-1.10' from 'https://cache.nixos.org'...
copying path '/nix/store/0jjymwq9q2c8al0qyki9wg2vpwfir9ha-starlark-grammar-0.0.0+rev=a453dbf' from 'https://cache.nixos.org'...
copying path '/nix/store/5jm8q4sms5lvw1w495y57k2qjdfyx7v8-static_assertions-1.1.0' from 'https://cache.nixos.org'...
copying path '/nix/store/3rl8wmgkl6rbjarp5d2qx9nwp85bxwcf-strict-num-0.1.1' from 'https://nix-community.cachix.org'...
copying path '/nix/store/6ssvl2byfq9yhw734f88x8qajx8654gk-strace-grammar-0.0.0+rev=d819cdd' from 'https://cache.nixos.org'...
building '/nix/store/ix61p7xms1ziyljvsw674s446cr24h08-sass-3.7.4.drv'...
building '/nix/store/jjcma9a6fz4zlpc742c9lccv8syypgd5-unit-seatd.service.drv'...
building '/nix/store/zg939m47ng2xfvri1a4llz36gbhqyi8a-sass-3.7.4.drv'...
copying path '/nix/store/xsfma18by7w43kifl7y56pqlzvqacqjn-styled-grammar-0.0.0+rev=319cdca' from 'https://cache.nixos.org'...
building '/nix/store/y6nx0gx5sx1hzbhqhqmvkp1fcl99mgcf-stylix-gnome-shell-theme.drv'...
copying path '/nix/store/pmcg49xb2hnvjmglca70n4fnmd646sdj-supercollider-grammar-0.0.0+rev=76b3cab' from 'https://cache.nixos.org'...
copying path '/nix/store/wbxgfdpw3166pp5fm764j7xqg2jxc7pl-superhtml-grammar-0.0.0+rev=8b5bb27' from 'https://cache.nixos.org'...
copying path '/nix/store/j8shsywcmbym9ahnknbqbqb92smw9lif-surface-grammar-0.0.0+rev=f4586b3' from 'https://cache.nixos.org'...
copying path '/nix/store/ag0miapp79vsxbv04i4d5s4sfggmbdbq-sway-grammar-0.0.0+rev=9b7845c' from 'https://cache.nixos.org'...
copying path '/nix/store/v1kb6cx10gml7ncxfkp31vcxxcfgd1cn-swift-grammar-0.0.0+rev=99a5241' from 'https://cache.nixos.org'...
copying path '/nix/store/hqm5ydpghl7k7w5rhq20zra4m3qpq9vs-svelte-grammar-0.0.0+rev=ae5199d' from 'https://cache.nixos.org'...
building '/nix/store/9aafv6ry0syj5rzgz3rzbwm2xll7askr-nixos-tmpfiles.d.drv'...
copying path '/nix/store/0skas4dfa1ngjdpgl3vw2nnlbm9rfllh-systemctl-tui-0.4.0' from 'https://cache.nixos.org'...
copying path '/nix/store/5nwzhfv6yiqrx56cnhx9pxmx5a1b058p-systemd-boot' from 'https://cache.nixos.org'...
copying path '/nix/store/qy07j6886b5jys988gzqnf0dilbg4chv-syn-2.0.108' from 'https://cache.nixos.org'...
copying path '/nix/store/r7qnn7gz23j76zq9fmampi8bkm0w6cyj-systemd-default-tmpfiles' from 'https://cache.nixos.org'...
copying path '/nix/store/hpchhl50lhi2d7z0z993yd1b46cl15bd-sxhkdrc-grammar-0.0.0+rev=440d5f9' from 'https://cache.nixos.org'...
copying path '/nix/store/mdh4k0c0rfi7y8v3nfpi3cpv0bpfg08p-systemtap-grammar-0.0.0+rev=f2b378a' from 'https://cache.nixos.org'...
copying path '/nix/store/wy889b8h3bxdf3md5q5lfpnwxywz93yh-systemverilog-grammar-0.0.0+rev=7c4b01b' from 'https://cache.nixos.org'...
copying path '/nix/store/3cyb8c8cfkxjsvs7sgkqj9vhwhmp8rzb-t-rec-0.8.1' from 'https://cache.nixos.org'...
copying path '/nix/store/ylvakpg6x6nxjdwfnl5mrw9086z8cp9n-t32-grammar-0.0.0+rev=2f604ad' from 'https://cache.nixos.org'...
copying path '/nix/store/jj2g76av3cgzzfhkiyb2y7agiirz8nwh-tablegen-grammar-0.0.0+rev=b117088' from 'https://cache.nixos.org'...
copying path '/nix/store/4hxvfkmbifnd8gqldl7ks772yvmfjva0-tact-grammar-0.0.0+rev=a6267c2' from 'https://cache.nixos.org'...
copying path '/nix/store/rsw2chabyirm1z9x1sxj6q45mpl0i67v-tailspin-5.5.0' from 'https://cache.nixos.org'...
copying path '/nix/store/ga4ydqfb02ifh1v3p0aqpcj7pwwbwn6x-target-lexicon-0.13.3' from 'https://cache.nixos.org'...
copying path '/nix/store/klryfz666qasz5bgfscx6j05mj3k039y-tcl-grammar-0.0.0+rev=f15e711' from 'https://cache.nixos.org'...
building '/nix/store/gyzma3j46x63apskwmmv3v5wvcmjhnfg-systemd-boot.drv'...
copying path '/nix/store/x4kc0h6f9ay4bfsvcy0w5nsx37xsf548-teal-grammar-0.0.0+rev=05d276e' from 'https://cache.nixos.org'...
copying path '/nix/store/r53ara427czg6rsh15328v5bfc7nczhi-tera-grammar-0.0.0+rev=692937d' from 'https://cache.nixos.org'...
copying path '/nix/store/gzx620k81p9z1x0zd6f96dqsf5n49h75-templ-grammar-0.0.0+rev=1975f67' from 'https://cache.nixos.org'...
copying path '/nix/store/106h7vraipjn2c44lkr68kkd1xaljc9z-television-0.13.12' from 'https://cache.nixos.org'...
copying path '/nix/store/pfli3zzfjskghspx8igjjd2z184sw8gd-terminal_size-0.4.3' from 'https://cache.nixos.org'...
building '/nix/store/vf4y8qzkl50mdsqvbzs8dralwmmnfsqa-install-systemd-boot.sh.drv'...
copying path '/nix/store/m5ybb1ribrnngilhiih8sasmr3v5zg45-termtree-0.5.1' from 'https://cache.nixos.org'...
copying path '/nix/store/a5i8kyzp7m0k8p9l5s1d8d9r7gp0f9zn-terraform-grammar-0.0.0+rev=fad9918' from 'https://cache.nixos.org'...
copying path '/nix/store/3qjgnpp3gaqf915ip5hkgccgsw2wimcc-textproto-grammar-0.0.0+rev=568471b' from 'https://cache.nixos.org'...
building '/nix/store/94625flv2n0i9d5yy1r47570jm11l3jv-sddm-astronaut-1.0-unstable-2025-01-05.drv'...
copying path '/nix/store/5j67j7q7kdiblw9zrwj2vm2kcv3d63hx-thiserror-2.0.17' from 'https://cache.nixos.org'...
copying path '/nix/store/i3klbm4x1zdj8jyp1c1i8mnkhzidl3nn-thiserror-impl-2.0.17' from 'https://cache.nixos.org'...
copying path '/nix/store/wbl813sndh9y2ms8gby7n44lhm957d1b-thrift-grammar-0.0.0+rev=68fd0d8' from 'https://cache.nixos.org'...
copying path '/nix/store/1iqbcsh2c7mr8jcc7dd27f0aqxhclzrk-tiff-0.10.3' from 'https://cache.nixos.org'...
copying path '/nix/store/0prha4p1pq86by738wdvg5qgz52q702h-tig-2.6.0' from 'https://cache.nixos.org'...
copying path '/nix/store/5pjawicrbsmjxxdmypac7qxpwd6i7mfx-tiny-skia-0.11.4' from 'https://nix-community.cachix.org'...
copying path '/nix/store/3rifb85yi2c7ispavx48fd8zjzknlgv8-tiger-grammar-0.0.0+rev=4a77b2d' from 'https://cache.nixos.org'...
copying path '/nix/store/g215q6jpsnafx2c7q29wsqfi8f3nfgwf-tiny-skia-path-0.11.4' from 'https://nix-community.cachix.org'...
copying path '/nix/store/wg22b3xmhbywpfrf6518nkhqm6wnc27a-tinyvec-1.10.0' from 'https://cache.nixos.org'...
copying path '/nix/store/s3jg74kmp3dqai5brw122rrjavbzn9pi-tinyvec_macros-0.1.1' from 'https://cache.nixos.org'...
copying path '/nix/store/43nbdbfrwgvhg91slakzzsl0kln4jq3j-tlaplus-grammar-0.0.0+rev=2d83194' from 'https://cache.nixos.org'...
copying path '/nix/store/n939p96c4ikzfviikzpf8svy9cc6bmij-tmux-grammar-0.0.0+rev=0252ecd' from 'https://cache.nixos.org'...
copying path '/nix/store/z70fgq9gjsm2rbngvqvnjandfa8n87wy-todotxt-grammar-0.0.0+rev=3937c5c' from 'https://cache.nixos.org'...
copying path '/nix/store/idj0y5lz322s76y2zvxiavlgjxxqjhcc-toilet-0.3' from 'https://cache.nixos.org'...
copying path '/nix/store/4hvh7n9c5s844vw17y72gh9rfphn7qcx-toml-0.9.8' from 'https://cache.nixos.org'...
copying path '/nix/store/09yb3g5sr00pzgm5arn4n2fxl2vyxq4x-toml-grammar-0.0.0+rev=64b5683' from 'https://cache.nixos.org'...
copying path '/nix/store/xyrs9dpihzdz46gcbhz2lyaza3lndndy-toml_datetime-0.7.3' from 'https://cache.nixos.org'...
copying path '/nix/store/74lny4srxzckf5h9hr1lh4z7dkgxs9gj-toml_parser-1.0.4' from 'https://cache.nixos.org'...
building '/nix/store/9llcaaqyfqlyxyj08s59c8857l4lyqif-losslesscut-3.64.0-init.drv'...
building '/nix/store/wq5sy8azzfh1179zanghxzvgna8acv7j-losslesscut-3.64.0-bwrap.drv'...
building '/nix/store/f5gbckllf9y47c1n3zcvn8qi57rs5mg9-losslesscut-3.64.0.drv'...
copying path '/nix/store/s041kgakx4v0fxqrvr3db8p6b4786nh2-toml_writer-1.0.4' from 'https://cache.nixos.org'...
copying path '/nix/store/f5isrxzwrqf7gmg814627sadcfmml3ry-trippy-0.13.0' from 'https://cache.nixos.org'...
copying path '/nix/store/hws84dh3wmpgpywz3a6xrvbwyd6k48dq-tsv-grammar-0.0.0+rev=f6bf6e3' from 'https://cache.nixos.org'...
copying path '/nix/store/36jqjd4f6bgh77gxg7ks4flnn9msqmz8-ttf-parser-0.25.1' from 'https://cache.nixos.org'...
copying path '/nix/store/76z31zxfsnq6pg3x7n84i1jwhal5v191-ttop-1.5.7' from 'https://cache.nixos.org'...
copying path '/nix/store/bnfzbw719yy2w70ijd1k4xa36sa9mi66-tuifimanager-5.1.5' from 'https://cache.nixos.org'...
copying path '/nix/store/jxhwsrr6fa62f8pljjp7gxhmskkyg3kn-tuptime-5.2.4' from 'https://cache.nixos.org'...
copying path '/nix/store/cpqncdyvdnsgzaksia4zjnlh47wnr0d0-turtle-grammar-0.0.0+rev=7f789ea' from 'https://cache.nixos.org'...
copying path '/nix/store/l4l7kpl9f3d54dqn4b3djh160z9srxnk-twig-grammar-0.0.0+rev=7195ee5' from 'https://cache.nixos.org'...
copying path '/nix/store/7khm4sbfcpgaj465fcznmjk2vbam9lxp-typescript-grammar-0.0.0+rev=75b3874' from 'https://cache.nixos.org'...
copying path '/nix/store/yf9shkzqwmnfljn2rppr18819jkxhcr2-typespec-grammar-0.0.0+rev=814c982' from 'https://cache.nixos.org'...
copying path '/nix/store/j84bnip7h8ixq8p9xjw99539g9i8vd1c-typespeed-0.6.5' from 'https://cache.nixos.org'...
copying path '/nix/store/c67a23rd7qjbz3nybm470m2jli4xj5hj-typioca-3.1.0' from 'https://cache.nixos.org'...
copying path '/nix/store/z1ir3p817vcyq1jbmrgajkvwfib97iw9-typoscript-grammar-0.0.0+rev=5d8fde8' from 'https://cache.nixos.org'...
copying path '/nix/store/2s4hpq73hn49jd84x976m3acp3rd3k1x-tzdata-2025b' from 'https://cache.nixos.org'...
copying path '/nix/store/xmr6i5vh2anhpliiyr551jkxqc2v0i61-udev-grammar-0.0.0+rev=2fcb563' from 'https://cache.nixos.org'...
copying path '/nix/store/dlm40qa7b48smv4s2zxr45p8gfr9vf5v-udisks-2.10.2' from 'https://cache.nixos.org'...
copying path '/nix/store/hxpy14abiq41j5mmjklx55ysb6hlnmyq-ungrammar-grammar-0.0.0+rev=debd26f' from 'https://cache.nixos.org'...
copying path '/nix/store/v2h8a61pzlpl19sz8j0kb46d7pigk4r3-unicode-bidi-0.3.18' from 'https://cache.nixos.org'...
copying path '/nix/store/jgmrfh7yqakfvj0r4hmxysr0jpci9isx-unicode-ident-1.0.22' from 'https://cache.nixos.org'...
copying path '/nix/store/a2ma814hmpbf027n9lgxc5fhwzwnj2hg-unicode-properties-0.1.4' from 'https://cache.nixos.org'...
copying path '/nix/store/n3ymm72h75511hs49anhi3nl7j1nfzh1-unifont-16.0.03' from 'https://cache.nixos.org'...
copying path '/nix/store/f9x43aklag20bvp58nf05xk0h6rv7vjr-unison-grammar-0.0.0+rev=169e7f7' from 'https://cache.nixos.org'...
copying path '/nix/store/f244pq7qm9ga22jpa4l0vca2ys4q7wh7-update-autotools-gnu-config-scripts-hook' from 'https://cache.nixos.org'...
copying path '/nix/store/b7x6qf552jflismz50j9h41aqlzkcl7r-upower-1.90.10-dev' from 'https://cache.nixos.org'...
copying path '/nix/store/b7c3n963n9rd1fg9mjii7rpnbfkqyh6q-upscayl-2.15.0-extracted' from 'https://cache.nixos.org'...
copying path '/nix/store/cpsk3c321dp1nd3a61k3byf90iq88hy0-upscayl-2.15.0-fhsenv-rootfs' from 'https://cache.nixos.org'...
copying path '/nix/store/gjqp250nkqq498bz64nrrr6py992jkds-usd-grammar-0.0.0+rev=4e0875f' from 'https://cache.nixos.org'...
copying path '/nix/store/db9jgix75fd6y9iai6discapx2cbqas5-utf8parse-0.2.2' from 'https://cache.nixos.org'...
copying path '/nix/store/s49p3hm7pd5vrnhqbl7dsnz5p8n575dz-uxntal-grammar-0.0.0+rev=ad9b638' from 'https://cache.nixos.org'...
copying path '/nix/store/yymy76kq4w5fgg19w3rxpclypgfdqblg-v-grammar-0.0.0+rev=236d51b' from 'https://cache.nixos.org'...
copying path '/nix/store/5b7x563cywpah02b1z8nxspsfkh4kkz1-vala-grammar-0.0.0+rev=97e6db3' from 'https://cache.nixos.org'...
copying path '/nix/store/r5ah6qkzgm6zq3bccbi2aykajhqrs7np-vento-grammar-0.0.0+rev=3b32474' from 'https://cache.nixos.org'...
copying path '/nix/store/0ckx243i290h002klggjbcdi5pxch22l-version-compare-0.2.1' from 'https://nix-community.cachix.org'...
copying path '/nix/store/l33sxnpc293qsgs57qbxsfzplpw456hj-version_check-0.9.5' from 'https://cache.nixos.org'...
copying path '/nix/store/ajc6x2jyiihv8v07aqww75008p7h9bcj-vhdl-grammar-0.0.0+rev=0c25aa0' from 'https://cache.nixos.org'...
copying path '/nix/store/5351h7hykj9kj66v1vz4qlszr9x83v14-vhs-grammar-0.0.0+rev=0c6fae9' from 'https://cache.nixos.org'...
copying path '/nix/store/8hnpmz06b1kvg9h8b9hhk010mwvaiwpg-vimplugin-alpha-nvim-2025-10-28' from 'https://nix-community.cachix.org'...
copying path '/nix/store/0iznz2xkzsr2kzdvw46yl1i9ac669xdp-vimplugin-bufferline.nvim-2025-01-14' from 'https://nix-community.cachix.org'...
copying path '/nix/store/4k023wpjrwlbs1mfilnznbldrbczcgl1-vimplugin-cmp-buffer-2025-04-01' from 'https://nix-community.cachix.org'...
copying path '/nix/store/hwrsylbx0pklx0ly8h6dajby0r3xhaxj-vimplugin-cmp-nvim-lsp-2025-11-13' from 'https://nix-community.cachix.org'...
copying path '/nix/store/pcnihk18zy5nd2qxlv4qgisb9y3knjj9-vimplugin-cmp-path-2025-07-30' from 'https://nix-community.cachix.org'...
building '/nix/store/sjkjn69w4vy6s2i36wgay657jl4z9bkk-hwdb.bin.drv'...
building '/nix/store/aq7ikxgfbzrlwh3r5qa2282366imry99-udev-rules.drv'...
copying path '/nix/store/iqwv6ar91fmaxpa3ni7sj3c04llbbhwj-udiskie-2.5.8' from 'https://cache.nixos.org'...
copying path '/nix/store/0ry4mbz2fb51yd7dyx16zzk0xrvmd18f-vimplugin-diffview.nvim-2024-06-13' from 'https://nix-community.cachix.org'...
copying path '/nix/store/ybkvc20lpb2nazijpm38sganr7yk6l7c-vimplugin-conform.nvim-2025-11-25' from 'https://nix-community.cachix.org'...
copying path '/nix/store/082nqfpa94kckcgaij7gpn7k3r38jgq9-vimplugin-comment.nvim-2024-06-09' from 'https://nix-community.cachix.org'...
copying path '/nix/store/d2rhdwlbva1wmpimaz16cp33r997m1cj-gvfs-1.58.0' from 'https://cache.nixos.org'...
copying path '/nix/store/f33m00af3ssssdl1iwqypapcjmhgqvy6-vimplugin-cmp_luasnip-2024-11-04' from 'https://nix-community.cachix.org'...
copying path '/nix/store/aar33ixwpwcz78mhwl16kdvjsamyv6mq-vimplugin-friendly-snippets-2025-04-29' from 'https://nix-community.cachix.org'...
copying path '/nix/store/w0r8ddqrnm620m5mhcfw011x8crilc5h-vimplugin-hop.nvim-2025-08-22' from 'https://nix-community.cachix.org'...
copying path '/nix/store/yin0d1qqgiczvykb47jlim003x5yci3m-vimplugin-indent-blankline.nvim-2025-03-17' from 'https://nix-community.cachix.org'...
copying path '/nix/store/51k2bl4lmv0pk4h0zbykb94fh9izd5fl-vimplugin-leap.nvim-2025-11-25' from 'https://nix-community.cachix.org'...
copying path '/nix/store/w6ss89klrk5niyibbvjf68bf3xjxyw5g-vimplugin-lsp_signature.nvim-2025-11-23' from 'https://nix-community.cachix.org'...
copying path '/nix/store/cmimm8zflq4avgcrgh17jishizrv2fnw-vimplugin-luajit2.1-gitsigns.nvim-scm-1-unstable-scm-1' from 'https://cache.nixos.org'...
copying path '/nix/store/hjcv23l04zn8i1wygf9ryxdidsl6cx66-vimplugin-luajit2.1-lualine.nvim-scm-1-unstable-scm-1' from 'https://cache.nixos.org'...
copying path '/nix/store/wdm7h6xshlwnabv4x4pd54siba62nchq-vimplugin-luajit2.1-luasnip-2.4.1-1-unstable-2.4.1-1' from 'https://cache.nixos.org'...
copying path '/nix/store/fm1z02gbskkyqcskkgp7cxgxf332f8aq-vimplugin-luajit2.1-nui.nvim-0.4.0-1-unstable-0.4.0-1' from 'https://cache.nixos.org'...
building '/nix/store/hx5519n8lczl7qvp05fcsh1nmf0k24m8-X-Restart-Triggers-systemd-udevd.drv'...
copying path '/nix/store/h4dj8cwixb1bqxa5m1aqimikjgpc68kq-vimplugin-luajit2.1-nvim-cmp-scm-1-unstable-scm-1' from 'https://cache.nixos.org'...
copying path '/nix/store/p61ms7bjw0cpia3bf6b4q0bqgbyk4d34-vimplugin-luajit2.1-nvim-web-devicons-0.100-1-unstable-0.100-1' from 'https://cache.nixos.org'...
copying path '/nix/store/5rijzrjxrwsfawb03j3p5dkxjmvzibxy-vimplugin-luajit2.1-plenary.nvim-scm-1-unstable-scm-1' from 'https://cache.nixos.org'...
copying path '/nix/store/vvnsxk4q3hk4c0rfsxm7cxrnqy0r0ffc-vimplugin-luajit2.1-telescope.nvim-scm-1-unstable-scm-1' from 'https://cache.nixos.org'...
building '/nix/store/x7jbn1dlg04s5s6316isf4scvfjfbs6l-unit-systemd-udevd.service.drv'...
copying path '/nix/store/iz8mvcrp4i3a5q4i21n1xrba7d2lrdd1-vimplugin-neo-tree.nvim-2025-11-19' from 'https://nix-community.cachix.org'...
copying path '/nix/store/fdscv0vkhmnhqv6mr0v6mz3ycb9srbh3-vimplugin-nvim-lspconfig-2025-11-27' from 'https://cache.nixos.org'...
copying path '/nix/store/prlkizvxaby88wfsh4lx5iv0v0q8q4ff-vimplugin-noice.nvim-2025-11-03' from 'https://nix-community.cachix.org'...
copying path '/nix/store/kyqrn0m41dbhwx4i3pn12q6n09iagzwx-vimplugin-nvim-notify-2025-09-06' from 'https://nix-community.cachix.org'...
copying path '/nix/store/j55bdm7fp1qh9sjxjqqlb7sc1v86rn4y-vimplugin-popup.nvim-2021-11-18' from 'https://nix-community.cachix.org'...
copying path '/nix/store/kljyf396l32n0rc1k5242ggv535xjgvc-vimplugin-nvim-autopairs-2025-10-12' from 'https://nix-community.cachix.org'...
copying path '/nix/store/a8bxgby1rpll6bkxgzx9ca1afaq9k621-vimplugin-nvim-colorizer.lua-2025-11-02' from 'https://nix-community.cachix.org'...
copying path '/nix/store/yaan5bd6mxqg55m2vzvgzbawnc77wzgd-vimplugin-project.nvim-2025-11-29' from 'https://nix-community.cachix.org'...
copying path '/nix/store/dqjn0b792zc3v5mam09xgdz45l9yjwh0-vimplugin-telescope-media-files.nvim-2023-02-19' from 'https://nix-community.cachix.org'...
copying path '/nix/store/ln5idsg0qpzz6d5gnddm5g2ppwbx4j2k-vimplugin-toggleterm.nvim-2025-03-09' from 'https://nix-community.cachix.org'...
copying path '/nix/store/crfpa168nkyxmk7q8l3v1bp0vip915fp-vimplugin-tokyonight.nvim-2025-11-05' from 'https://nix-community.cachix.org'...
building '/nix/store/j2sn629x1lxvf9xk1h6hyx8j63mqh4xw-udiskie.service.drv'...
copying path '/nix/store/qklmnw16mjabsivv7y27a9ysg7q1g43n-SwayNotificationCenter-0.12.3' from 'https://cache.nixos.org'...
copying path '/nix/store/3gffvcnwis163wbwgra6q6ahaq4cllan-astal-mpris-0-unstable-2025-11-26' from 'https://cache.nixos.org'...
copying path '/nix/store/0r9j4qd2ca8fnlzqfq5lpr0098ydspz6-gnome-online-accounts-3.56.2' from 'https://cache.nixos.org'...
copying path '/nix/store/ns96jnnwmfr9s394bgdscfs29mjnlxac-vimplugin-treesitter-grammar-ada' from 'https://cache.nixos.org'...
copying path '/nix/store/rg2na1prsr2p6mchh9n0ghhncn6wn81y-vimplugin-treesitter-grammar-agda' from 'https://cache.nixos.org'...
copying path '/nix/store/n5w9c37h678bb4s8iac7wb29vjzn2y2w-vimplugin-treesitter-grammar-angular' from 'https://cache.nixos.org'...
copying path '/nix/store/p69xx75ks5b0qjpfq5jgzmrxr84qacz0-vimplugin-treesitter-grammar-apex' from 'https://cache.nixos.org'...
copying path '/nix/store/i5sw9qkxix3i9kmn2v6cmn3fba14rkc9-vimplugin-treesitter-grammar-arduino' from 'https://cache.nixos.org'...
copying path '/nix/store/jqlv281mnslgb65h1acva7ywcx1jkmxw-vimplugin-treesitter-grammar-asm' from 'https://cache.nixos.org'...
copying path '/nix/store/hrqrnm590n85z9m7j7yw39bfy6y29rj9-vimplugin-treesitter-grammar-astro' from 'https://cache.nixos.org'...
copying path '/nix/store/rkdnnvn65ixblsk11h4azp2056hd30vs-vimplugin-treesitter-grammar-authzed' from 'https://cache.nixos.org'...
copying path '/nix/store/bzyl5f125kmppph1ryj9s47hpimygsrp-vimplugin-treesitter-grammar-awk' from 'https://cache.nixos.org'...
copying path '/nix/store/j0m3mdvj3v1zh54v1553almy1lq8anhh-vimplugin-treesitter-grammar-bass' from 'https://cache.nixos.org'...
copying path '/nix/store/cmng4za4k4iw8q1mralv027qn6xpi48f-vimplugin-treesitter-grammar-beancount' from 'https://cache.nixos.org'...
copying path '/nix/store/1mygs8cal12zdwqqnn8ww7ax52cjw15s-vimplugin-treesitter-grammar-bibtex' from 'https://cache.nixos.org'...
copying path '/nix/store/90m4cjfp6nvzik8yv1capj0j058ymdkh-vimplugin-treesitter-grammar-bicep' from 'https://cache.nixos.org'...
copying path '/nix/store/ncb4f4h6z6xim3psydhdxxw91yq29van-vimplugin-treesitter-grammar-bitbake' from 'https://cache.nixos.org'...
copying path '/nix/store/rf0a07hgbqdn7q2cxlmr7kxps4j839vx-vimplugin-treesitter-grammar-blade' from 'https://cache.nixos.org'...
copying path '/nix/store/hz6wchqabdnqjzbkwmj9s9pbn3gsn2xb-vimplugin-treesitter-grammar-blueprint' from 'https://cache.nixos.org'...
copying path '/nix/store/2vcmlgjxf1k7ag0hl1nzhpbhyw7mif9s-vimplugin-treesitter-grammar-bp' from 'https://cache.nixos.org'...
copying path '/nix/store/8p0ahr73f8rw1d82p221hc941ydrb565-vimplugin-treesitter-grammar-brightscript' from 'https://cache.nixos.org'...
copying path '/nix/store/kc06cpprm9gya10xj4fr7pni0vb6qh0q-vimplugin-treesitter-grammar-c3' from 'https://cache.nixos.org'...
copying path '/nix/store/gzi6cjs9p716haxhb8nplfqsbl2ysa3i-vimplugin-treesitter-grammar-c_sharp' from 'https://cache.nixos.org'...
copying path '/nix/store/p79nqr6wbcx2x86r813g3nlzjdv96z5n-vimplugin-treesitter-grammar-caddy' from 'https://cache.nixos.org'...
copying path '/nix/store/8w6vsg7l5b3zz0xpd4lfj0mzmgpk3rrl-vimplugin-treesitter-grammar-cairo' from 'https://cache.nixos.org'...
building '/nix/store/64r660j2r6r1d31d4yw465jw2fvd200j-swaync.service.drv'...
building '/nix/store/ngiqpvz1rkmwp77qs74maprja22mp48j-task-waybar.drv'...
copying path '/nix/store/5da787ciy9v9naz30a7ail31j76wymkd-vimplugin-treesitter-grammar-capnp' from 'https://cache.nixos.org'...
copying path '/nix/store/fpx52w2pfz6rpg5yjd3vwchjsbjig7nh-vimplugin-treesitter-grammar-chatito' from 'https://cache.nixos.org'...
copying path '/nix/store/ll774la7sx9179m5q4p6mjinzghyshny-vimplugin-treesitter-grammar-circom' from 'https://cache.nixos.org'...
copying path '/nix/store/ijyvhrlqaaggnnka0fhzsphza7q088qk-vimplugin-treesitter-grammar-cmake' from 'https://cache.nixos.org'...
copying path '/nix/store/r0xw17qag218jqicy3a57j7ywzj4sqz9-vimplugin-treesitter-grammar-corn' from 'https://cache.nixos.org'...
copying path '/nix/store/fknzaiavzmdw0zikix5x35zkcr0wn9zh-vimplugin-treesitter-grammar-comment' from 'https://cache.nixos.org'...
copying path '/nix/store/wv2wkk79dfncbh89v64y06yq9lj7936s-vimplugin-treesitter-grammar-commonlisp' from 'https://cache.nixos.org'...
copying path '/nix/store/yzady831j7m54ch7wlj7cwm8isw7323q-vimplugin-treesitter-grammar-cooklang' from 'https://cache.nixos.org'...
copying path '/nix/store/2m2zky3mcykly9ahk2z6zil2sgcml64l-vimplugin-treesitter-grammar-clojure' from 'https://cache.nixos.org'...
copying path '/nix/store/iavqrfcr1v8803879xf7brip1yf8izsm-libmsgraph-0.3.3' from 'https://cache.nixos.org'...
copying path '/nix/store/7hmr7y9wbf478k5l9s2sc8fqrl1m1nvz-vimplugin-treesitter-grammar-cpon' from 'https://cache.nixos.org'...
copying path '/nix/store/swsk83fd664mpjfbnjin8jdjqfqaqjvx-vimplugin-treesitter-grammar-csv' from 'https://cache.nixos.org'...
copying path '/nix/store/ddkrbhr56a4cj526cpy023hx56lfc1hk-vimplugin-treesitter-grammar-cuda' from 'https://cache.nixos.org'...
copying path '/nix/store/4d6pa2dkai5gs3y9nniaz1smdg6wi3lg-vimplugin-treesitter-grammar-cue' from 'https://cache.nixos.org'...
copying path '/nix/store/r3gqjjn8jilww8439vv9f1v2icia17f2-vimplugin-treesitter-grammar-cylc' from 'https://cache.nixos.org'...
copying path '/nix/store/szwk1pv341w76b3jy7rb7jyfpkgy99ml-vimplugin-treesitter-grammar-d' from 'https://cache.nixos.org'...
copying path '/nix/store/zpiia1jbrsyzskzj4jrbsz61g1sn3058-vimplugin-treesitter-grammar-desktop' from 'https://cache.nixos.org'...
copying path '/nix/store/qlm62qnswqb2bn3l0q97dkvxdlzdfy9s-vimplugin-treesitter-grammar-dart' from 'https://cache.nixos.org'...
copying path '/nix/store/aw95wv43p0qfrfr3bgczkl011dx1x3mx-vimplugin-treesitter-grammar-devicetree' from 'https://cache.nixos.org'...
copying path '/nix/store/ng2n1xngl3gj8nxb98lnhba00n4xdvhh-vimplugin-treesitter-grammar-dhall' from 'https://cache.nixos.org'...
copying path '/nix/store/ijiir2ak46r562hryx5axjvmycc6jn5p-vimplugin-treesitter-grammar-diff' from 'https://cache.nixos.org'...
copying path '/nix/store/x5ipgnc3ayjm3w7lmmggj15r59gkamya-vimplugin-treesitter-grammar-disassembly' from 'https://cache.nixos.org'...
copying path '/nix/store/fa537l45v9pcnnrkjjxlv8kyb546cwkf-vimplugin-treesitter-grammar-djot' from 'https://cache.nixos.org'...
copying path '/nix/store/g27yzqzq4ykcim6x5vnshi4g3f484pas-vimplugin-treesitter-grammar-dockerfile' from 'https://cache.nixos.org'...
copying path '/nix/store/9yrih77k8js5vzz0qzan9rybky75p516-vimplugin-treesitter-grammar-dot' from 'https://cache.nixos.org'...
copying path '/nix/store/knngn0lh95y12imr0d0hda94dl3v8zkg-vimplugin-treesitter-grammar-doxygen' from 'https://cache.nixos.org'...
copying path '/nix/store/35yl4w6h6k2gqsh3jq9bl48dnqln0k4z-gvfs-1.58.0' from 'https://cache.nixos.org'...
copying path '/nix/store/5c4igxj79p8csymxl938wbayzqbpml7j-vimplugin-treesitter-grammar-earthfile' from 'https://cache.nixos.org'...
copying path '/nix/store/ymw17jgd52z3y24yrc7ccdaqb2y515q6-vimplugin-treesitter-grammar-ebnf' from 'https://cache.nixos.org'...
copying path '/nix/store/h8q76lxi2a226pkn1xpnv670ai7mwff0-vimplugin-treesitter-grammar-dtd' from 'https://cache.nixos.org'...
copying path '/nix/store/ngc9xp21skr1191hc7s2zl7qz57jvxvj-vimplugin-treesitter-grammar-editorconfig' from 'https://cache.nixos.org'...
copying path '/nix/store/b397l7pm2xrvpp01d7sd5gvl20rck99q-vimplugin-treesitter-grammar-eex' from 'https://cache.nixos.org'...
copying path '/nix/store/qmq89sr030icw7mim9mv09dz34kniwxl-vimplugin-treesitter-grammar-elixir' from 'https://cache.nixos.org'...
copying path '/nix/store/r6zxqnrf8swbriqcrl5bl90m2axlxz38-vimplugin-treesitter-grammar-eds' from 'https://cache.nixos.org'...
copying path '/nix/store/q38fvangvacgvag5ff084gzw5z1ys23h-vimplugin-treesitter-grammar-elm' from 'https://cache.nixos.org'...
copying path '/nix/store/l3mxgsvn8crdnihm2k3h478hy8gkfcw9-vimplugin-treesitter-grammar-elsa' from 'https://cache.nixos.org'...
copying path '/nix/store/kx52dg6dbpfh2xz73gw87y04glkwlzmk-vimplugin-treesitter-grammar-elvish' from 'https://cache.nixos.org'...
copying path '/nix/store/wrly2kl8w8mbvdbbxmw4snh5mphizrmy-vimplugin-treesitter-grammar-embedded_template' from 'https://cache.nixos.org'...
copying path '/nix/store/zy7zyyib2yrxscfynm5i6xnnggy61kjb-vimplugin-treesitter-grammar-enforce' from 'https://cache.nixos.org'...
copying path '/nix/store/2v8njgy1pbibjmfwxabg7w0mxs4hwwk3-vimplugin-treesitter-grammar-erlang' from 'https://cache.nixos.org'...
copying path '/nix/store/d4ig3d4iclyl9dl4ky3wnj91hzm9rks4-vimplugin-treesitter-grammar-facility' from 'https://cache.nixos.org'...
copying path '/nix/store/vif42qjggg4j84zi10azk84gyraswc7v-vimplugin-treesitter-grammar-faust' from 'https://cache.nixos.org'...
copying path '/nix/store/3bklyd3z8bq54310qkz9hcsfiiz0iwj7-vimplugin-treesitter-grammar-fennel' from 'https://cache.nixos.org'...
copying path '/nix/store/97y1lar6fssbicckw3y0h6dxjs1kxfh3-vimplugin-treesitter-grammar-fidl' from 'https://cache.nixos.org'...
copying path '/nix/store/7bvlcg7blx0l4ls9qgy315wp2jc527nn-vimplugin-treesitter-grammar-firrtl' from 'https://cache.nixos.org'...
copying path '/nix/store/w57hvs1wfhviv7r9hj0ia9nxwng2za3n-vimplugin-treesitter-grammar-fish' from 'https://cache.nixos.org'...
copying path '/nix/store/xd9776wb0l545mz2s2mgjh2ww040gwbq-vimplugin-treesitter-grammar-foam' from 'https://cache.nixos.org'...
copying path '/nix/store/l6x9q8x31cn8p82xzsrw74dmz1lw0zhb-vimplugin-treesitter-grammar-forth' from 'https://cache.nixos.org'...
copying path '/nix/store/bg8ai7afw83lrryci12d8b0wnd2jfgyc-vimplugin-treesitter-grammar-fortran' from 'https://cache.nixos.org'...
copying path '/nix/store/s3ar35zf7rgbs3ds8g2xbp5d0has1d7b-vimplugin-treesitter-grammar-fsh' from 'https://cache.nixos.org'...
copying path '/nix/store/hg8rpsqsc8qplnillrlpxxsgdrlgxrwy-vimplugin-treesitter-grammar-fsharp' from 'https://cache.nixos.org'...
copying path '/nix/store/wybjfdrfv3z500jqkrb055snsm9dig21-vimplugin-treesitter-grammar-fusion' from 'https://cache.nixos.org'...
copying path '/nix/store/vp4ljxccq5kchcv8nbj155b6as62g3iw-vimplugin-treesitter-grammar-func' from 'https://cache.nixos.org'...
copying path '/nix/store/34fy75kxppvh67p7agkxqrmivrfjrp0d-vimplugin-treesitter-grammar-gap' from 'https://cache.nixos.org'...
copying path '/nix/store/gkk78bmqd5k3wr689nzlzhsywpsh8fph-vimplugin-treesitter-grammar-gaptst' from 'https://cache.nixos.org'...
copying path '/nix/store/2vlp2470y521iz6h8xl7a5g2d51gc84h-vimplugin-treesitter-grammar-gdscript' from 'https://cache.nixos.org'...
copying path '/nix/store/afhhcm4nfj78v7v9r5rmxm3pfzvac45w-vimplugin-treesitter-grammar-gdshader' from 'https://cache.nixos.org'...
copying path '/nix/store/bz2zphkzcbcvh97a58d6127zaz1z7y0k-vimplugin-treesitter-grammar-git_config' from 'https://cache.nixos.org'...
copying path '/nix/store/cx0dmy2lh0hf30qsi686dvvwv5sqdxf4-vimplugin-treesitter-grammar-git_rebase' from 'https://cache.nixos.org'...
copying path '/nix/store/w3yk291qb6waqziv4f08jk1pca3mfl07-vimplugin-treesitter-grammar-gitattributes' from 'https://cache.nixos.org'...
copying path '/nix/store/lhlasi35qi8f46ilv9259mqanpxxva9g-vimplugin-treesitter-grammar-gitcommit' from 'https://cache.nixos.org'...
copying path '/nix/store/2i9nm1dr9ilfq7qcsywfnwvjhb5i8smx-vimplugin-treesitter-grammar-gitignore' from 'https://cache.nixos.org'...
copying path '/nix/store/qlgln2gzagp2hdk1f2x0dzk0k7dnlhk4-vimplugin-treesitter-grammar-gleam' from 'https://cache.nixos.org'...
copying path '/nix/store/s3n1hhpad379kp6xmalxx54nsqzvxb6j-vimplugin-treesitter-grammar-glimmer' from 'https://cache.nixos.org'...
copying path '/nix/store/yay4m1sllb7pmxabh7pgkcar39mjl9r2-vimplugin-treesitter-grammar-glimmer_javascript' from 'https://cache.nixos.org'...
copying path '/nix/store/1z8czvwi4yvh5aawsmdaa8r3inl1w0fl-vimplugin-treesitter-grammar-glimmer_typescript' from 'https://cache.nixos.org'...
copying path '/nix/store/ydsj6lki1gs5lfl9fvia78ljr4g8qh54-vimplugin-treesitter-grammar-glsl' from 'https://cache.nixos.org'...
copying path '/nix/store/563jfvv98lzn4bvjqdvj4gmzwskxzkgm-vimplugin-treesitter-grammar-gn' from 'https://cache.nixos.org'...
copying path '/nix/store/mw6826bx9amzkpcg6j40lsk0ry5w3nkj-vimplugin-treesitter-grammar-gnuplot' from 'https://cache.nixos.org'...
copying path '/nix/store/ax3q6c73yb2yqiyid0zl4wbjbhq68dzx-vimplugin-treesitter-grammar-go' from 'https://cache.nixos.org'...
copying path '/nix/store/yy4kmd9spp3zrdwdvg13xj6i9gbn4aa8-vimplugin-treesitter-grammar-goctl' from 'https://cache.nixos.org'...
copying path '/nix/store/c0596q23fkga6zhxkvm7l0lm3smm54hg-vimplugin-treesitter-grammar-godot_resource' from 'https://cache.nixos.org'...
copying path '/nix/store/i01ryhqzpf98z5w9jlhjcsyycndxy6pr-vimplugin-treesitter-grammar-gomod' from 'https://cache.nixos.org'...
copying path '/nix/store/k6dgvzp6zzncya0dkn1zxl4w3a4m7lsg-vimplugin-treesitter-grammar-gosum' from 'https://cache.nixos.org'...
copying path '/nix/store/6ycji3k8p5xkcy2g30n7i9gmbpndrppl-vimplugin-treesitter-grammar-gotmpl' from 'https://cache.nixos.org'...
copying path '/nix/store/5flg0k17z6b8qf79jkx2lkqaf0q555z0-vimplugin-treesitter-grammar-gowork' from 'https://cache.nixos.org'...
copying path '/nix/store/cwfgbwyzrnj5crs13ys4y1fy0p8h2gw3-vimplugin-treesitter-grammar-gpg' from 'https://cache.nixos.org'...
copying path '/nix/store/vqq1zzhz7z4jjvvyfm42nw8pmxv8m3fw-vimplugin-treesitter-grammar-graphql' from 'https://cache.nixos.org'...
copying path '/nix/store/ipr6rsxxhidpwnh8x5y1spmj58hwgfgc-vimplugin-treesitter-grammar-gren' from 'https://cache.nixos.org'...
copying path '/nix/store/ypdjfappa4i8x4jwk312mj4rwb3rp85a-vimplugin-treesitter-grammar-groovy' from 'https://cache.nixos.org'...
copying path '/nix/store/h3c010vwb5jnxrkw16qra5qqg3n7cys6-vimplugin-treesitter-grammar-groq' from 'https://cache.nixos.org'...
copying path '/nix/store/lgqf7llp7bgvzwnrbjyzd68brr2j7z8j-vimplugin-treesitter-grammar-gstlaunch' from 'https://cache.nixos.org'...
copying path '/nix/store/6kxjzpr9y025w9f87xll2irv0z56c033-vimplugin-treesitter-grammar-hack' from 'https://cache.nixos.org'...
copying path '/nix/store/1zs90zsgasv0y4fl2c7b72fgvmx738qg-vimplugin-treesitter-grammar-hare' from 'https://cache.nixos.org'...
copying path '/nix/store/s31iiwspv52pcjcsfq48lyz1raggd03s-vimplugin-treesitter-grammar-haskell' from 'https://cache.nixos.org'...
copying path '/nix/store/w53ajrfvnirzi6vly5k7fb9v2ag9wkxp-vimplugin-treesitter-grammar-haskell_persistent' from 'https://cache.nixos.org'...
copying path '/nix/store/k5cj9jajmh7za3fg4shnbynk6ymhdjc0-vimplugin-treesitter-grammar-hcl' from 'https://cache.nixos.org'...
copying path '/nix/store/pwp4hr5aws0q56s3k5qkv8iwl3hnj4v9-vimplugin-treesitter-grammar-heex' from 'https://cache.nixos.org'...
copying path '/nix/store/s1lxs5hz0jng8dnlq43a5d999bd2i4kx-vimplugin-treesitter-grammar-helm' from 'https://cache.nixos.org'...
copying path '/nix/store/n0w5ggpmj1fm0gii4c95w24ik4r881ny-vimplugin-treesitter-grammar-hjson' from 'https://cache.nixos.org'...
copying path '/nix/store/q8bdg94kw05x0zsgbdm1ncvkfxwklymz-vimplugin-treesitter-grammar-hlsl' from 'https://cache.nixos.org'...
copying path '/nix/store/9sjffydnnlrhlq0h1ih70zwk4x8yahk4-vimplugin-treesitter-grammar-hlsplaylist' from 'https://cache.nixos.org'...
copying path '/nix/store/bn7ax9ikp38g16bgi49yfhgwfy7j5f58-vimplugin-treesitter-grammar-hocon' from 'https://cache.nixos.org'...
copying path '/nix/store/3919dab89w8zacsvd0mjj3z46kb7vqn1-vimplugin-treesitter-grammar-hoon' from 'https://cache.nixos.org'...
copying path '/nix/store/g1wgg5hghf9h9fy09mp0hjd3jvigd3bs-vimplugin-treesitter-grammar-htmldjango' from 'https://cache.nixos.org'...
copying path '/nix/store/c2p9lp8cx8z2wjrxmrhjil06r5sgvvrb-vimplugin-treesitter-grammar-http' from 'https://cache.nixos.org'...
copying path '/nix/store/mwm2r9kl1xpb93bq64zq4sg2jsbs1ns3-vimplugin-treesitter-grammar-hurl' from 'https://cache.nixos.org'...
copying path '/nix/store/igk9c2wgvn7wwh563gyz2ag5gp3csxrc-vimplugin-treesitter-grammar-hyprlang' from 'https://cache.nixos.org'...
copying path '/nix/store/1is4nldvgry1ndf8y5fgjfqn2i1ygl8k-vimplugin-treesitter-grammar-idl' from 'https://cache.nixos.org'...
copying path '/nix/store/818ksi7q5p3yffb17ffg8sw8i8ssgyrd-vimplugin-treesitter-grammar-idris' from 'https://cache.nixos.org'...
copying path '/nix/store/cqd7lrlr11pj5nwkg16pxfla2q2ppv2r-vimplugin-treesitter-grammar-ini' from 'https://cache.nixos.org'...
copying path '/nix/store/l741crhyzva80n48yr60r04qzmnq14ns-vimplugin-treesitter-grammar-inko' from 'https://cache.nixos.org'...
copying path '/nix/store/yaimfzq1ahfxdpw0gvc5wmx7d0s78j0j-vimplugin-treesitter-grammar-ispc' from 'https://cache.nixos.org'...
copying path '/nix/store/c24zvgppi550fgwya7xdzbr5jdvg8bpf-vimplugin-treesitter-grammar-janet_simple' from 'https://cache.nixos.org'...
copying path '/nix/store/plm282npq8kzs6glagls9f3rxrk1rlnl-vimplugin-treesitter-grammar-java' from 'https://cache.nixos.org'...
copying path '/nix/store/r3qdnw1fqk6fzmww9701qp839y533y1l-vimplugin-treesitter-grammar-javadoc' from 'https://cache.nixos.org'...
copying path '/nix/store/717qfvbqi404qxzg50naraqwmh7d7dd1-vimplugin-treesitter-grammar-jinja' from 'https://cache.nixos.org'...
copying path '/nix/store/b3iw3b576l2fvnp8iayckgi1mzw60am4-vimplugin-treesitter-grammar-jinja_inline' from 'https://cache.nixos.org'...
copying path '/nix/store/jw8i85ai7i2arqjvb32plghz8jmh3cc6-vimplugin-treesitter-grammar-jq' from 'https://cache.nixos.org'...
copying path '/nix/store/hb032mvsdkrjci8009dp5adwlriwy401-vimplugin-treesitter-grammar-jsdoc' from 'https://cache.nixos.org'...
copying path '/nix/store/jdl6n5646k4kiqh7samx37dsn31b31q6-vimplugin-treesitter-grammar-json' from 'https://cache.nixos.org'...
copying path '/nix/store/vlpppcacrm2vz4gyk8gir09r20hsg2id-vimplugin-treesitter-grammar-json5' from 'https://cache.nixos.org'...
copying path '/nix/store/1xfa8aqdfngqx5pq0i9l7ch0kvh2qrmp-vimplugin-treesitter-grammar-jsonc' from 'https://cache.nixos.org'...
copying path '/nix/store/3mb382v9mjgqr1la2x6f3mmskdsnxxdp-vimplugin-treesitter-grammar-jsonnet' from 'https://cache.nixos.org'...
copying path '/nix/store/ys6wvz7y965lsrmxw7war2x9lc84nf1b-vimplugin-treesitter-grammar-julia' from 'https://cache.nixos.org'...
copying path '/nix/store/lzmxfz6l9rap3f4ihskq93pv2fm38msi-vimplugin-treesitter-grammar-just' from 'https://cache.nixos.org'...
copying path '/nix/store/g0gv6wifza4c72wrfk01zmwnpily2hwz-vimplugin-treesitter-grammar-kcl' from 'https://cache.nixos.org'...
copying path '/nix/store/g25z7dzc7690s99r0xp8qrwwb0l75964-vimplugin-treesitter-grammar-kconfig' from 'https://cache.nixos.org'...
copying path '/nix/store/6h8bvq2f8y8v3bkanx3pkq41nav0hpag-vimplugin-treesitter-grammar-kdl' from 'https://cache.nixos.org'...
copying path '/nix/store/4hz6w13qrnldj53rvj5knjnz1qbg3ifn-vimplugin-treesitter-grammar-kitty' from 'https://cache.nixos.org'...
copying path '/nix/store/n0dpwwxry2chs0fhnlkjll0khafd06gf-vimplugin-treesitter-grammar-kotlin' from 'https://cache.nixos.org'...
copying path '/nix/store/8yz3b4jyvgjcs9gfknccd8i8h03cg55p-vimplugin-treesitter-grammar-koto' from 'https://cache.nixos.org'...
copying path '/nix/store/0ilbwk0wxsvr6mk9346kg8g2a4gjb0kq-vimplugin-treesitter-grammar-kusto' from 'https://cache.nixos.org'...
copying path '/nix/store/b8448ljn1wwdyn8w2vlargnhq700h96i-vimplugin-treesitter-grammar-lalrpop' from 'https://cache.nixos.org'...
copying path '/nix/store/srmfb6j2l19zbnnph7mbixxl3b5ixk7d-vimplugin-treesitter-grammar-latex' from 'https://cache.nixos.org'...
copying path '/nix/store/l4xlgrlpfnc964844iw92gdbn2dadm8m-vimplugin-treesitter-grammar-ledger' from 'https://cache.nixos.org'...
copying path '/nix/store/g4k3c1liwvfscigl9m449cxjkp55d6d3-vimplugin-treesitter-grammar-leo' from 'https://cache.nixos.org'...
copying path '/nix/store/mm16idcjq42jh423jw6q8dpwijnbq2p2-vimplugin-treesitter-grammar-linkerscript' from 'https://cache.nixos.org'...
copying path '/nix/store/5pnaapygzs4lgn3iqx2x48wha8kwqdab-vimplugin-treesitter-grammar-liquid' from 'https://cache.nixos.org'...
copying path '/nix/store/3dn897j2xnpi9d6v6ax1wl6a4ip4g10z-vimplugin-treesitter-grammar-liquidsoap' from 'https://cache.nixos.org'...
copying path '/nix/store/dkjbhdr6ssr1h2srljsjni0q1sckhnnh-vimplugin-treesitter-grammar-llvm' from 'https://cache.nixos.org'...
copying path '/nix/store/4mkxzmq6yxbkc4rvw10wik5w1h21f11i-vimplugin-treesitter-grammar-luadoc' from 'https://cache.nixos.org'...
copying path '/nix/store/rs39d00lnbnqpn8max5dqn44qdvhb4lp-vimplugin-treesitter-grammar-luap' from 'https://cache.nixos.org'...
copying path '/nix/store/ipgxw2rswblsvk4r9cqz92az6pmvpfvb-vimplugin-treesitter-grammar-luau' from 'https://cache.nixos.org'...
copying path '/nix/store/zw32yzdww7pw6mphz8p82lfsw08b0d58-vimplugin-treesitter-grammar-m68k' from 'https://cache.nixos.org'...
copying path '/nix/store/kbh0nsx5plkgdd35n9rws7hr2g6irc9j-vimplugin-treesitter-grammar-make' from 'https://cache.nixos.org'...
copying path '/nix/store/40ra8mc3zyxgdc9qvr2rywls4ysw0cnn-vimplugin-treesitter-grammar-matlab' from 'https://cache.nixos.org'...
copying path '/nix/store/2b11lbm9p3ppqbqg1rzzah945502hb0a-vimplugin-treesitter-grammar-menhir' from 'https://cache.nixos.org'...
copying path '/nix/store/5r4vsskq4vrpp1v97pn2pjmyjnck6qfm-vimplugin-treesitter-grammar-mermaid' from 'https://cache.nixos.org'...
copying path '/nix/store/r1hs6zwh6p1msc50grr5s5380l0w34rz-vimplugin-treesitter-grammar-meson' from 'https://cache.nixos.org'...
copying path '/nix/store/1agcf9n86r5d489csykq21aas3854fp4-vimplugin-treesitter-grammar-mlir' from 'https://cache.nixos.org'...
copying path '/nix/store/mvvcyrygazcv348rbk6500sn0lcph7zp-vimplugin-treesitter-grammar-muttrc' from 'https://cache.nixos.org'...
copying path '/nix/store/mh0vdyw046dn1f0512jw42q8ajq9bks2-vimplugin-treesitter-grammar-nasm' from 'https://cache.nixos.org'...
copying path '/nix/store/07vbksypg9bgv02vxy7m368dyq7nl7ar-vimplugin-treesitter-grammar-nginx' from 'https://cache.nixos.org'...
copying path '/nix/store/6lp6pi0vgq612ldhw54vpryrng7a9x7r-vimplugin-treesitter-grammar-nim' from 'https://cache.nixos.org'...
copying path '/nix/store/r3883xm33f9fh6faywzwqqs0yfj6pdfa-vimplugin-treesitter-grammar-nickel' from 'https://cache.nixos.org'...
copying path '/nix/store/ff9qig2f8zrcsrk76ncyqbqc0v74860x-vimplugin-treesitter-grammar-nim_format_string' from 'https://cache.nixos.org'...
copying path '/nix/store/wg7dghbfmn3ybgk7ixsvafmbnjiga7xp-vimplugin-treesitter-grammar-ninja' from 'https://cache.nixos.org'...
copying path '/nix/store/fwaqgjfiyaf5q1vslj9gkb3f4psn9b5r-vimplugin-treesitter-grammar-nqc' from 'https://cache.nixos.org'...
copying path '/nix/store/3idq4ah3cqv07qq24g1048fkbjncwjjf-vimplugin-treesitter-grammar-nu' from 'https://cache.nixos.org'...
copying path '/nix/store/m01wwa0gh32bqwqssczlc9mpzjz1cpdf-vimplugin-treesitter-grammar-objc' from 'https://cache.nixos.org'...
copying path '/nix/store/45ky33vdx3rqby6v5qmdyrfn21hflxzy-vimplugin-treesitter-grammar-objdump' from 'https://cache.nixos.org'...
copying path '/nix/store/0dmklh8lm0r70shr9vb1fssb49lxfph4-vimplugin-treesitter-grammar-ocaml' from 'https://cache.nixos.org'...
copying path '/nix/store/p67rx591d3chynb5vlw8808b4z5axgcz-vimplugin-treesitter-grammar-ocaml_interface' from 'https://cache.nixos.org'...
copying path '/nix/store/8hggpw1kcd7pgkxkdl21mr0vdbdirbzn-vimplugin-treesitter-grammar-ocamllex' from 'https://cache.nixos.org'...
copying path '/nix/store/jp93x32z9x8iafxlf183119rv6k7vbki-vimplugin-treesitter-grammar-odin' from 'https://cache.nixos.org'...
copying path '/nix/store/0qj74z1vfj1xzaaniqm7lgqvsimnnmpa-vimplugin-treesitter-grammar-pascal' from 'https://cache.nixos.org'...
copying path '/nix/store/mwr12zh0vrglp8g5lcyslghaz2zwb300-vimplugin-treesitter-grammar-pem' from 'https://cache.nixos.org'...
copying path '/nix/store/p2ky6p7113vl0hnwrw0wzfaxkh08xrgc-vimplugin-treesitter-grammar-passwd' from 'https://cache.nixos.org'...
copying path '/nix/store/ymfsi1z1dk2fq70cp0yfzb8azrxhvpii-vimplugin-treesitter-grammar-php' from 'https://cache.nixos.org'...
copying path '/nix/store/4l9dpimix6b9k1jvb3zcpmh6l0njxblc-vimplugin-treesitter-grammar-perl' from 'https://cache.nixos.org'...
copying path '/nix/store/05hb3zbjl1r4f7b2c9b6qzasrylrxbbd-vimplugin-treesitter-grammar-php_only' from 'https://cache.nixos.org'...
copying path '/nix/store/g98d2j4cz55fmjp9c0b0zzmmzal00lib-vimplugin-treesitter-grammar-phpdoc' from 'https://cache.nixos.org'...
copying path '/nix/store/5c8xcx0a0gwaqd4r795lfbfhhg3zgrc4-vimplugin-treesitter-grammar-pioasm' from 'https://cache.nixos.org'...
copying path '/nix/store/h33482ysf5jrqmkmbncs3vhaj482zsgm-vimplugin-treesitter-grammar-pkl' from 'https://cache.nixos.org'...
copying path '/nix/store/gxlvqy3kn90b73hdg7v3syxgwj1lzca7-vimplugin-treesitter-grammar-po' from 'https://cache.nixos.org'...
copying path '/nix/store/ksnfrpz3g514gbkp8injm0g8x5smigdk-vimplugin-treesitter-grammar-pod' from 'https://cache.nixos.org'...
copying path '/nix/store/w99fy9k19rrb9s1p0kz8z9v2bfhbf58x-vimplugin-treesitter-grammar-poe_filter' from 'https://cache.nixos.org'...
copying path '/nix/store/144k4gh8ia8j7ad3b4qx671hgcci42r5-vimplugin-treesitter-grammar-pony' from 'https://cache.nixos.org'...
copying path '/nix/store/qd35mgqad3jc159jd5v1h6wr2ih66ka0-vimplugin-treesitter-grammar-powershell' from 'https://cache.nixos.org'...
copying path '/nix/store/15zj86rhd404nlzvgifm7wrxrqp4bp7j-vimplugin-treesitter-grammar-printf' from 'https://cache.nixos.org'...
copying path '/nix/store/yb21p2m3qyd37i6qdxmvz6ll12l52yb0-vimplugin-treesitter-grammar-prisma' from 'https://cache.nixos.org'...
copying path '/nix/store/7m9q8vhdb5gss1425f2ws0zhj2fg8nli-vimplugin-treesitter-grammar-problog' from 'https://cache.nixos.org'...
copying path '/nix/store/0v89677bvz2wqf79rm3jss0gz5spjib3-vimplugin-treesitter-grammar-prolog' from 'https://cache.nixos.org'...
copying path '/nix/store/i636dhpqar96xfpa344acz55614hq5wd-vimplugin-treesitter-grammar-promql' from 'https://cache.nixos.org'...
copying path '/nix/store/laviwm28f19h7mhz8v09dfqif0sircvs-vimplugin-treesitter-grammar-proto' from 'https://cache.nixos.org'...
copying path '/nix/store/1a90m0ych93j4b4crr8i42zshby083cd-vimplugin-treesitter-grammar-properties' from 'https://cache.nixos.org'...
copying path '/nix/store/mbjjvbbg1cibfgsalm8mcfs78hyx4f26-vimplugin-treesitter-grammar-prql' from 'https://cache.nixos.org'...
copying path '/nix/store/xpm3jkzg6ibjjzza4lgx0igfwhfq9mhh-vimplugin-treesitter-grammar-psv' from 'https://cache.nixos.org'...
copying path '/nix/store/2l41hc840ci4sg6fbhsdw1rbdkvljg5m-vimplugin-treesitter-grammar-pug' from 'https://cache.nixos.org'...
copying path '/nix/store/ch0icl5p7gdqn4yzjppbzbsdhj787cc1-vimplugin-treesitter-grammar-purescript' from 'https://cache.nixos.org'...
copying path '/nix/store/nmmikzxgs69w9c7bsyqmakd8zkr7z7l3-vimplugin-treesitter-grammar-pymanifest' from 'https://cache.nixos.org'...
copying path '/nix/store/cnb5yy66spyhjhgdbiki9z8si6dy4zmr-vimplugin-treesitter-grammar-puppet' from 'https://cache.nixos.org'...
copying path '/nix/store/nma4axq89nbvx5laldvm28zk7nqs6zk3-vimplugin-treesitter-grammar-ql' from 'https://cache.nixos.org'...
copying path '/nix/store/n7mqgibwlbkrvffsl8lfcwn2zjbcfmh7-vimplugin-treesitter-grammar-qmldir' from 'https://cache.nixos.org'...
copying path '/nix/store/kxsz0i6lkddf7qr4hs1sbxi8h3fjd3gn-vimplugin-treesitter-grammar-qmljs' from 'https://cache.nixos.org'...
copying path '/nix/store/jzqfmlacssq2fysi0598cmc6nfx1c4h4-vimplugin-treesitter-grammar-r' from 'https://cache.nixos.org'...
copying path '/nix/store/dbmix868pkpv4xwwql3f2dwqzf8nhwyl-vimplugin-treesitter-grammar-racket' from 'https://cache.nixos.org'...
copying path '/nix/store/hkjdqhf65mlccxjxb35n91ndc398px33-vimplugin-treesitter-grammar-ralph' from 'https://cache.nixos.org'...
copying path '/nix/store/c70nv1jx9kikc7a73yqdflnhd1dpl7vs-vimplugin-treesitter-grammar-rasi' from 'https://cache.nixos.org'...
copying path '/nix/store/mhrlp7wpp08fyp606czl5jvlrdvz20cw-vimplugin-treesitter-grammar-razor' from 'https://cache.nixos.org'...
copying path '/nix/store/i04zdpaj7phpvnhyr0nffdp2k2pd8inq-vimplugin-treesitter-grammar-rbs' from 'https://cache.nixos.org'...
copying path '/nix/store/licx9nk2vqlqg6vlf2bv69h0xb7hzxn2-vimplugin-treesitter-grammar-re2c' from 'https://cache.nixos.org'...
copying path '/nix/store/9m6ibmh795pw0ri4yqbqyc3y5m40b8lx-vimplugin-treesitter-grammar-readline' from 'https://cache.nixos.org'...
copying path '/nix/store/68x6kr2iyp085rmwnbpacnk25i6zrsyv-vimplugin-treesitter-grammar-rego' from 'https://cache.nixos.org'...
copying path '/nix/store/33zz1m3716xi7gjx0s5639ssilv52xg7-vimplugin-treesitter-grammar-rescript' from 'https://cache.nixos.org'...
copying path '/nix/store/v5rhi93447l6apgr3b4s3wvmfbcqw7w6-vimplugin-treesitter-grammar-rifleconf' from 'https://cache.nixos.org'...
copying path '/nix/store/fr2hrwmv2brdzfcr6izjhxj7ks51ckmh-vimplugin-treesitter-grammar-requirements' from 'https://cache.nixos.org'...
copying path '/nix/store/lz3vp132idhh27j8glfgvx3cr96w954s-vimplugin-treesitter-grammar-rnoweb' from 'https://cache.nixos.org'...
copying path '/nix/store/mxskaibcs0v2x8qfsp9s4j6x5iblmdyp-vimplugin-treesitter-grammar-robot' from 'https://cache.nixos.org'...
copying path '/nix/store/fq061gdcs24977k38raa3kazp67gi3iz-vimplugin-treesitter-grammar-robots' from 'https://cache.nixos.org'...
copying path '/nix/store/f05lnjdi57iwpz68izczq651pkvi3im9-vimplugin-treesitter-grammar-roc' from 'https://cache.nixos.org'...
copying path '/nix/store/rcs4y3qgy9829w75m1jljr43sp6819v1-vimplugin-treesitter-grammar-ron' from 'https://cache.nixos.org'...
copying path '/nix/store/ya6l01hgr4j9b98vcy850d0wvbmvjdmh-vimplugin-treesitter-grammar-rst' from 'https://cache.nixos.org'...
copying path '/nix/store/6xb8hkrxhgcapk6g4x62frym8gc4q6fz-vimplugin-treesitter-grammar-ruby' from 'https://cache.nixos.org'...
copying path '/nix/store/iymhkmi9vzjyy0h2ygar13wrdzjdd2a4-vimplugin-treesitter-grammar-runescript' from 'https://cache.nixos.org'...
copying path '/nix/store/63xgn5nhg2dikxh7dhj31cv5lg6hnxz9-vimplugin-treesitter-grammar-rust' from 'https://cache.nixos.org'...
copying path '/nix/store/04kmgbd3rcrrxfnkdqmi394820xj97l6-vimplugin-treesitter-grammar-scala' from 'https://cache.nixos.org'...
copying path '/nix/store/spksfqzaznc3hhmphggcn3qfh6q9xmv1-vimplugin-treesitter-grammar-scfg' from 'https://cache.nixos.org'...
copying path '/nix/store/npqrjsbqw7nwbsxm38b6nps7psic1v1r-vimplugin-treesitter-grammar-scheme' from 'https://cache.nixos.org'...
copying path '/nix/store/v0h75av0pp7zfn4wfmhp9swfmziwbb6c-vimplugin-treesitter-grammar-scss' from 'https://cache.nixos.org'...
copying path '/nix/store/0cahph8f9rcfq32kjfbw49qbzch57xck-vimplugin-treesitter-grammar-sflog' from 'https://cache.nixos.org'...
copying path '/nix/store/7gb7pzdicp7briwx4lkhkzdzimfgwqax-vimplugin-treesitter-grammar-slang' from 'https://cache.nixos.org'...
copying path '/nix/store/29f29vprsxv0pcnil885p3p2nqa0ln1i-vimplugin-treesitter-grammar-slim' from 'https://cache.nixos.org'...
copying path '/nix/store/nvj68zdiibzys482f7hqdwfsq6fz41rm-vimplugin-treesitter-grammar-slint' from 'https://cache.nixos.org'...
copying path '/nix/store/jrc7w73lqxixcmczh9p7zf9b6lsx8csg-vimplugin-treesitter-grammar-smali' from 'https://cache.nixos.org'...
copying path '/nix/store/5333x9xblvhd604m38fram92ln9gjklk-vimplugin-treesitter-grammar-smithy' from 'https://cache.nixos.org'...
copying path '/nix/store/0928z0fn68yxalpd35nysf4nv077waaw-vimplugin-treesitter-grammar-snakemake' from 'https://cache.nixos.org'...
copying path '/nix/store/yj4fphv67zlh67hcjr8qgswanxyjm3ik-vimplugin-treesitter-grammar-snl' from 'https://cache.nixos.org'...
copying path '/nix/store/j71wy2j0g3lg3phnknj2pp6izs811vzx-vimplugin-treesitter-grammar-solidity' from 'https://cache.nixos.org'...
copying path '/nix/store/1648zd2fil1kk83qd2ky5vrwmn4aj7nj-vimplugin-treesitter-grammar-soql' from 'https://cache.nixos.org'...
copying path '/nix/store/93mr9z7vhr7mwrcmmzrcq2i3g2s8d812-vimplugin-treesitter-grammar-sosl' from 'https://cache.nixos.org'...
copying path '/nix/store/s90z77gx9if02piq3bxmjx6k7bnbd3as-vimplugin-treesitter-grammar-sproto' from 'https://cache.nixos.org'...
copying path '/nix/store/dw0nzaiqmcz35aw44fbcyjlca7jpfgj3-vimplugin-treesitter-grammar-sourcepawn' from 'https://cache.nixos.org'...
copying path '/nix/store/irngiqcvzn5364s9cldk8g73w07z2qs2-vimplugin-treesitter-grammar-sql' from 'https://cache.nixos.org'...
copying path '/nix/store/4bk0j3qhm95qd76dp1qj8j8pkk6mb8ji-vimplugin-treesitter-grammar-squirrel' from 'https://cache.nixos.org'...
copying path '/nix/store/z24wvry39kc50qkpxp0rxrniqyi4wvmj-vimplugin-treesitter-grammar-ssh_config' from 'https://cache.nixos.org'...
copying path '/nix/store/6hzgdm4cf5khix1lh2bl8h7z5di986dn-vimplugin-treesitter-grammar-sparql' from 'https://cache.nixos.org'...
copying path '/nix/store/lp0q8k8lfgvbf4ihanfq92pzmahckvxj-vimplugin-treesitter-grammar-starlark' from 'https://cache.nixos.org'...
copying path '/nix/store/l0fs36pmb07yyrjxxkdaqh6vpczc7pjz-vimplugin-treesitter-grammar-strace' from 'https://cache.nixos.org'...
copying path '/nix/store/4zympz23nagf4mgjyny5hdj7p6rv58rc-vimplugin-treesitter-grammar-styled' from 'https://cache.nixos.org'...
copying path '/nix/store/g1mr21vx5v44ksv3jrhdffpg9qjwz1n3-vimplugin-treesitter-grammar-supercollider' from 'https://cache.nixos.org'...
copying path '/nix/store/b6nzfxldax1918kh5dlp9y3czmnd0570-vimplugin-treesitter-grammar-superhtml' from 'https://cache.nixos.org'...
copying path '/nix/store/hnjimx78rfxcfk08wlih3rrcilnikr75-vimplugin-treesitter-grammar-surface' from 'https://cache.nixos.org'...
copying path '/nix/store/ys1bxhx0qpyc71lymqdmxpi890sp4prv-vimplugin-treesitter-grammar-svelte' from 'https://cache.nixos.org'...
copying path '/nix/store/f06wqrnkyi9jls247vjm0w4q2sq12c0p-vimplugin-treesitter-grammar-sway' from 'https://cache.nixos.org'...
copying path '/nix/store/dzaxpmh6rsy2vvgli74kfpp388adcqmb-vimplugin-treesitter-grammar-swift' from 'https://cache.nixos.org'...
copying path '/nix/store/j6xd530lq56b4grnrqsrkmqq1891crc5-vimplugin-treesitter-grammar-sxhkdrc' from 'https://cache.nixos.org'...
copying path '/nix/store/72qqg8d9vmf4klms8wd0qdndz9p44jn3-vimplugin-treesitter-grammar-systemtap' from 'https://cache.nixos.org'...
copying path '/nix/store/7nra5bvbhr0r6zc4r44j9syal2yl60db-vimplugin-treesitter-grammar-systemverilog' from 'https://cache.nixos.org'...
copying path '/nix/store/ycw1hhnh49l9kkr75jf9hf77zaxq74gd-vimplugin-treesitter-grammar-t32' from 'https://cache.nixos.org'...
copying path '/nix/store/s70l5j05xl64gm9203cqkcpyh51qs53h-vimplugin-treesitter-grammar-tablegen' from 'https://cache.nixos.org'...
copying path '/nix/store/xqnavwayk7bk4xg9allasgahzc1ybrwn-vimplugin-treesitter-grammar-tact' from 'https://cache.nixos.org'...
copying path '/nix/store/cyg4qwjn2f7a41sq17kphbzbbkpszj76-vimplugin-treesitter-grammar-tcl' from 'https://cache.nixos.org'...
copying path '/nix/store/dafamp7xdss5k6v611ww1w192bidrhf8-vimplugin-treesitter-grammar-teal' from 'https://cache.nixos.org'...
copying path '/nix/store/iq586wiy31z8rnnm95h37zmkgl9xhldq-vimplugin-treesitter-grammar-templ' from 'https://cache.nixos.org'...
copying path '/nix/store/ybnb02kx4vwiix7xiir98fciwvfsqf7a-vimplugin-treesitter-grammar-tera' from 'https://cache.nixos.org'...
copying path '/nix/store/vmnymv3bcd5kgnrx3y7il7sihhb8hjy3-vimplugin-treesitter-grammar-terraform' from 'https://cache.nixos.org'...
copying path '/nix/store/6knzp07nq10c00dhg751x69iljpsmd4n-vimplugin-treesitter-grammar-thrift' from 'https://cache.nixos.org'...
copying path '/nix/store/dsy7yyfmljqrrz6knswqf2iv3kxnkr4m-vimplugin-treesitter-grammar-textproto' from 'https://cache.nixos.org'...
copying path '/nix/store/g1340rwj4cajqgsd1dzzbaxvl2ix1i0z-vimplugin-treesitter-grammar-tiger' from 'https://cache.nixos.org'...
copying path '/nix/store/swrrmsn0nv4fclbhs9378c60dzmg1mzx-vimplugin-treesitter-grammar-tlaplus' from 'https://cache.nixos.org'...
copying path '/nix/store/nas4rhkc5cn73ij35w2n37iklvjbwca0-vimplugin-treesitter-grammar-tmux' from 'https://cache.nixos.org'...
copying path '/nix/store/1cxwwxcwbyfzc4j11lm60iriwx0aa8n6-vimplugin-treesitter-grammar-todotxt' from 'https://cache.nixos.org'...
copying path '/nix/store/y5yskkcs3cffvxl2sqypjsadnzzdyqf3-vimplugin-treesitter-grammar-toml' from 'https://cache.nixos.org'...
copying path '/nix/store/4hdr05nvx1nbmrbkwyi9rxq1lf4q34mw-vimplugin-treesitter-grammar-tsv' from 'https://cache.nixos.org'...
copying path '/nix/store/i4disdn3zhwwvfxhw3yzz14aifbdjkaw-vimplugin-treesitter-grammar-turtle' from 'https://cache.nixos.org'...
copying path '/nix/store/j6b1g75fjsh0jzk8ivj7g4zi921k28hn-vimplugin-treesitter-grammar-twig' from 'https://cache.nixos.org'...
copying path '/nix/store/9a6j0nvad9842n6wgvs2yap7ds2in38h-vimplugin-treesitter-grammar-typescript' from 'https://cache.nixos.org'...
copying path '/nix/store/qqj97a8h492a8jsb2lsf1imhc4acvfad-vimplugin-treesitter-grammar-typespec' from 'https://cache.nixos.org'...
copying path '/nix/store/axbz5zx7qwwg2md3la8flavc89qmgils-vimplugin-treesitter-grammar-typoscript' from 'https://cache.nixos.org'...
copying path '/nix/store/4y1dj66gbk2k5031l462mk2p90kzgbk7-vimplugin-treesitter-grammar-udev' from 'https://cache.nixos.org'...
copying path '/nix/store/4ilzrw3blvaz1x3a7473d764di35l63d-vimplugin-treesitter-grammar-unison' from 'https://cache.nixos.org'...
copying path '/nix/store/6jjzaiv8f1qpz2j29v2zy1a44w8fp3rr-vimplugin-treesitter-grammar-ungrammar' from 'https://cache.nixos.org'...
copying path '/nix/store/lfiqvjjwn9dkz4hiis8ymfs7p0fyl7vn-vimplugin-treesitter-grammar-uxntal' from 'https://cache.nixos.org'...
copying path '/nix/store/9w8mcxxylcvgp85ki6h57qp9zk24kwql-vimplugin-treesitter-grammar-usd' from 'https://cache.nixos.org'...
copying path '/nix/store/qdga43z71q225k8iyarqshp6zfbfkyby-vimplugin-treesitter-grammar-v' from 'https://cache.nixos.org'...
copying path '/nix/store/k9p51w7lb8shiivywr6yhb5lzc0im2x6-vimplugin-treesitter-grammar-vala' from 'https://cache.nixos.org'...
copying path '/nix/store/z4j4xp104f3jc9igglvc3gfa949xyzri-vimplugin-treesitter-grammar-vento' from 'https://cache.nixos.org'...
copying path '/nix/store/csdg4pqcg6bx3yb9l7kzspcqc5jd3zk6-vimplugin-treesitter-grammar-vhdl' from 'https://cache.nixos.org'...
copying path '/nix/store/8sgq593jp8wqa6kahjbgi3k28fn8p98z-vimplugin-treesitter-grammar-vhs' from 'https://cache.nixos.org'...
copying path '/nix/store/q1a9vx0qmj9239j9q9dhdyalydlah6w7-vimplugin-trouble.nvim-2025-10-31' from 'https://cache.nixos.org'...
copying path '/nix/store/595lal5i4f3d5ajwfvwm4q67fr2d9j6s-vimplugin-vim-illuminate-2025-05-24' from 'https://nix-community.cachix.org'...
copying path '/nix/store/5w8v21gm11ilzph61gp7jcj14dsig795-vimplugin-vim-surround-2022-10-25' from 'https://cache.nixos.org'...
copying path '/nix/store/x4hmc7dx547nbssbvpp77y4a907qqg6w-vimplugin-vim-repeat-2024-07-08' from 'https://cache.nixos.org'...
copying path '/nix/store/0lj57hciym1pz20qzf8n0wklxlfzf8g9-vimplugin-which-key.nvim-2025-10-28' from 'https://nix-community.cachix.org'...
copying path '/nix/store/kn2sbgcmrhpgnggn1787n422kq42p9i3-viu-1.5.1' from 'https://cache.nixos.org'...
copying path '/nix/store/kicyyd0jzxi4nybvp1ma14ym4773lkwy-vlc-3.0.22' from 'https://cache.nixos.org'...
copying path '/nix/store/l132b4sb3z3jbx2y3nfamd830ma2bhzi-vrl-grammar-0.0.0+rev=274b3ce' from 'https://cache.nixos.org'...
copying path '/nix/store/m66zn3jpyyxrxi68qlfihvv1al56vrf6-vue-grammar-0.0.0+rev=22bdfa6' from 'https://cache.nixos.org'...
copying path '/nix/store/b6xikkyhq89vm4999dc17yyzc29q6gdz-wait-timeout-0.2.1' from 'https://cache.nixos.org'...
copying path '/nix/store/xfj6pqz8210wzr2av9xzwsphd80zv6jn-wayfire-0.10.1' from 'https://cache.nixos.org'...
copying path '/nix/store/wqryaqgg0zxxjaibc8byxypixlf9a7k9-wayland-protocols-1.44' from 'https://cache.nixos.org'...
copying path '/nix/store/98w3r2kg4gixv5g3f1d540kkfwlgq649-weezl-0.1.10' from 'https://cache.nixos.org'...
copying path '/nix/store/hj9kjwx3h8j7398zyh9f09dh1nrlawlw-wf-shell-0.10.0' from 'https://cache.nixos.org'...
copying path '/nix/store/nlhqr38maya6fpp1ihhajpsv73h79fyc-wf-shell-0.10.0-man' from 'https://cache.nixos.org'...
copying path '/nix/store/k86ah9186d8qklppag3npvxa5s1sn31d-wgsl-grammar-0.0.0+rev=40259f3' from 'https://cache.nixos.org'...
copying path '/nix/store/2kj520g5bchrcaahl5l0aqc1fcss3zf8-wgsl_bevy-grammar-0.0.0+rev=d9306a7' from 'https://cache.nixos.org'...
copying path '/nix/store/wg35h1a14wqxxqgg6x1pkbdazk8galpq-wildmidi.cfg' from 'https://cache.nixos.org'...
copying path '/nix/store/x0psc9f2p69pz4sv3z0zanxc8z84fkls-windows-link-0.2.1' from 'https://cache.nixos.org'...
copying path '/nix/store/y292rhjj1i22x48drpzzhd3xva38zh14-vimplugin-treesitter-grammar-vue' from 'https://cache.nixos.org'...
copying path '/nix/store/q1bs49pgivylj8p3ya43palrhafiy71y-vimplugin-treesitter-grammar-vrl' from 'https://cache.nixos.org'...
copying path '/nix/store/9vv1hqzx41hfa3mm2pbfgm4ajds02gdp-windows-sys-0.60.2' from 'https://cache.nixos.org'...
copying path '/nix/store/9icr3sv6q46vl9vdx3493l7ysyx8vcks-windows-targets-0.53.5' from 'https://cache.nixos.org'...
copying path '/nix/store/k6gihs5z4lc2c5vfhxdn39irhzd6main-windows_aarch64_gnullvm-0.53.1' from 'https://cache.nixos.org'...
copying path '/nix/store/khiwdq436m7dwyjffy1h7cb0sx3ndja1-windows_aarch64_msvc-0.53.1' from 'https://cache.nixos.org'...
copying path '/nix/store/c00f9bm32g4bbdqyjnfg5aidk2im57cz-vimplugin-treesitter-grammar-wgsl' from 'https://cache.nixos.org'...
copying path '/nix/store/kks8abdy85ny5bvxr8blq7qzlh36ilb5-vimplugin-treesitter-grammar-wgsl_bevy' from 'https://cache.nixos.org'...
copying path '/nix/store/dw9qlxdyj1jd3i5q5nhjkv5zfxs8p7cr-windows_i686_gnu-0.53.1' from 'https://cache.nixos.org'...
copying path '/nix/store/irx4y6lf237j0mvw9pd2mw7yib3ylsx6-windows_i686_gnullvm-0.53.1' from 'https://cache.nixos.org'...
copying path '/nix/store/dqjyb6878slhmjj5wv9jihas1yqgccyq-windows_i686_msvc-0.53.1' from 'https://cache.nixos.org'...
copying path '/nix/store/k4i65v417sys2k1k5qrdy1z4pjryxpa5-windows_x86_64_gnu-0.53.1' from 'https://cache.nixos.org'...
copying path '/nix/store/x80d7l5h3zvxr9x9lq42ck7in2jav7k1-windows_x86_64_gnullvm-0.53.1' from 'https://cache.nixos.org'...
copying path '/nix/store/kgyq5xn5n202nf0is8y4ldzr2dqql5qx-wayfire-plugins-extra-0.10.0' from 'https://cache.nixos.org'...
copying path '/nix/store/nw8k4ghixlcgi7pmicl6926x3y3rj0nn-windows_x86_64_msvc-0.53.1' from 'https://cache.nixos.org'...
copying path '/nix/store/lp1k1hxyk8rhf9kjy6acw66ppvlk9zkb-wing-grammar-0.0.0+rev=76e0c25' from 'https://cache.nixos.org'...
copying path '/nix/store/a5ifryhjr63n4j22mz01vrr2ri59kbac-winnow-0.7.13' from 'https://cache.nixos.org'...
copying path '/nix/store/a791ajzy35bsjrczwnfylq1gnqwa45gh-wireplumber-0.5.12-dev' from 'https://cache.nixos.org'...
copying path '/nix/store/8l99m8xkh0rdb8a9ckw0bcnncw0bldp0-wit-grammar-0.0.0+rev=37bf43c' from 'https://cache.nixos.org'...
copying path '/nix/store/d9rvy32gs2ahgjvi0jn6y0i7i7h3x5zn-wlsunset-0.4.0' from 'https://cache.nixos.org'...
copying path '/nix/store/cxxm8ar31y5vlswsx9sndsh1m9153n6l-wrap-gapps-hook' from 'https://cache.nixos.org'...
copying path '/nix/store/h4j21cizlqdgsij6h7vcvyv79c45a8d9-wrap-qt6-apps-hook' from 'https://cache.nixos.org'...
copying path '/nix/store/dz5pyfwnq3alqbbc71b3aycq8q1na4jr-wxml-grammar-0.0.0+rev=7b821c7' from 'https://cache.nixos.org'...
copying path '/nix/store/3i2vlwxrb4r1dlv511hpsyvirqiinilk-xcompose-grammar-0.0.0+rev=a51d636' from 'https://cache.nixos.org'...
copying path '/nix/store/cpkixlgpw2ky5pan6wn1rz4n9nblks5v-wcm-0.10.0' from 'https://cache.nixos.org'...
copying path '/nix/store/8m0f9w6rhiyvry7wrjy3x8ndl7am33ix-xdg-desktop-portal-hyprland-1.3.11' from 'https://cache.nixos.org'...
copying path '/nix/store/wy8acnh9v8wjvl637l9f1g4dxfd5zk02-xen-4.20.2' from 'https://cache.nixos.org'...
building '/nix/store/ip2zrsvk0hs3fy4nl91m1hi2bgys526b-ensure-all-wrappers-paths-exist.drv'...
building '/nix/store/024w9nkm86kldi4jqrf963srqc096a08-unit-libvirtd.service.drv'...
copying path '/nix/store/1jpfpy8nky6alxik1jf8djh68z3v7ybv-security-wrapper-qemu-bridge-helper-x86_64-unknown-linux-musl' from 'https://cache.nixos.org'...
copying path '/nix/store/lla309ci472zpa58skgs149gycfczkf9-vimplugin-treesitter-grammar-wing' from 'https://cache.nixos.org'...
copying path '/nix/store/16hvpw4b3r05girazh4rnwbw0jgjkb4l-xgcc-14.3.0-libgcc' from 'https://cache.nixos.org'...
copying path '/nix/store/y05zpr8z6qrpfcppppinfzkjp9r16030-xkeyboard-config-2.44' from 'https://cache.nixos.org'...
building '/nix/store/jr9y44a8xgnnys2sdjj96vvcwwxsk62v-sddm-wrapped.drv'...
copying path '/nix/store/47ha67l5ycq6rr8mqspkbmklr5hd6y3h-xml-grammar-0.0.0+rev=863dbc3' from 'https://cache.nixos.org'...
copying path '/nix/store/mdzhigrpgski8c10jq81r2bw42m05jl5-xorg-server-21.1.20' from 'https://cache.nixos.org'...
copying path '/nix/store/bmhpa5sv85nkmv2wcmi87wb29sdysyw0-xresources-grammar-0.0.0+rev=d466418' from 'https://cache.nixos.org'...
copying path '/nix/store/xsgn4riwxa62lryssyf78cma1ssgicbx-yaml-grammar-0.0.0+rev=7708026' from 'https://cache.nixos.org'...
copying path '/nix/store/znx849a8gidvviwq26k8nshdrln2hlva-xorgproto-2024.1' from 'https://cache.nixos.org'...
building '/nix/store/3vf14f73714zwl2pdaf4fvbf882hkib8-noctalia-shell-2025-12-09_a6c09ac.drv'...
copying path '/nix/store/z5fyaabjbdrjrqgk10dmg7nm7ang2hm8-vimplugin-treesitter-grammar-wxml' from 'https://cache.nixos.org'...
copying path '/nix/store/xspmnsy02g4mn5hslwlbw6v97s25r1jq-vimplugin-treesitter-grammar-wit' from 'https://cache.nixos.org'...
copying path '/nix/store/1bxlbcdc44gnm93s7ic6q851a6fjvlc5-yang-grammar-0.0.0+rev=2c0e6be' from 'https://cache.nixos.org'...
copying path '/nix/store/lcwm6car91xagx1bky27cnrmzk1ga6ws-zathurarc-grammar-0.0.0+rev=0554b4a' from 'https://cache.nixos.org'...
copying path '/nix/store/nad9chjdd3w9nyhc0n29ca3wf662waji-ytmdl-2023.11.26' from 'https://cache.nixos.org'...
copying path '/nix/store/5v1vkhgggvq4w2lpmhj82nhz72f9hk9h-yuck-grammar-0.0.0+rev=e877f6a' from 'https://cache.nixos.org'...
copying path '/nix/store/9k5mm8pkzsl3vw3zjvmi37cvcl00pszf-zellij-0.43.1' from 'https://cache.nixos.org'...
copying path '/nix/store/qcb29ss8qkp4myzj3358chngm1p4mzsp-vimplugin-treesitter-grammar-xcompose' from 'https://cache.nixos.org'...
building '/nix/store/jjag4j5fmnmswkykwfb0jvg8fj86s1q7-unit-script-suid-sgid-wrappers-start.drv'...
building '/nix/store/i8j25hvja3c5ksq2i9km9djbgh948l98-wayfire-wrapped-0.10.1.drv'...
copying path '/nix/store/xcsxl41jppphygid8fgap9x8x1vyx2hg-gir-dirs' from 'https://cache.nixos.org'...
building '/nix/store/kj8gfaaqhmhrs2q283g0s259bp5hhydq-tmpfiles.d.drv'...
building '/nix/store/ibiambki13nxlrgl7nb5x18q153n05xr-unit-suid-sgid-wrappers.service.drv'...
building '/nix/store/b3va1sa3cwmmkzhavm9rs66c2555vn96-desktops.drv'...
copying path '/nix/store/i3ibgfskl99qd8rslafbpaa1dmxdzh1z-glibc-2.40-66' from 'https://cache.nixos.org'...
copying path '/nix/store/bm83iizd9qqmf3rj9d4k1vdxikb3zpms-libvirt-11.7.0' from 'https://cache.nixos.org'...
copying path '/nix/store/02ap3ffvxhhmjh5d0qw3ja60ya12yssw-zerocopy-0.8.27' from 'https://cache.nixos.org'...
building '/nix/store/sj6156p1as4qd6s46hzdnkz3cy9ljsz7-X-Restart-Triggers-systemd-tmpfiles-resetup.drv'...
building '/nix/store/8qmq2bf8cyp10ybcn22s1yc4mmk5z62m-etc-pam-environment.drv'...
building '/nix/store/xzsgzqyip9wd5m1zg5qi3v1rpysph1hx-set-environment.drv'...
building '/nix/store/rhang4llv9im5x44k8wxrqj7znv6lwsp-unit-systemd-tmpfiles-resetup.service.drv'...
building '/nix/store/ipqklvpwxg14pp9p3cqxy26f5v4q0ws1-etc-profile.drv'...
building '/nix/store/msr5j3miw9gmarpvl1dnqbcjl5sfm5wd-activation-script.drv'...
copying path '/nix/store/zf8zd7jd26kcwrpyhv9079r05vwgm5hf-vimplugin-treesitter-grammar-xml' from 'https://cache.nixos.org'...
copying path '/nix/store/1kqkxqjdslwdjhl1a77bvpdbp2wzkiqi-vimplugin-treesitter-grammar-xresources' from 'https://cache.nixos.org'...
copying path '/nix/store/dpsnslmyckndnqnw80qcn8nh3yg34ndd-vimplugin-treesitter-grammar-yaml' from 'https://cache.nixos.org'...
copying path '/nix/store/34dgw534hli7lnf0x1jy91r9xhl7c0lr-vimplugin-treesitter-grammar-yang' from 'https://cache.nixos.org'...
copying path '/nix/store/32hrr51scm3nhbh5152vip2k8v854y8v-zerocopy-derive-0.8.27' from 'https://cache.nixos.org'...
copying path '/nix/store/mi65rk18210f1xhwxlvsyrff34bv3ijr-vimplugin-treesitter-grammar-zathurarc' from 'https://cache.nixos.org'...
copying path '/nix/store/jzgl7az9aq9wvc1flg8wr16cv83xzdb3-vimplugin-treesitter-grammar-yuck' from 'https://cache.nixos.org'...
copying path '/nix/store/j8hdkwqimyrl5d36xyd0h65daf6gqjkv-zf-0.10.3-unstable-2025-10-14' from 'https://cache.nixos.org'...
copying path '/nix/store/fn3fihkz7q5gavag9rg8brq8xxyj74m9-ziggy-grammar-0.0.0+rev=4353b20' from 'https://cache.nixos.org'...
copying path '/nix/store/valgzy16g3cg0bznk6w07bhmph19br0l-ziggy_schema-grammar-0.0.0+rev=fe3bf93' from 'https://cache.nixos.org'...
copying path '/nix/store/slw3b2fp374f0kgdrcc6q20n99c2id40-zls-0.15.1' from 'https://cache.nixos.org'...
copying path '/nix/store/hkbb5y4jxai5my3y34kvshc847rln60h-zsh-grammar-0.0.0+rev=v0.47.0' from 'https://cache.nixos.org'...
copying path '/nix/store/2myz3v7qbkn4a7a713wjcx1hkr8sbjm2-zune-core-0.4.12' from 'https://cache.nixos.org'...
copying path '/nix/store/ndmkb79mm8dz0pcdh3zrzjyyd7l5b4ah-zune-inflate-0.2.54' from 'https://cache.nixos.org'...
copying path '/nix/store/3l9fxcv3ixv1s8pcjka3la6yr2vv5nly-zune-jpeg-0.4.21' from 'https://cache.nixos.org'...
copying path '/nix/store/0bwx90783dxsz0x6kb7yr59d7rihb4zl-vimplugin-treesitter-grammar-ziggy_schema' from 'https://cache.nixos.org'...
copying path '/nix/store/yfllxf3a23yr5h3ff4y06s7nhy323axq-vimplugin-treesitter-grammar-ziggy' from 'https://cache.nixos.org'...
copying path '/nix/store/p027746lfhhdx53jfc8rswjcx22kyz3q-xvfb-run-1+g87f6705' from 'https://cache.nixos.org'...
copying path '/nix/store/aqpw0bv57zlcbr1avmpsabsd2560y7n0-ags-2.3.0' from 'https://cache.nixos.org'...
building '/nix/store/dyg3sj8zc92v424if516pv56gb9lp10b-cargo-vendor-dir.drv'...
building '/nix/store/mp3rzwnsvy350bwfiys8rwynssdazvz7-gtksourceview-5.18.0.drv'...
copying path '/nix/store/sbz2ka6a2arin2hj5408xk9qq3gdqyc4-vimplugin-treesitter-grammar-zsh' from 'https://cache.nixos.org'...
building '/nix/store/cscrwrxkwrx1s40dnc4ihb200gdbczf6-packdir-start.drv'...
building '/nix/store/q5qjrklrj10hgqyqcw4ffr1dyhmmq5h3-awww-0.11.2-master2.drv'...
building '/nix/store/8h24989llp1dzfph6ryqan6v9vf0ymnk-vim-pack-dir.drv'...
building '/nix/store/qqfhl6k5wc92b3ri6n2fv43vwn3yp9n2-hyprpanel-0-unstable-dev.drv'...
building '/nix/store/8jyynvd3kx262byxc0agd3nkl4a6q3q0-neovim-0.11.5.drv'...
copying path '/nix/store/s1rbzc4mmfhwlhafha52c8frsrfkrx37-attr-2.5.2' from 'https://cache.nixos.org'...
copying path '/nix/store/l9k32vj2aczxw62134j1x0dsh569jz2l-bash-5.2p37' from 'https://cache.nixos.org'...
copying path '/nix/store/jvzi8ak4rrwnmkmbwn81zlcqwpfp856q-cdparanoia-III-10.2' from 'https://cache.nixos.org'...
copying path '/nix/store/9c65bhkvvcsahkzp38ir5gqprp4y44lx-brotli-1.1.0-lib' from 'https://cache.nixos.org'...
copying path '/nix/store/s3mkvm3f20pd1vfx109w89jcc0mdcx2a-bzip2-1.0.8' from 'https://cache.nixos.org'...
copying path '/nix/store/x96w22l8iqhd0k92x7gys2qsy0wcsc89-dav1d-1.5.1' from 'https://cache.nixos.org'...
copying path '/nix/store/cmmvz51gaak59wpmi6qil1dg70mk9rwy-cjson-1.7.18' from 'https://cache.nixos.org'...
copying path '/nix/store/m9mj2ssid4pwhgfw0pn04745dijff5xw-dosfstools-4.2' from 'https://cache.nixos.org'...
copying path '/nix/store/r5m2gvqlaphzn7rlr9v44633vb48g6jk-duktape-2.7.0' from 'https://cache.nixos.org'...
copying path '/nix/store/36qzlljldgb41snr4l38pfpcy19w7s2j-ed-1.21.1' from 'https://cache.nixos.org'...
copying path '/nix/store/lxwwp585ikghhknl5sa9n8gwmbclqrvv-ell-0.76' from 'https://cache.nixos.org'...
copying path '/nix/store/fid5v1wd8wkrz39yp73d0hhlny2ms9w5-expand-response-params' from 'https://cache.nixos.org'...
copying path '/nix/store/jr8kyv517lyd5xcv3pnhr6z4wirbi06r-expat-2.7.3' from 'https://cache.nixos.org'...
copying path '/nix/store/bylmxi0aa2v3jz2q7zkdpa49nmpyrkgq-acl-2.3.2' from 'https://cache.nixos.org'...
copying path '/nix/store/59pgpbm743q1nhav513283zinqrf4rqk-bzip2-1.0.8-bin' from 'https://cache.nixos.org'...
copying path '/nix/store/h3n5692s0pkh2qfbl3l10d28vzry769c-faad2-2.11.2' from 'https://cache.nixos.org'...
copying path '/nix/store/bn2ppwm28sfzkwaxrqwv4l2mlf2jzc6w-fdk-aac-2.0.3' from 'https://cache.nixos.org'...
copying path '/nix/store/62h5sfxr4s1qc3fghcan06viq4gms6yg-fribidi-1.0.16' from 'https://cache.nixos.org'...
copying path '/nix/store/qvgw9scl3jjy1zsjipm3ngpcq472wj7w-gawk-5.3.2' from 'https://cache.nixos.org'...
copying path '/nix/store/cf1a53iqg6ncnygl698c4v0l8qam5a2q-gcc-14.3.0-lib' from 'https://cache.nixos.org'...
copying path '/nix/store/vmw4ghy1v0lz64f1xx4cyv6g6qc1lb1k-gdbm-1.25-lib' from 'https://cache.nixos.org'...
copying path '/nix/store/imw7yr5pkn22zaq7z7hczpb9dim29scw-giflib-5.2.2' from 'https://cache.nixos.org'...
copying path '/nix/store/fm1snxs1cg8ml9fjj6kra32sc8413k8z-glibc-2.40-66-bin' from 'https://cache.nixos.org'...
copying path '/nix/store/60dqvw79p46541c9wlmlycmycn2plqfx-glibc-2.40-66-getent' from 'https://cache.nixos.org'...
copying path '/nix/store/dkhzq75algsialsg1k1wym0cf336r1xz-brotli-1.1.0' from 'https://cache.nixos.org'...
building '/nix/store/ln6sha1x02rwr3grvd11f4w2s75y4z1q-etc-ssh-ssh_config.drv'...
copying path '/nix/store/xax5k2adyfgsgsvf7b2zqjdrv4va0dfj-lcms2-2.17' from 'https://cache.nixos.org'...
copying path '/nix/store/6mxnr68qgihr5pmp4avjbijjgwifdnml-gmp-6.3.0' from 'https://cache.nixos.org'...
copying path '/nix/store/xpsgmdsqym0ydx6hkvpxrp6174s4fwbl-gnumake-4.4.1' from 'https://cache.nixos.org'...
copying path '/nix/store/76df6j9sq1ar58id3y3v4rkijany1wxp-gnutar-1.35' from 'https://cache.nixos.org'...
copying path '/nix/store/6qanwb6lar8lkpvf8illhidw8ps23748-gsm-1.0.22' from 'https://cache.nixos.org'...
copying path '/nix/store/4ygga41a1891v5jv0w2f3pkb8v1cc200-jansson-2.14.1' from 'https://cache.nixos.org'...
copying path '/nix/store/m0i5hf36sv62vgm2ppjkynv03ihdlxvv-gnused-4.9' from 'https://cache.nixos.org'...
copying path '/nix/store/ppb58x36h7mh82nlym0ncvacp3iijplp-iniparser-4.2.6' from 'https://cache.nixos.org'...
copying path '/nix/store/qwsij6q9za18jyfxb3rj1np3gwvmifg3-json-c-0.18' from 'https://cache.nixos.org'...
copying path '/nix/store/1v6ry0zx6igrskzd8arw76glqgsi61is-keyutils-1.6.3-lib' from 'https://cache.nixos.org'...
copying path '/nix/store/f3bfkmfflxx3dpgsxnyqrcn1dqrg2c2r-lame-3.100-lib' from 'https://cache.nixos.org'...
copying path '/nix/store/7lcdvwr7ycnbg20z5skkm8j2iw3jq91n-ldacBT-2.0.2.3' from 'https://cache.nixos.org'...
copying path '/nix/store/mkn94yad6n3m2lnnfxg7qmqzshvs5a1i-brotli-1.1.0-dev' from 'https://cache.nixos.org'...
building '/nix/store/397fc82p4d8xv9y5z0w57plw9vlpkhg6-nixvim.drv'...
copying path '/nix/store/h56xbvy1gdxc1bp4qwbjavg7anvn46c3-bzip2-1.0.8-dev' from 'https://cache.nixos.org'...
copying path '/nix/store/1v9ggwkpb0xy708s11s1g9fhinn3b06r-glibc-2.40-66-dev' from 'https://cache.nixos.org'...
copying path '/nix/store/xcaznsndin98ig8w4bbq6nq4idrhqgh6-dav1d-1.5.1-dev' from 'https://cache.nixos.org'...
copying path '/nix/store/vv64a32wclwjy5wrwq82vnr9g39j457f-expat-2.7.3-dev' from 'https://cache.nixos.org'...
copying path '/nix/store/h329498yf07j5l2j7p3hf2bichgn24fq-fribidi-1.0.16-dev' from 'https://cache.nixos.org'...
copying path '/nix/store/rl14lfb8yhxxajpvlkp7ymvy2gy9f1lk-libXdmcp-1.1.5' from 'https://cache.nixos.org'...
copying path '/nix/store/hkj8hw50n2jafdd9ls7ibq09lddgkgnv-libcap-ng-0.8.5' from 'https://cache.nixos.org'...
copying path '/nix/store/bnma8xd8wwvsjgnncd0d7q5f7m7vl97n-getent-glibc-2.40-66' from 'https://cache.nixos.org'...
copying path '/nix/store/4r05g1i1rfflips84l0h2y49b9y3sjq2-gnum4-1.4.19' from 'https://cache.nixos.org'...
copying path '/nix/store/44c243x0jpv587hmxrzl31pripa0f0j8-gzip-1.14' from 'https://cache.nixos.org'...
copying path '/nix/store/7jah9wji27w77nvrjf6nap1kqpr73jwb-libapparmor-4.1.2' from 'https://cache.nixos.org'...
copying path '/nix/store/kyb5i9i8v922nc6psb11ksg12hljgjxd-libcap-2.75-lib' from 'https://cache.nixos.org'...
copying path '/nix/store/4gybpyd4avw8hz8gk0fhhkh2pk06rm6d-libXau-1.0.12' from 'https://cache.nixos.org'...
copying path '/nix/store/fz6a7jk3xhvhnhyh30awmzr1gdj4nkdj-libICE-1.1.2' from 'https://cache.nixos.org'...
copying path '/nix/store/a1x1nnzdk606ry2b7jxzsyzx268b34k4-db-4.8.30' from 'https://cache.nixos.org'...
copying path '/nix/store/samqfb062rn8mpxj0p37f7bxrzv9c70f-db-5.3.28' from 'https://cache.nixos.org'...
copying path '/nix/store/c6f6vx8d4d97wcw6bra3kgwls317q0km-fftw-single-3.3.10' from 'https://cache.nixos.org'...
copying path '/nix/store/sz6wx51pnm4dpcliyysd27i0jqywm15x-gettext-0.22.5' from 'https://cache.nixos.org'...
copying path '/nix/store/lm0g29ps43q8bm2gsd26g5pi2zwb6i8d-gmp-with-cxx-6.3.0' from 'https://cache.nixos.org'...
copying path '/nix/store/45cbd7hk1jpppp9arkpabjvr9x2wfpzn-graphite2-1.3.14' from 'https://cache.nixos.org'...
copying path '/nix/store/m9fycbkaairz8kampnsl7sx1aanvl0db-gmp-with-cxx-6.3.0' from 'https://cache.nixos.org'...
copying path '/nix/store/v70wllyc11maiy58hqvip4vl68ppbfhh-icu4c-75.1' from 'https://cache.nixos.org'...
copying path '/nix/store/krj0md2jkaaz4ksrg8wqab80wk34d1d0-icu4c-76.1' from 'https://cache.nixos.org'...
copying path '/nix/store/r4872p8rypmvfafmw28jhqqdjm53zqjg-imath-3.1.12' from 'https://cache.nixos.org'...
copying path '/nix/store/hxb5i8p3078qmr4jk4k7vcaprbz6mwlc-inih-58' from 'https://cache.nixos.org'...
copying path '/nix/store/38l267iwr405kgkgm1m6dh6fql33mq15-iputils-20250605' from 'https://cache.nixos.org'...
copying path '/nix/store/fpsjnh09h1jnyqm51925wa2xck72jchb-isl-0.20' from 'https://cache.nixos.org'...
building '/nix/store/c61lyyc3hljrnx2kw9wrv6scra485kwq-system-generators.drv'...
copying path '/nix/store/y77p470daimn1b0cdf1374pgmnp7dvfz-libcbor-0.12.0' from 'https://cache.nixos.org'...
copying path '/nix/store/lj8vlz0y9496qfvscz6r08fh8r4vq3ms-libXau-1.0.12-dev' from 'https://cache.nixos.org'...
copying path '/nix/store/y8q8iklxr8xzldwi37jzfi4w4l1wding-libICE-1.1.2-dev' from 'https://cache.nixos.org'...
copying path '/nix/store/5xzwhhh8257hnn1lij365pyvq3wz1kwb-libcap-2.75' from 'https://cache.nixos.org'...
copying path '/nix/store/21zrws7iacnbrrkbkc7p5lxmkhfvp2fh-libconfig-1.8' from 'https://cache.nixos.org'...
copying path '/nix/store/mylnw3wj60rhsgwp2rbzavakq672ki8g-libcdio-2.2.0-lib' from 'https://cache.nixos.org'...
copying path '/nix/store/an9292vacc9q4lh98h4g7spr07x6dzqk-libdaemon-0.14' from 'https://cache.nixos.org'...
copying path '/nix/store/cacml0j41d0zkj043va8ryg29cfs3s0j-lerc-4.0.0' from 'https://cache.nixos.org'...
building '/nix/store/8wdl56dm6qgkdhn3acyglkfc5xfn6gh1-system-shutdown.drv'...
copying path '/nix/store/zwplch93wbpj82bp7riwaixmdx2xi0ah-coreutils-9.7' from 'https://cache.nixos.org'...
copying path '/nix/store/bw2g6wjk735cp5f31scggf1sl3vilibi-glibc-iconv-2.40' from 'https://cache.nixos.org'...
building '/nix/store/kx8wfp9ysqjsp0m9azikqqzla3yb1wbb-home-manager-path.drv'...
building '/nix/store/jiwaj7m2m7nyxkjzpwx5apks3051z2sc-unit-libvirt-guests.service.drv'...
copying path '/nix/store/mml8yn060rz4krfdcqpqy435imx3x2k3-gmp-with-cxx-6.3.0-dev' from 'https://cache.nixos.org'...
copying path '/nix/store/df5mcf2cg44jn7kzlzri5dpfsy5rph04-graphite2-1.3.14-dev' from 'https://cache.nixos.org'...
building '/nix/store/xvs662gn6drky50nh1ki4dfwx5gnl344-unit-script-libvirtd-config-start.drv'...
copying path '/nix/store/crxsllsl4kg5p0001gfal6a58yxmhjnw-libdatrie-2019-12-20-lib' from 'https://cache.nixos.org'...
copying path '/nix/store/c3w00a0f86amvza65sbp0bdfyah94yvd-libexif-0.6.25' from 'https://cache.nixos.org'...
copying path '/nix/store/ck7khcf4za0whllxl5v2p0g5qcfkzzmh-libdeflate-1.23' from 'https://cache.nixos.org'...
copying path '/nix/store/8s0ds4lapfnxfk9zv5ll4qph12fr4ab1-libdvdcss-1.4.3' from 'https://cache.nixos.org'...
copying path '/nix/store/msy372nya1xbgifvy377hhczrzlc8djx-libebur128-1.2.6' from 'https://cache.nixos.org'...
copying path '/nix/store/ka48qwfbrhac03afnw6pcmnfq11agwpr-libevent-2.1.12' from 'https://cache.nixos.org'...
copying path '/nix/store/frzihmjb0wqp3y5008rybdqjw26w0h6w-libde265-1.0.15' from 'https://cache.nixos.org'...
building '/nix/store/cpjczrfsx5r36awq3wh7a4rd0d1f1xaf-unit-virtlockd.service.drv'...
copying path '/nix/store/ryik0mg5n4913x22z3ycdiap4b8ks614-libcdio-paranoia-2.0.2' from 'https://cache.nixos.org'...
copying path '/nix/store/0aaj6jbxclpwvrphggqz4vf5hg8360fr-libffi-3.4.8' from 'https://cache.nixos.org'...
copying path '/nix/store/3yjjrqis0wnapgfvi433ji8pc9r0q5ah-libfreeaptx-0.2.2' from 'https://cache.nixos.org'...
copying path '/nix/store/syp9k0jpzwnwabln2dvi103z7ijwspa3-libgpg-error-1.51' from 'https://cache.nixos.org'...
copying path '/nix/store/4xc2w1nzdb3vzdspi5yfihk0mh1iibky-libidn-1.42' from 'https://cache.nixos.org'...
building '/nix/store/n8yr24p4jv4qxlrwwn47n6kcddvb0pvh-unit-libvirtd-config.service.drv'...
building '/nix/store/1arb825pydiq55n4x3gdmdvlk1c3py5h-unit-virtlogd.service.drv'...
building '/nix/store/ypk4129czrc0fx65p1f3amxk7g2dh9pb-user-generators.drv'...
building '/nix/store/wwb8zwfjfisky98zd4y7pgh49fnwjvws-hm_fontconfigconf.d10hmfonts.conf.drv'...
building '/nix/store/pari1bd6l6hixamshrm11qk4wdijyrl3-user-environment.drv'...
copying path '/nix/store/c9jzm47zb8j7jbpw4a7zdm35qmhdf6ws-findutils-4.10.0' from 'https://cache.nixos.org'...
copying path '/nix/store/z059fc40f58cp2yflhbpfdg539x66b0g-diffutils-3.12' from 'https://cache.nixos.org'...
copying path '/nix/store/rzb9ymi1f6nwwpqyrjy968a94zz0izqs-libmnl-1.0.5' from 'https://cache.nixos.org'...
copying path '/nix/store/y23gzbmfn4qwvpn0c2jbc78k8cah9kz8-libmodplug-0.8.9.0' from 'https://cache.nixos.org'...
copying path '/nix/store/4192qpqq02947k3h6li2dx1w8ff1kybw-libcap-2.75-dev' from 'https://cache.nixos.org'...
copying path '/nix/store/a0gk5zg61lrgsr5z2ksvwickfwxkyrxp-libnfnetlink-1.0.2' from 'https://cache.nixos.org'...
copying path '/nix/store/d8f9xyfph95m3f5h0zqk9pvafqmirs55-libnfs-5.0.2' from 'https://cache.nixos.org'...
copying path '/nix/store/5ya5nlh29djbfs6fa9c5zzffbal4fa19-libnl-3.11.0' from 'https://cache.nixos.org'...
copying path '/nix/store/l50ambip8xxnmf7ra84h0xfcdsscna2k-libmpg123-1.32.10' from 'https://cache.nixos.org'...
copying path '/nix/store/gr6nsr4msi8ixzgkgi1hbrksicpsf3p8-libndp-1.9' from 'https://cache.nixos.org'...
copying path '/nix/store/4iwxcmla6n5yzwbwj57jkhas92jrjb1q-libjpeg-turbo-3.0.4' from 'https://cache.nixos.org'...
copying path '/nix/store/nqmwl4l8zb4f0837wny586bzckj1mxiq-liblc3-1.1.3' from 'https://cache.nixos.org'...
copying path '/nix/store/2hqck6r9pxgvqlfxdzlijnd7qlihl0c9-libmad-0.15.1b' from 'https://cache.nixos.org'...
copying path '/nix/store/0052h2sdzfxvp59y5ax7k5mkz17wgic0-libmd-1.1.0' from 'https://cache.nixos.org'...
building '/nix/store/m1l1p2ahvj85xx87sz8dw0yls0pjr1xg-home-manager-files.drv'...
copying path '/nix/store/70sl6zdmxwxp0hi6q0dr3dhf3h4mf8fn-icu4c-76.1-dev' from 'https://cache.nixos.org'...
copying path '/nix/store/cmfp2xa710abf2ky47kfg97kxc2pmvx5-libassuan-3.0.2' from 'https://cache.nixos.org'...
copying path '/nix/store/hnax0hyrmhr0qph3c641p7w5nync1png-libdvdread-6.1.3' from 'https://cache.nixos.org'...
copying path '/nix/store/a7qf1v4q79pqvkx66ra8dy36anrd7nmw-libffi-3.4.8-dev' from 'https://cache.nixos.org'...
copying path '/nix/store/j3bl7wf60xbp20zh0svy0br02mh731dc-libgcrypt-1.10.3-lib' from 'https://cache.nixos.org'...
copying path '/nix/store/6jq4kagrpiqxv22dw9glfg5nr92fd6xv-libbsd-0.12.2' from 'https://cache.nixos.org'...
copying path '/nix/store/pd20b5lz3ib30arpjs6b2xc45dablcfc-ethtool-6.14' from 'https://cache.nixos.org'...
copying path '/nix/store/29vkx6vxl4avdcsqhx7gqx4vah1gc914-libgpg-error-1.51-dev' from 'https://cache.nixos.org'...
copying path '/nix/store/2p48q18wrzdvyma3d1dyldl3g7v82i6x-libksba-1.6.7' from 'https://cache.nixos.org'...
copying path '/nix/store/9i85vbs6fbqji9nny949ay14krk2ks32-libnetfilter_conntrack-1.1.0' from 'https://cache.nixos.org'...
copying path '/nix/store/0gybxbd585h4g719vgv0lk8bb7xhcbri-libnftnl-1.2.9' from 'https://cache.nixos.org'...
copying path '/nix/store/qbybagna19vd6q6zyhr7spcpk9jifgzk-libogg-1.3.5' from 'https://cache.nixos.org'...
copying path '/nix/store/l4iizdiadr7igxsyxzp19ylxqd47xxax-libopus-1.5.2' from 'https://cache.nixos.org'...
copying path '/nix/store/khcbacd3vjshym92nrv1wgxaj601cl5i-libjpeg-turbo-3.0.4-bin' from 'https://cache.nixos.org'...
copying path '/nix/store/sskhxz7n9p0il345y90i0wyv9bgcss5m-libpaper-1.1.29' from 'https://cache.nixos.org'...
copying path '/nix/store/d78fm9z3isk3kb26plx0yc1a3708n5h3-libpcap-1.10.5' from 'https://cache.nixos.org'...
copying path '/nix/store/dcnxy4hb4vs8wfx5fv342pvv20k46b4b-libplist-2.6.0' from 'https://cache.nixos.org'...
copying path '/nix/store/6dh413ivs6gyzy0s93209jy7cgc40ysx-libpsl-0.21.5' from 'https://cache.nixos.org'...
copying path '/nix/store/v4jibpi0r9bgah9bxlvl7mkjbdsaqvrl-libdvdnav-6.1.1' from 'https://cache.nixos.org'...
copying path '/nix/store/q6rwk26a2nccjg74cy6y2i0g70jaczhq-libraw1394-2.1.2' from 'https://cache.nixos.org'...
copying path '/nix/store/f3f0l8by19nz1yln0kavpizh1snjp039-celt-0.11.3' from 'https://cache.nixos.org'...
copying path '/nix/store/37zx287az46bylnmgmx7iygq1wq23l2s-flac-1.5.0' from 'https://cache.nixos.org'...
copying path '/nix/store/b7d58dnllp59my1b2jczml2i1p5myw9a-libsamplerate-0.2.2' from 'https://cache.nixos.org'...
copying path '/nix/store/k1g1aw3l2wz9yz39zm0ajldxjbzqcc10-libgcrypt-1.10.3-bin' from 'https://cache.nixos.org'...
copying path '/nix/store/5njwabxkp1adj6q55a0yhncj51mnzib9-libseccomp-2.6.0-lib' from 'https://cache.nixos.org'...
copying path '/nix/store/wdlgsa81mv62qd87vyhq6qb4ih2827sj-libsigc++-2.12.1' from 'https://cache.nixos.org'...
copying path '/nix/store/imwag50h7nn22kvky64v82i6c5bfgxql-libsodium-1.0.20' from 'https://cache.nixos.org'...
copying path '/nix/store/hjkpv4ym67ipcjp7f4qwi7ih2zv3dkrx-libjpeg-turbo-3.0.4-dev' from 'https://cache.nixos.org'...
copying path '/nix/store/w8mfdhc191qmajj92g6yi0izqzvacj2w-libtasn1-4.20.0' from 'https://cache.nixos.org'...
copying path '/nix/store/qyz709rdi8pdai3krdmyppaw6w21bjsj-libthai-0.1.29' from 'https://cache.nixos.org'...
copying path '/nix/store/lxb0hj665ha02ajd48168j188l3aax7k-libtheora-1.2.0' from 'https://cache.nixos.org'...
copying path '/nix/store/b6pgzzcfkmhhnlp2cc7lv4blk3x4p5m6-libavc1394-0.5.4' from 'https://cache.nixos.org'...
copying path '/nix/store/vppgp3q1il73a858drikdfqfamc3dx5m-libdc1394-2.2.7' from 'https://cache.nixos.org'...
copying path '/nix/store/aj10j7rli4yhdfpl1f7yw31rkq4ha7yk-libtool-2.5.4-lib' from 'https://cache.nixos.org'...
copying path '/nix/store/b0707dvb5i6q5s4i0dfrn4byay5giy8i-libiec61883-1.2.0' from 'https://cache.nixos.org'...
copying path '/nix/store/r9302j69yjvsl1kcz04ybzpk13mjb88h-libimobiledevice-glue-1.3.1' from 'https://cache.nixos.org'...
copying path '/nix/store/inbr3gqi4nzy50qsr5nbsqy2spdszhsz-libgcrypt-1.10.3-dev' from 'https://cache.nixos.org'...
copying path '/nix/store/x066l8y88kxg0axzk93m1cqzmh4cpp5q-liburcu-0.15.2' from 'https://cache.nixos.org'...
copying path '/nix/store/j3y24dy35j88w7vk1cnf3lf1g3w9r2c9-libuv-1.51.0' from 'https://cache.nixos.org'...
copying path '/nix/store/c0rsnkvnq4vgm23cva64h3jspqs1q7i9-iptables-1.8.11' from 'https://cache.nixos.org'...
copying path '/nix/store/1ifhvyzwn3s1nb5vm9isabmm4g5lxnx0-libvirt-glib-5.0.0' from 'https://cache.nixos.org'...
copying path '/nix/store/1f3i1xmh7mc7llqgzryhgm4cfzsbyisb-libvmaf-3.0.0' from 'https://cache.nixos.org'...
copying path '/nix/store/z3ypq4qryx1hm43nmgs7srhdgmyc4ma7-libvorbis-1.3.7' from 'https://cache.nixos.org'...
copying path '/nix/store/ccvjpxxg28wi1dl3azcxvqi38vzllprm-libvpx-1.15.2' from 'https://cache.nixos.org'...
copying path '/nix/store/cvd68krxqrwgrsigszs0al2i8dnvlwk4-libxcrypt-4.4.38' from 'https://cache.nixos.org'...
copying path '/nix/store/xwd1s74zk3bwilv4p02284ckyy319vhz-libxcb-1.17.0' from 'https://cache.nixos.org'...
copying path '/nix/store/zr888553n9bxq35iyqpw2zkasn3xpln4-libxcrypt-4.4.38' from 'https://cache.nixos.org'...
copying path '/nix/store/r8yz3pw4fzd7fpvp9m9fk8hd6cpf14jc-libusbmuxd-2.1.0' from 'https://cache.nixos.org'...
copying path '/nix/store/f35fr3iklsi4kb4jznr025bzrksg1hms-libxml2-2.13.8' from 'https://cache.nixos.org'...
copying path '/nix/store/rf83vadrrhxmf5r5nh7pv8r6p8xbwr5j-libyaml-0.2.5' from 'https://cache.nixos.org'...
copying path '/nix/store/yb0da9d5xbvpjdpvai5yajsrm5728iy7-libyuv-1908' from 'https://cache.nixos.org'...
copying path '/nix/store/8shigvs0alcz29qy763lx5xwg17ls0kz-lz4-1.10.0-lib' from 'https://cache.nixos.org'...
copying path '/nix/store/b4mwc6lf4gllbg1xgw8jlif4cbldzhmy-lzo-2.10' from 'https://cache.nixos.org'...
copying path '/nix/store/xgkmxh2vg0ff61y8ngdcx73i58zs0fmg-libuv-1.51.0-dev' from 'https://cache.nixos.org'...
copying path '/nix/store/iw8i9xxh37lhx7sg2pmnw54gmmvcvd2w-make-shell-wrapper-hook' from 'https://cache.nixos.org'...
copying path '/nix/store/qgzzj2g20hndps7m6dn4hd3gqg4f3khd-mbedtls-3.6.5' from 'https://cache.nixos.org'...
copying path '/nix/store/68bgk51v8baq44lqb3ps74b7jpcgc30z-mpdecimal-4.0.0' from 'https://cache.nixos.org'...
copying path '/nix/store/bgp9znk5cnzmh0fbb2l0rwclbz2qv0w8-mpfr-4.2.2' from 'https://cache.nixos.org'...
copying path '/nix/store/k6r200d1iszaihd9rvn6j5jhlcsf7zlq-mpfr-4.2.2' from 'https://cache.nixos.org'...
copying path '/nix/store/jbc7djw77c1mp62hc37lcfgbzfi1pvyy-ncompress-5.0' from 'https://cache.nixos.org'...
copying path '/nix/store/y3qhvjg23hq8j7b0z4ixp076sk4l83rv-libaom-3.11.0' from 'https://cache.nixos.org'...
copying path '/nix/store/2yvh4kwhfd65dcd3r6y6bgdwclfndvzr-libX11-1.8.12' from 'https://cache.nixos.org'...
copying path '/nix/store/bsaz9by1nrxdwdh1r4478jjijrdfjj8h-libsndfile-1.2.2' from 'https://cache.nixos.org'...
copying path '/nix/store/smphwkfmvcw623296s39lnj6ahvjbh28-libvmaf-3.0.0-dev' from 'https://cache.nixos.org'...
copying path '/nix/store/arm05nb1fad5fk24hrjin0lrmgpvmgpg-libxcb-1.17.0-dev' from 'https://cache.nixos.org'...
copying path '/nix/store/d867n5p9b23cviibn7z6vd51il3x48c9-libxslt-1.1.43' from 'https://cache.nixos.org'...
copying path '/nix/store/vj3rmg6937p9icir6bazbdcb4xdnrg9j-ncurses-6.5' from 'https://cache.nixos.org'...
copying path '/nix/store/dlq6da0kanx17zih03cbkwz61y8ijfjd-net-tools-2.10' from 'https://cache.nixos.org'...
copying path '/nix/store/hfwp8v0hkf1msb88xxak64kwsskbg5id-nettle-3.10.1' from 'https://cache.nixos.org'...
copying path '/nix/store/qsaszbis1va1b5rvl1fprydx0zad37h2-nghttp2-1.65.0-lib' from 'https://cache.nixos.org'...
copying path '/nix/store/xphznssmasahax8b1pcs7bvzxl0zskhg-nghttp2-1.65.0-lib' from 'https://cache.nixos.org'...
copying path '/nix/store/5g8011h2gb37z0vyv1sx3d0par1q6h75-npth-1.8' from 'https://cache.nixos.org'...
copying path '/nix/store/ygcg1n232bpdrx6hgrfjc2pmkjz41nnc-nspr-4.38' from 'https://cache.nixos.org'...
copying path '/nix/store/vzhaimx1jdsx680i85j3rh8qn0n3fak7-ninja-1.12.1' from 'https://cache.nixos.org'...
copying path '/nix/store/frfz308226nbhvrpim3dplyhm3h8fj87-openh264-2.6.0' from 'https://cache.nixos.org'...
copying path '/nix/store/qinylpx6x4bnsfnxm45k3nzfwqz2z685-openfec-1.4.2.11' from 'https://cache.nixos.org'...
copying path '/nix/store/87yx1qc164sv63aimm5k0adl3bbb0fwg-openexr-3.2.4' from 'https://cache.nixos.org'...
copying path '/nix/store/5540mrdimy0hzz8zd3j1r622bcrxidz0-oniguruma-6.9.10-lib' from 'https://cache.nixos.org'...
copying path '/nix/store/v54y5xz65f3vb9ydhcj294yav7dbbics-ocl-icd-2.3.2' from 'https://cache.nixos.org'...
copying path '/nix/store/87kd8nb5bws9x8r3k66hbcryr3xxvwxn-numactl-2.0.18' from 'https://cache.nixos.org'...
building '/nix/store/ws0bhk2rl3qp8kvhsp6g9p8296db734m-home-manager-generation.drv'...
building '/nix/store/14c8mwjg9qywhjhj6als11xpz7bl7m5n-unit-home-manager-princedimond.service.drv'...
copying path '/nix/store/8yb9rjpr4wyl460ibasb3qwqzq28g16k-libX11-1.8.12-dev' from 'https://cache.nixos.org'...
building '/nix/store/1ivnfn0b35lh4wfpxhc5ky927v8dvzy0-X11-fonts.drv'...
building '/nix/store/3h80fki3i5xs64p3d892bn13gb70rsd0-fc-cache.drv'...
copying path '/nix/store/arx565rli278751asv966i4hwb1v71hf-libXcomposite-0.4.6' from 'https://cache.nixos.org'...
copying path '/nix/store/2v2nlnxm34grn5iq1s1n4di9vsn3k4si-libXext-1.3.6' from 'https://cache.nixos.org'...
copying path '/nix/store/hgzr9d5da7n07wlq9wv7cxy42z4y86hn-gnupg-2.4.8' from 'https://cache.nixos.org'...
copying path '/nix/store/phrzfhkp7814lxdw46kqsxxxfx6h5f4y-libXfixes-6.0.1' from 'https://cache.nixos.org'...
copying path '/nix/store/279a53jiv7pg1bds2ln3zl5ipmmfv9pn-libXpm-3.5.17' from 'https://cache.nixos.org'...
copying path '/nix/store/x9agy8k80f2d7qcds6rhrqrv68xqcqiz-libXrender-0.9.12' from 'https://cache.nixos.org'...
copying path '/nix/store/xsr9bwrfr0yz4s61qjr9jx8wv1756bgk-libaom-3.11.0-bin' from 'https://cache.nixos.org'...
copying path '/nix/store/9csb5kgazlrygfa8fpxsi9avpnw492fh-libbs2b-3.1.0' from 'https://cache.nixos.org'...
copying path '/nix/store/h8xdapcbh1hgqrbcs1xbfamxgx4wwrj3-libmpc-1.3.1' from 'https://cache.nixos.org'...
copying path '/nix/store/n7g9fj36injs8rr2ah7aviv6shgr7f11-librist-0.2.11' from 'https://cache.nixos.org'...
copying path '/nix/store/f4p5dri7kl1ylqjq10adn039043badr7-lttng-ust-2.13.8' from 'https://cache.nixos.org'...
copying path '/nix/store/b4rm0x46a7p3f0ihqgshf3zhiw6gk8is-jq-1.7.1' from 'https://cache.nixos.org'...
copying path '/nix/store/kaxjb8pccjp8fa9jahxrlmb7y2924hgl-nettle-3.10.1-dev' from 'https://cache.nixos.org'...
copying path '/nix/store/4lqkj853fy57hmkda8i6gf2sirgl3w46-nghttp2-1.65.0-dev' from 'https://cache.nixos.org'...
copying path '/nix/store/fwdxvbsvgbjqlk3dy2vpb2why3mdpnd6-openresolv-3.13.2' from 'https://cache.nixos.org'...
copying path '/nix/store/5m1mm19kzjc91bszy1yy0yky0rb48jgi-libXext-1.3.6-dev' from 'https://cache.nixos.org'...
copying path '/nix/store/frfb398wg8imfw5r0ac18gy389by0vap-libXi-1.8.2' from 'https://cache.nixos.org'...
copying path '/nix/store/hs8f4kfqywx5biss84d92i1lwiw49wpk-libXdamage-1.1.6' from 'https://cache.nixos.org'...
copying path '/nix/store/c0z5kfib8j6xcmbkdknwkkqy38nwph4c-libXcursor-1.2.3' from 'https://cache.nixos.org'...
copying path '/nix/store/w8h4zh1ccjhc1aw84ygkc7y0wgs66cz9-libXfixes-6.0.1-dev' from 'https://cache.nixos.org'...
copying path '/nix/store/g7wgcvrsyk0n2fxgmi1ni5lwmq3x23jl-libXinerama-1.1.5' from 'https://cache.nixos.org'...
copying path '/nix/store/fxw37cf0j4zp5xagyq0j144536qwc9q4-libXrandr-1.5.4' from 'https://cache.nixos.org'...
copying path '/nix/store/ddpa5w0bgp7izplx57qq09r4hfdh6ssr-libXrender-0.9.12-dev' from 'https://cache.nixos.org'...
copying path '/nix/store/ij4rxsvhpkmjd72qr80w09fgyb7wk0ah-libXv-1.0.13' from 'https://cache.nixos.org'...
copying path '/nix/store/rjb0brw6yy6hjpjj006qbl9m1z26pci0-libaom-3.11.0-dev' from 'https://cache.nixos.org'...
copying path '/nix/store/if6m6nami517vhq99phj9jmy8fzg44ap-libglvnd-1.7.0' from 'https://cache.nixos.org'...
copying path '/nix/store/2fxp204b9jh1s3lpggdlnws44vvzw1w9-openssl-3.4.3' from 'https://cache.nixos.org'...
copying path '/nix/store/ks8wcljvkvi14c1ivy7irm1j9hvamr2a-openssl-3.4.3' from 'https://cache.nixos.org'...
copying path '/nix/store/mar9dfb34vh65b84ivbk5rdm6vz2yv37-orc-0.4.41' from 'https://cache.nixos.org'...
copying path '/nix/store/mr2qlbg1005kpgcq06jfmcll69zzfav4-p11-kit-0.25.5' from 'https://cache.nixos.org'...
copying path '/nix/store/r49zci44xq7i6wl61ayhq82wn6v7w9lm-jq-1.7.1-bin' from 'https://cache.nixos.org'...
copying path '/nix/store/01mzw06way3k3fqb7bdl0nwnknww8h5s-libXtst-1.2.5' from 'https://cache.nixos.org'...
copying path '/nix/store/jangxddrzycnc2rl1wc1sqhqp26yrx4k-patch-2.7.6' from 'https://cache.nixos.org'...
copying path '/nix/store/aambq15krgmp9kvldnlc7gqrjf33qr4w-libXcursor-1.2.3-dev' from 'https://cache.nixos.org'...
copying path '/nix/store/45hbjzy7c4qxvsg9vw5n8fqpf7b0prdf-libXcomposite-0.4.6-dev' from 'https://cache.nixos.org'...
copying path '/nix/store/gm0nxj2pj6gjbw9545q23094afm0a41g-libXdamage-1.1.6-dev' from 'https://cache.nixos.org'...
copying path '/nix/store/nncss0b04dq1vwsv0vpqkbd4dxap3mjg-libXinerama-1.1.5-dev' from 'https://cache.nixos.org'...
copying path '/nix/store/bb8agj5rfksig0hzljcfjh1i02j6kxql-libXi-1.8.2-dev' from 'https://cache.nixos.org'...
copying path '/nix/store/5wf9wpdkxs30811kfgkicn9i3nz9jhsh-patchelf-0.15.0' from 'https://cache.nixos.org'...
copying path '/nix/store/qraj1b0cgm1v4xqmhhdir13p99vpvchp-libXrandr-1.5.4-dev' from 'https://cache.nixos.org'...
copying path '/nix/store/dzf3kcdpf8yls8zwa6lp7h25229dkqzi-nodejs-install-manuals' from 'https://cache.nixos.org'...
copying path '/nix/store/n6vl6ni6zxxgh4163cqnjf8p0n7yah0d-pcre2-10.44' from 'https://cache.nixos.org'...
copying path '/nix/store/sknpzccsnkv0kjszbbyhls9cfx4z80r9-libepoxy-1.5.10' from 'https://cache.nixos.org'...
copying path '/nix/store/12j7aq1hy5k61dhsr4gyp85agir17zwy-libglvnd-1.7.0-dev' from 'https://cache.nixos.org'...
copying path '/nix/store/myh35j3njs47spnxn1vyadcq2aif26m7-pcsclite-2.3.0-lib' from 'https://cache.nixos.org'...
copying path '/nix/store/sfk8d2l0yx7xr7w38msspzp7hk6jhz0r-pixman-0.44.2' from 'https://cache.nixos.org'...
copying path '/nix/store/sa3nxi77fbvhsqrsyrh9jank9qlvpqd2-perl5.40.0-Clone-0.46' from 'https://cache.nixos.org'...
copying path '/nix/store/1vmw05kmbzyi6vkzym0w30l916h3s2vn-pkg-config-0.29.2' from 'https://cache.nixos.org'...
copying path '/nix/store/r8khf4gjpmldm8zxvy23vq5i21kyh50a-popt-1.19' from 'https://cache.nixos.org'...
copying path '/nix/store/nbxnpfk6mycs1rcd8i0zxx9381rbwqdb-qrencode-4.1.1' from 'https://cache.nixos.org'...
copying path '/nix/store/vkpxh55mh2w8jpv98kzxpp829j11ji4m-libedit-20240808-3.1' from 'https://cache.nixos.org'...
copying path '/nix/store/k8c60f1c543yng7878rfkc12han58hiv-readline-8.2p13' from 'https://cache.nixos.org'...
copying path '/nix/store/jpvrvkf89b0avljk6fgkxsp5ga6jg2f9-sbc-2.0' from 'https://cache.nixos.org'...
copying path '/nix/store/652zfsy5y74nhg3bw2n0k5qcplygd271-serd-0.32.4' from 'https://cache.nixos.org'...
copying path '/nix/store/zzkw33lcrdfz1ihawzskkzd7iz1zlj4v-soundtouch-2.3.3' from 'https://cache.nixos.org'...
copying path '/nix/store/9r8a8rfwgf39vz0i8nl4fw51nik3rn37-perl5.40.0-HTTP-Message-6.45' from 'https://cache.nixos.org'...
copying path '/nix/store/x5ps5ds44x6aqyhbsppjy20wh6w3wgpx-soxr-0.1.3' from 'https://cache.nixos.org'...
copying path '/nix/store/gvmk6glz678bx42wyk15ywz7qad1388x-speex-1.2.1' from 'https://cache.nixos.org'...
copying path '/nix/store/jnl9vhdxhzbwdj4nwgizwsaz06jpp4f0-speexdsp-1.2.1' from 'https://cache.nixos.org'...
copying path '/nix/store/ww1sw4lr2lrdkaq567mjg50gir4gc1y4-svt-av1-2.3.0' from 'https://cache.nixos.org'...
copying path '/nix/store/90r466lzg0jw11v60cki60s0qfhs93vp-gnugrep-3.11' from 'https://cache.nixos.org'...
copying path '/nix/store/cfl1qimwa6nj6fsm529mg1jj8lpgs9w9-libbytesize-2.11' from 'https://cache.nixos.org'...
copying path '/nix/store/2m1wim20ff63h6j69p1yfz5mmbfamlhn-libdv-1.0.0' from 'https://cache.nixos.org'...
copying path '/nix/store/7alkpy53ndwgg2j1548vlgc3j6pzmjkj-libselinux-3.8.1' from 'https://cache.nixos.org'...
copying path '/nix/store/yfaxf5mqsvl7vbz77qr8ai9m1im4bfj0-nftables-1.1.3' from 'https://cache.nixos.org'...
copying path '/nix/store/h5rj7l2nxnhwz88jj5ljkpr1dz3x0p0f-pkg-config-wrapper-0.29.2' from 'https://cache.nixos.org'...
copying path '/nix/store/llj9dchgyn7vcg8zfwr4164sl76mhr65-system-sendmail-1.0' from 'https://cache.nixos.org'...
copying path '/nix/store/nn27l879np49xvx6l1a8nqnqlp9apd8n-bash-interactive-5.2p37' from 'https://cache.nixos.org'...
copying path '/nix/store/5cdzaagddbzip0rd0f9bfkfnq143bxd8-krb5-1.21.3-lib' from 'https://cache.nixos.org'...
copying path '/nix/store/h72by2jkwj9fbzjbjq5j4s0jj3y3k54k-ldns-1.8.4' from 'https://cache.nixos.org'...
copying path '/nix/store/dr7dgvcbnnygss27a9askb5pilbciyn6-krb5-1.21.3-lib' from 'https://cache.nixos.org'...
copying path '/nix/store/4iqk95ri2x005m6dywh3hv5rknalhb89-libimobiledevice-1.3.0-unstable-2024-05-20' from 'https://cache.nixos.org'...
copying path '/nix/store/223rcshq4a8vclpr51a2kqmsawifrl9y-libnvme-1.11.1' from 'https://cache.nixos.org'...
copying path '/nix/store/izlkqmhm0jbvaxx4hnq2x6ffj79gxprg-libsrtp-2.7.0' from 'https://cache.nixos.org'...
copying path '/nix/store/a3yymiwvnif511g59fspsvp63q3kkq9r-libtpms-0.10.0' from 'https://cache.nixos.org'...
copying path '/nix/store/98s2jyqkki6q1wqxd628nm36mjnvy5yd-openssl-3.4.3-bin' from 'https://cache.nixos.org'...
copying path '/nix/store/qwqdbc3pwv6v6gqf7az4226avqnqzpm8-mjpegtools-2.2.1-lib' from 'https://cache.nixos.org'...
copying path '/nix/store/y490z63bh4d0yqh55fqvplnkn9kfda3r-openssl-3.4.3-bin' from 'https://cache.nixos.org'...
copying path '/nix/store/z27bwbd4ynxw2cmszkylzm0v2m67l43d-opusfile-0.12' from 'https://cache.nixos.org'...
copying path '/nix/store/ka4vb8g9byjyhz6fwb1567jw34kv8yxr-perl5.40.0-HTML-Parser-3.81' from 'https://cache.nixos.org'...
copying path '/nix/store/gjaa2wzl71i6j2mi6f7dyjigpw7iqa84-perl5.40.0-HTTP-Cookies-6.10' from 'https://cache.nixos.org'...
copying path '/nix/store/ggj3jz0vspp622bllbd9q98k30rrjhvj-perl5.40.0-HTTP-Daemon-6.16' from 'https://cache.nixos.org'...
copying path '/nix/store/3d43mg79p6j94pi1ids55886wpzvhypn-perl5.40.0-HTTP-Negotiate-6.01' from 'https://cache.nixos.org'...
copying path '/nix/store/kjfhrvr0vcx2y0acvdvsjwsvsm5g5a1c-srt-1.5.4' from 'https://cache.nixos.org'...
copying path '/nix/store/5g9sy7frpxkjhx39r4ixz4lnlri31fc0-systemd-minimal-libs-257.10' from 'https://cache.nixos.org'...
copying path '/nix/store/g9ih8v8na511hzj8zbpdmfbmfqy99vfa-tremor-unstable-2018-03-16' from 'https://cache.nixos.org'...
copying path '/nix/store/k1y0zzd21fnz0p8ra4sh36fdc6340s0v-unbound-1.24.1-lib' from 'https://cache.nixos.org'...
copying path '/nix/store/2rigkcn6544b2hvq13nvqsjwwjdlf6mh-unzip-6.0' from 'https://cache.nixos.org'...
copying path '/nix/store/xhll94m7ylb2v42xadrrrrlhrn798x0k-util-linux-minimal-2.41.1-login' from 'https://cache.nixos.org'...
copying path '/nix/store/209g6g7cxhj83hrasw1ns5hmyxq6n01y-vid.stab-unstable-2022-05-30' from 'https://cache.nixos.org'...
copying path '/nix/store/y7zyn4jlqm2mpkq34i2qk2phzskq1y6f-virt-viewer-11.0' from 'https://cache.nixos.org'...
copying path '/nix/store/bxy68dipkhbj7g84nd8hh7jyl3zrxbzk-vo-aacenc-0.1.3' from 'https://cache.nixos.org'...
copying path '/nix/store/5bfcsl07gyqym27g9sfgcfg5mzr8r4s0-openssl-3.4.3-dev' from 'https://cache.nixos.org'...
copying path '/nix/store/fcb2hgy9x7fqbplgc5211gr56h00vaz0-vulkan-loader-1.4.313.0' from 'https://cache.nixos.org'...
copying path '/nix/store/dhrylylhir0cy7a0scg1zmq0gbq3lwpm-openssl-3.4.3-dev' from 'https://cache.nixos.org'...
copying path '/nix/store/xijhz5smhkpv8pll42472y8kvcpmc11r-cyrus-sasl-2.1.28' from 'https://cache.nixos.org'...
copying path '/nix/store/jifsp8licxy2wjs7nqy6w1p6krncpvxz-krb5-1.21.3' from 'https://cache.nixos.org'...
copying path '/nix/store/wxq21pla3bpk2n22ckand6dhnaq82gy8-audit-4.1.0-lib' from 'https://cache.nixos.org'...
copying path '/nix/store/x5k2vwhmnfshp234lj3lgnhc3j0zlka2-wavpack-5.8.1' from 'https://cache.nixos.org'...
copying path '/nix/store/znpca9nxcjxlwhxmfpnrvmd3z3rm704q-wayland-1.23.1' from 'https://cache.nixos.org'...
copying path '/nix/store/drdfqqsgpi5nss9kkydw8bac44zxrjqx-webrtc-audio-processing-1.3' from 'https://cache.nixos.org'...
copying path '/nix/store/flb9aqy4ickaw52909bp43pns45rrq6z-dhcpcd-10.1.0' from 'https://cache.nixos.org'...
copying path '/nix/store/f2dnyasvm6jnbdidiy4mrkbga064fqg6-libajantv2-17.1.3' from 'https://cache.nixos.org'...
copying path '/nix/store/0cybmminq08l147394ba0007bdm9gf3y-libatasmart-0.19' from 'https://cache.nixos.org'...
copying path '/nix/store/fjmjm805pk6fdlw1yyjg2zz5rbvp6635-libusb-1.0.28' from 'https://cache.nixos.org'...
copying path '/nix/store/n5n4gjscxjjx8jbi2jdnnz1rwr4x71n1-lvm2-2.03.31-lib' from 'https://cache.nixos.org'...
copying path '/nix/store/ilh3k434j6a9kx8vw4q75k3d2s71q4vw-libxkbcommon-1.8.1' from 'https://cache.nixos.org'...
copying path '/nix/store/1ah04q50dgr3pn37iknb0akwmi9s4xpv-thin-provisioning-tools-1.1.0' from 'https://cache.nixos.org'...
copying path '/nix/store/3zh78avx50cx6jdvsxplc4mwkyakn45b-v4l-utils-1.24.1' from 'https://cache.nixos.org'...
copying path '/nix/store/ra5rk5n1sifsb3752p8cigca7alsya5b-linux-pam-1.6.1' from 'https://cache.nixos.org'...
copying path '/nix/store/p76m0dlr1cz4bapsv350zhbhc44jg6b1-openldap-2.6.9' from 'https://cache.nixos.org'...
copying path '/nix/store/0klw9fpf6cpr53h0d5n58z29775nvmkx-wayland-1.23.1-dev' from 'https://cache.nixos.org'...
copying path '/nix/store/drw1cs158zf139vqknbhn161k3qifvn3-which-2.23' from 'https://cache.nixos.org'...
copying path '/nix/store/9bzp7j385mfdr2kpd79ri9v0cipfikd0-x264-0-unstable-2025-01-03-lib' from 'https://cache.nixos.org'...
copying path '/nix/store/arrknwa94n7hfbl5bgwprij9zi4bdkqd-x265-4.1' from 'https://cache.nixos.org'...
copying path '/nix/store/n84718cq8lhqkzndknn1xdbyafkg0jy1-krb5-1.21.3-dev' from 'https://cache.nixos.org'...
copying path '/nix/store/azar3hh32viikn699yhibhpga46x1x5f-xdg-user-dirs-0.18' from 'https://cache.nixos.org'...
copying path '/nix/store/4ngn9d1jys9aq1m4fskrk7p86a1gz0az-xfsprogs-6.13.0' from 'https://cache.nixos.org'...
copying path '/nix/store/mish7zifyfjs65j80231gsfi0925dwfc-libmtp-1.1.22' from 'https://cache.nixos.org'...
copying path '/nix/store/fq1911kw382s2fldi2gjjiqfbk0sbwyr-xvidcore-1.3.7' from 'https://cache.nixos.org'...
copying path '/nix/store/6ab07lf8v6zjcjr8ysxcsf13kn8593vb-xz-5.8.1' from 'https://cache.nixos.org'...
copying path '/nix/store/z8k9i20ll65y2yi3ldw3638da27cc662-zimg-3.0.5' from 'https://cache.nixos.org'...
copying path '/nix/store/fp6vxrhx8za7w4l69vqyjy2w2iyvlarj-zix-0.4.2' from 'https://cache.nixos.org'...
copying path '/nix/store/f2q5ld1nipl8w1r2w8m6azhlm2varqgb-zlib-1.3.1' from 'https://cache.nixos.org'...
copying path '/nix/store/2m97xlq3lpfawmvnp9ii2kk1j0yfzy6q-zstd-1.5.7' from 'https://cache.nixos.org'...
copying path '/nix/store/3cjywwyf4frfyvx8vlr6w7gw85qg22km-zvbi-0.2.44' from 'https://cache.nixos.org'...
copying path '/nix/store/q4wjxnxmjar6vff4jrp098g4jf6s3h5g-zxing-cpp-2.3.0' from 'https://cache.nixos.org'...
copying path '/nix/store/q8ywsxjzpildpanxx5ssn8k4i1kqrbwr-libunwind-1.8.1' from 'https://cache.nixos.org'...
copying path '/nix/store/b7g83isqdl778kmcpv6v68z76x4x5riv-xz-5.8.1-bin' from 'https://cache.nixos.org'...
copying path '/nix/store/7z8r52kzjjy270qdxz5dmvn7v9dj8s2l-tcb-1.2' from 'https://cache.nixos.org'...
copying path '/nix/store/5i17rngglby671bra0ns7nr01v1c0340-binutils-2.44-lib' from 'https://cache.nixos.org'...
copying path '/nix/store/ifqpynrl7jh4m6yi5nx17hh4kdszzv39-cracklib-2.10.0' from 'https://cache.nixos.org'...
copying path '/nix/store/4zpfjm2r6chc8b10c1xa1d6asy100sqv-file-5.45' from 'https://cache.nixos.org'...
copying path '/nix/store/yrgnr4naqdjwdhn1q142f8c5yb8jsz37-file-5.45' from 'https://cache.nixos.org'...
copying path '/nix/store/xg8pvkw0nshh3dfig36n88xvpvh2dail-game-music-emu-0.6.3' from 'https://cache.nixos.org'...
copying path '/nix/store/y28c83zz73yr4vwz1fsl4nsrn6yz5fj0-gcc-14.3.0' from 'https://cache.nixos.org'...
copying path '/nix/store/5n5nnddzq111zqdncc19iyc24a5n2828-gnutls-3.8.9' from 'https://cache.nixos.org'...
copying path '/nix/store/c9vl68dx0parv94mm2l24000hhrahpyx-kexec-tools-2.0.29' from 'https://cache.nixos.org'...
copying path '/nix/store/dcjj6zqkhzfq6q7hkw4c9q131g3nc47w-libfido2-1.15.0' from 'https://cache.nixos.org'...
copying path '/nix/store/b00sis10das1hx3sjc5wbda4jy905hzl-kmod-31' from 'https://cache.nixos.org'...
copying path '/nix/store/0rpngd5nyjy2i5iq3k2am6hqjyfzpd49-kmod-31-lib' from 'https://cache.nixos.org'...
copying path '/nix/store/b7lgmwg8dcm6qvi62sncv1r9k7pl70vs-libarchive-3.8.2-lib' from 'https://cache.nixos.org'...
copying path '/nix/store/cbsw8z8pafv529wd9wiiraz2wy25624r-libmysofa-1.3.3' from 'https://cache.nixos.org'...
copying path '/nix/store/8ad8ddr8fl5fnr41yyh4qiyxk8hllxam-libpciaccess-0.18.1' from 'https://cache.nixos.org'...
copying path '/nix/store/yf40kfs9xqyhzp9h8zrb22arf8vnpksa-libpng-apng-1.6.46' from 'https://cache.nixos.org'...
copying path '/nix/store/jch8ncxiga9mysgq7nvlsdba6zaiqb6k-libssh-0.11.3' from 'https://cache.nixos.org'...
copying path '/nix/store/nfpqi8wq87n08ddcb5vfs9jnplp4im6j-libssh2-1.11.1' from 'https://cache.nixos.org'...
copying path '/nix/store/wi9cp03qqfw49v3j7fzz44k9kqfm7i9i-libssh2-1.11.1' from 'https://cache.nixos.org'...
copying path '/nix/store/491d975icn8z6b3wn8j5n4vwcaj4jzfw-neon-0.32.5' from 'https://cache.nixos.org'...
copying path '/nix/store/k9lfh0l007sp61rag7d9bf3nn5bg3qy7-perl-5.40.0' from 'https://cache.nixos.org'...
copying path '/nix/store/8v3zxwk9dny1bc95ibzr0x8hf26hqkrq-alsa-ucm-conf-1.2.12' from 'https://cache.nixos.org'...
copying path '/nix/store/ai2vg6a82w8x499bps9b26sdrsgzfg37-rtmpdump-2.6' from 'https://cache.nixos.org'...
building '/nix/store/qj11b5m9njddjnl1k3jk65cvdvzaw5ml-fc-00-nixos-cache.conf.drv'...
copying path '/nix/store/jxspafwj02033q5fjpvndl4vkxd1l1wf-libdrm-2.4.125' from 'https://cache.nixos.org'...
copying path '/nix/store/arcmwrscrf22c3h32ngv74qq30cyhjp9-shadow-4.17.4' from 'https://cache.nixos.org'...
copying path '/nix/store/42pzy4ahwk8p41hwfmz2nldgvsdws8q1-binutils-2.44' from 'https://cache.nixos.org'...
copying path '/nix/store/v2nsb0q208p4xiw74vp4srn2sammhhks-freetype-2.13.3' from 'https://cache.nixos.org'...
building '/nix/store/210az7h9qyc43vb493in3br0mz7ii993-xserver.conf.drv'...
copying path '/nix/store/fkdyizhx4mvgr1wsbl36w1x59ybb66fb-libwebp-1.5.0' from 'https://cache.nixos.org'...
copying path '/nix/store/17qrg8r0mpynmz06lx60fgs8g6dgbb3a-sqlite-3.48.0-bin' from 'https://cache.nixos.org'...
copying path '/nix/store/rigwlrg08iw071x8brffd9cq8x039k6z-zstd-1.5.7-bin' from 'https://cache.nixos.org'...
copying path '/nix/store/kqy4h1abh7ir0d6imq8qna6n9b95sq8a-openssh-10.0p2' from 'https://cache.nixos.org'...
copying path '/nix/store/zj454ywhs7imbjk195f934wh7nyarj81-sord-0.16.18' from 'https://cache.nixos.org'...
copying path '/nix/store/kh5rc3j28ygr4sig207zdzpgn7hfa98f-slang-2.3.3' from 'https://cache.nixos.org'...
copying path '/nix/store/0y4yqz53m6a1zzas0kdlmaw4qhskrf57-spidermonkey-128.5.0' from 'https://cache.nixos.org'...
copying path '/nix/store/35b7pci9f1308g1n297y1kca9k8rl461-alsa-lib-1.2.13' from 'https://cache.nixos.org'...
copying path '/nix/store/ks3slx52c0jmfgg717n0jq9lp354mlnw-sqlite-3.48.0' from 'https://cache.nixos.org'...
copying path '/nix/store/9v92708qmblip01dc60vnilzbcii5zad-stdenv-linux' from 'https://cache.nixos.org'...
copying path '/nix/store/ybhi1g8z643mcg5n4pkwhsihj4klk9y0-zlib-1.3.1-dev' from 'https://cache.nixos.org'...
copying path '/nix/store/5z1ilf77wswdvyln6i7hp4czy84fp2k9-xz-5.8.1-dev' from 'https://cache.nixos.org'...
building '/nix/store/jj6928m47yraizvabcb4x2v4ly7xnx1v-fontconfig-conf.drv'...
copying path '/nix/store/fbalzq9zp0r8fbzniw011mq5dc9fppwg-curl-8.14.1' from 'https://cache.nixos.org'...
copying path '/nix/store/nshhjm3s9pwc86s5hyzqf22pn8kikw8j-curl-8.14.1' from 'https://cache.nixos.org'...
building '/nix/store/03svygri5kdhvmjpa0pnl5p9p8wlz273-xserver-wrapper.drv'...
copying path '/nix/store/74z7naywq3fzikbsbb0248y7j6mgcmi6-fontconfig-2.16.0-lib' from 'https://cache.nixos.org'...
copying path '/nix/store/i2v1h1k0wxckjyiw6zkv26vn6rrqkq8w-gnutls-3.8.9-bin' from 'https://cache.nixos.org'...
building '/nix/store/anmk8x3kwg1f15sz6kay6gwwadl12ngc-fontconfig-etc.drv'...
copying path '/nix/store/12jr4iqdaj6q81hawgncaavcjjpzr7qa-libmicrohttpd-1.0.1' from 'https://cache.nixos.org'...
building '/nix/store/lcaabp4msnbsdr5vimb959nvg8fvcaqm-sddm.conf.drv'...
copying path '/nix/store/nk7wnp1209mv9mdf0vr1ivzsdzm38yzs-kbd-2.7.1' from 'https://cache.nixos.org'...
copying path '/nix/store/cbzqrm9j754py27lbx46lj4nwfaqh2sv-libpng-apng-1.6.46-dev' from 'https://cache.nixos.org'...
copying path '/nix/store/f20j3x3r4xjc3r4kskaxj4c10miii4zp-libpwquality-1.4.5-lib' from 'https://cache.nixos.org'...
copying path '/nix/store/67cabjyjm7h80gpaq8ym8rs8454vgnhg-libssh2-1.11.1-dev' from 'https://cache.nixos.org'...
copying path '/nix/store/32gjzzpzawn477cr8bq1yvsih0rqfjma-fontconfig-2.16.0-bin' from 'https://cache.nixos.org'...
copying path '/nix/store/4wd8wq593i7yyj3ic0wgrq7gp9303jm9-libXft-2.3.9' from 'https://cache.nixos.org'...
copying path '/nix/store/mlnlvdaij0c6qgzz3mmcb5f796871778-elfutils-0.192' from 'https://cache.nixos.org'...
copying path '/nix/store/6n781186ik492dhihqqxlsbik4hzfjy9-libbluray-1.3.4' from 'https://cache.nixos.org'...
copying path '/nix/store/mjsa84zmq21vhyhka3dzp1i6k10v0w2y-curl-8.14.1-bin' from 'https://cache.nixos.org'...
copying path '/nix/store/wz3lfd706m2icjjxks3hslg4i3g5r1la-gnutls-3.8.9-dev' from 'https://cache.nixos.org'...
copying path '/nix/store/rmvm61j683qh9p61kjkpnpmdxmma7cfd-libtiff-4.7.0' from 'https://cache.nixos.org'...
copying path '/nix/store/cyd9rll5yn56whfs8i5hvqd5xmwgffcy-freetype-2.13.3-dev' from 'https://cache.nixos.org'...
copying path '/nix/store/5ax47cdlw0dypw845399swkfypcsz5c3-libva-2.22.0' from 'https://cache.nixos.org'...
copying path '/nix/store/k6kq102yvs9h153bh96x0qks92yhhz9y-libva-minimal-2.22.0' from 'https://cache.nixos.org'...
copying path '/nix/store/0rbzs0gj9c709h0p607rik1a9l60m8c9-newt-0.52.24' from 'https://cache.nixos.org'...
copying path '/nix/store/aw03p18h49w0z0d8f97bzrd9mkv14jkb-nss-3.101.2' from 'https://cache.nixos.org'...
copying path '/nix/store/qys9qkssiaazvkmlwcc153yrcn74541s-prefetch-npm-deps-0.1.0' from 'https://cache.nixos.org'...
copying path '/nix/store/7swzihjk0c0524bggq0hwb1pddvdr5k9-curl-8.14.1-dev' from 'https://cache.nixos.org'...
copying path '/nix/store/55mm225hwlqf6bg0dprpppc4zl411z3n-raptor2-2.0.16' from 'https://cache.nixos.org'...
copying path '/nix/store/x8r21k5xskd7647wzb625g3gfxrj97w8-sqlite-3.48.0-dev' from 'https://cache.nixos.org'...
copying path '/nix/store/hqxm7r1q3ky4j3nigbnydf658ld92xh3-libbpf-1.5.0' from 'https://cache.nixos.org'...
copying path '/nix/store/iga4lv0say4pbbbgkf1v79403n1ip7hf-binutils-wrapper-2.44' from 'https://cache.nixos.org'...
copying path '/nix/store/p5wbsmgs0p5vp994zv7gbbbd3dgg222a-sratom-0.6.18' from 'https://cache.nixos.org'...
copying path '/nix/store/2735x3ab0rd57f4y40vcw716vzmjlir4-util-linux-2.41.1-lib' from 'https://cache.nixos.org'...
copying path '/nix/store/yvww6zg2zm1iiiz1qbgdr1sfps053fi0-fontconfig-2.16.0-dev' from 'https://cache.nixos.org'...
copying path '/nix/store/3893wvvrkm5h38iw45ccp938a2bxcily-libtiff-4.7.0-bin' from 'https://cache.nixos.org'...
building '/nix/store/6n02gdmnlcarad6499ysxi9p10kbjbki-source.drv'...
copying path '/nix/store/rhb8adjr8gv2w90hpgwpz0bgr1dqgg1f-libwebp-1.5.0' from 'https://cache.nixos.org'...
copying path '/nix/store/02j09l20c06fsvnsm5ng31jyl735ydk2-openjpeg-2.5.2' from 'https://cache.nixos.org'...
copying path '/nix/store/wpj48wj94jb3hlmclxcmx47qf8f857p8-lrdf-0.6.1' from 'https://cache.nixos.org'...
copying path '/nix/store/r0k9k74in64wz1p78hlvybg8zy76dgn6-spandsp-0.0.6' from 'https://cache.nixos.org'...
copying path '/nix/store/x0g0nam40i7rfvgcwx39f9b799yl04bh-lilv-0.24.24' from 'https://cache.nixos.org'...
copying path '/nix/store/18ks84vwka6v1ldjp0cnil98pyykr3a9-util-linux-minimal-2.41.1-lib' from 'https://cache.nixos.org'...
copying path '/nix/store/qf859ddpbbb0jlk9jm05mkn9768ilgfr-wildmidi-0.4.6' from 'https://cache.nixos.org'...
copying path '/nix/store/xv1lykwi8n984ips4rpjv1imfwqpak31-nodejs-22.20.0' from 'https://cache.nixos.org'...
building '/nix/store/smwbkhw25spzpf0y4kanc6yclj5r9xwn-ags-npm-deps.drv'...
copying path '/nix/store/bbk1fr0wgiis9gbrn6p5fw9mcsn62kzh-zstd-1.5.7-dev' from 'https://cache.nixos.org'...
copying path '/nix/store/wi3vbjlri1xjjxam65h5dxdmb8lzlgcl-iproute2-6.14.0' from 'https://cache.nixos.org'...
copying path '/nix/store/szh9k5fx44w28fjqdx6js8j89af4ncwf-libXft-2.3.9-dev' from 'https://cache.nixos.org'...
copying path '/nix/store/f97b1mzcx2a6hbhj5vky5wpabg077n7p-libtiff-4.7.0-dev' from 'https://cache.nixos.org'...
copying path '/nix/store/6pi18h9fngcwyhh6sn19cqsgwd9r4d91-perl5.40.0-libwww-perl-6.72' from 'https://cache.nixos.org'...
copying path '/nix/store/j646c5hkfmrx5hrkmgiamfgvh0d80m6c-perl5.40.0-X11-Protocol-0.56' from 'https://cache.nixos.org'...
copying path '/nix/store/c7c6765m6g4b6a02hh56sv6hax9fjmls-perl5.40.0-File-MimeInfo-0.33' from 'https://cache.nixos.org'...
copying path '/nix/store/1jk1yh8rx95llb9vbk61scax9x82sfp6-cryptsetup-2.7.5' from 'https://cache.nixos.org'...
copying path '/nix/store/qzvvmd2rdzg0hz93ghmmk69yfk43n304-python3-3.12.12' from 'https://cache.nixos.org'...
copying path '/nix/store/jd20rkmqmkfkcvk2wl2lmzz7acq4svlr-python3-3.12.12' from 'https://cache.nixos.org'...
copying path '/nix/store/6fcs5axsavxj9l6jj40hqgb6c0lq314p-ntfs3g-2022.10.3' from 'https://cache.nixos.org'...
copying path '/nix/store/ldlkl531yapf8xwla348lx4xqik5a69v-e2fsprogs-1.47.2' from 'https://cache.nixos.org'...
copying path '/nix/store/dkx52n6n2fc49h4gc4q50h01sxshhgli-libSM-1.2.5' from 'https://cache.nixos.org'...
copying path '/nix/store/sgap1pr1czm1k2pp8sdkp9hs9v3ahx27-glib-2.84.3' from 'https://cache.nixos.org'...
copying path '/nix/store/2nkiqj1z4fhlir2amw2qqx128vsj20nr-f2fs-tools-1.16.0' from 'https://cache.nixos.org'...
copying path '/nix/store/494s5jn4yvbmfynk3k6qmkvmlv3b5v2v-tpm2-tss-4.1.3' from 'https://cache.nixos.org'...
copying path '/nix/store/2ybhr1rpndnv5bsbj01qwwwzkg5z88a8-perl5.40.0-XML-Parser-2.46' from 'https://cache.nixos.org'...
copying path '/nix/store/izqi1kbfayrajfvmsbsq5gb5qlrr65pa-util-linux-minimal-2.41.1-mount' from 'https://cache.nixos.org'...
copying path '/nix/store/cnd9s9jk8jww4il0wwksknfxdnqya7am-libndctl-79' from 'https://cache.nixos.org'...
copying path '/nix/store/mbvfgkk8zl5zw8bvb2inlz6kmzj7a7aa-parted-3.6' from 'https://cache.nixos.org'...
copying path '/nix/store/918r5158s82xvm17ldxrmbd7vkzxjpjy-libSM-1.2.5-dev' from 'https://cache.nixos.org'...
copying path '/nix/store/ibqxa73f7rprgdlvp8yfg0isprn61884-util-linux-2.41.1-login' from 'https://cache.nixos.org'...
copying path '/nix/store/ig0n31lhwwv80fzv1gh62y26qlfq7brq-util-linux-2.41.1-mount' from 'https://cache.nixos.org'...
copying path '/nix/store/98iswfapm96kpp32gjc9lvhbiaa034mw-util-linux-2.41.1-swap' from 'https://cache.nixos.org'...
copying path '/nix/store/s1xwhyh16gnl7zcxmmdhjirkzwaxda3p-util-linux-minimal-2.41.1-swap' from 'https://cache.nixos.org'...
copying path '/nix/store/x1ccxd9bgdk1s9rrb6zbkx8193xw2dzg-perl5.40.0-XML-Twig-3.52' from 'https://cache.nixos.org'...
copying path '/nix/store/qxsglqw2fm5d0j7kwgvw669c9w22szdc-btrfs-progs-6.14' from 'https://cache.nixos.org'...
copying path '/nix/store/sfcnv3sqx47iv944n9knl73v1yn84zxm-e2fsprogs-1.47.2-bin' from 'https://cache.nixos.org'...
copying path '/nix/store/drdlfnl0rsb2qbzq0qvavz8i2y2m6g34-gnupg-2.4.8' from 'https://cache.nixos.org'...
copying path '/nix/store/13x9g385k9nmiaws6zwjyvmm0flhnj14-xfsprogs-6.13.0-bin' from 'https://cache.nixos.org'...
copying path '/nix/store/kiplbb6yv7rmjf21hf9ky01b9kmgmnqn-systemd-257.10' from 'https://cache.nixos.org'...
copying path '/nix/store/d2402qsphw86lqf2fg6kdrzq3r467x5w-systemd-minimal-257.10' from 'https://cache.nixos.org'...
copying path '/nix/store/vviigq6ivqsvccdcqa8x6yjkjyha37mj-util-linux-minimal-2.41.1-bin' from 'https://cache.nixos.org'...
copying path '/nix/store/wqybgnrshxjazk4alc3ccqk3yw4mjrm5-nilfs-utils-2.2.11' from 'https://cache.nixos.org'...
copying path '/nix/store/gd22hvyhpvwpwv3wd3f5r1c02d2cy5m6-cairo-1.18.2' from 'https://cache.nixos.org'...
copying path '/nix/store/p2w6dyv1xyihxj5hqimgs7irj2z7q5hl-dconf-0.40.0-lib' from 'https://cache.nixos.org'...
copying path '/nix/store/zw02m3kb15sb2rs65vjsc81k87xp2pms-gdk-pixbuf-2.42.12' from 'https://cache.nixos.org'...
copying path '/nix/store/sqvym87ax4j7ff4fa57bx47h021k0ybn-glib-2.84.3-bin' from 'https://cache.nixos.org'...
copying path '/nix/store/lg9b5vp33kbdp5dmb8zdk6br9vy6w0sa-glibmm-2.66.8' from 'https://cache.nixos.org'...
copying path '/nix/store/rlxh4fghh2v71s5vvin2slqz2p1kqzwi-harfbuzz-10.2.0' from 'https://cache.nixos.org'...
copying path '/nix/store/7096hm4ngrc657mn25gxy4pidffblrc5-graphene-1.10.8' from 'https://cache.nixos.org'...
copying path '/nix/store/f0bf3wwlhp2nraf5mj78gnwwqp5r6mqn-json-glib-1.10.6' from 'https://cache.nixos.org'...
copying path '/nix/store/wwy7mpvmxz7v9hr3mipn5fh35cx81xhm-libavif-1.2.1' from 'https://cache.nixos.org'...
copying path '/nix/store/pk0hycs9ry01qgcaa88bj92bxpcbfvyc-gobject-introspection-1.84.0' from 'https://cache.nixos.org'...
copying path '/nix/store/mgd6m91nbi06bvmzdrv95qma151qya7b-fuse-2.9.9' from 'https://cache.nixos.org'...
copying path '/nix/store/qhijwymp3zmhpipmkpvh7kx4p4hn3rrn-fuse-3.16.2' from 'https://cache.nixos.org'...
copying path '/nix/store/ql6n19wzync58mi6lbg8f84nczihsgg0-gpgme-1.24.2' from 'https://cache.nixos.org'...
copying path '/nix/store/ly3p1qzvlz5d9pncqlr1fxbikdqymk25-libgudev-238' from 'https://cache.nixos.org'...
copying path '/nix/store/ja5hdib4ymmfc088hlxihg2ds8fgw2w0-exfat-1.4.0' from 'https://cache.nixos.org'...
copying path '/nix/store/k9lrqx2r2wd17yy875wj65ilh7h6pmym-libical-3.0.20' from 'https://cache.nixos.org'...
copying path '/nix/store/chvd23s7y8wya68hmrsfp6lh81i20li4-libmbim-1.30.0' from 'https://cache.nixos.org'...
copying path '/nix/store/267q9518dk95ckwcm524jgp34d47qblm-gobject-introspection-wrapped-1.84.0' from 'https://cache.nixos.org'...
copying path '/nix/store/76rzw35gjjgg0ylkl762zr99n1p8ppkd-libnotify-0.8.6' from 'https://cache.nixos.org'...
copying path '/nix/store/9gyi9hcn01rsjwyd02191d59livbfcpw-gd-2.3.3' from 'https://cache.nixos.org'...
copying path '/nix/store/i28ag2mq4dnr1fcb9bmmzqsal10fcimc-libproxy-0.5.9' from 'https://cache.nixos.org'...
copying path '/nix/store/bf08qsr17s7zgpqcjp2k07ifw7cam8w3-libqrtr-glib-1.2.2' from 'https://cache.nixos.org'...
copying path '/nix/store/lyifb392qssvw1qmar5jbx3rjwid0hw2-libsoup-3.6.5' from 'https://cache.nixos.org'...
copying path '/nix/store/v2pr7067rj13rv6alijqv7xbqjd3zk3v-libxmlb-0.3.22-lib' from 'https://cache.nixos.org'...
copying path '/nix/store/c1hian0qsxix0a7pswp442c2c201cmd9-shared-mime-info-2.4' from 'https://cache.nixos.org'...
copying path '/nix/store/kq0ih0cw1zscnrl41s4fmvxx6j8g3v4i-glib-networking-2.80.1' from 'https://cache.nixos.org'...
copying path '/nix/store/7nkg1mcq2249pq1r4hilpqg5n56zvp09-libgphoto2-2.5.31' from 'https://cache.nixos.org'...
copying path '/nix/store/884b8cl0x9hz7bmdq93icppfwzm3bv9m-libxml++-3.0.1' from 'https://cache.nixos.org'...
copying path '/nix/store/b3qycjcaizn1b6y7cc35ckgdssd1y5ik-libqmi-1.36.0' from 'https://cache.nixos.org'...
copying path '/nix/store/mkqpd42f5ngv9ns71gpaxdhnjpcf4dv4-dbus-1.14.10-lib' from 'https://cache.nixos.org'...
copying path '/nix/store/nhy2s802z9d5ks0i9zssr71889mh1ib2-polkit-126' from 'https://cache.nixos.org'...
copying path '/nix/store/ifbvwxgkz86n1i7l1jminprrppsqy27a-harfbuzz-10.2.0-dev' from 'https://cache.nixos.org'...
copying path '/nix/store/67c87g2v7zjsxwyqwv0npvhgd4vmm0mn-libass-0.17.3' from 'https://cache.nixos.org'...
copying path '/nix/store/69z8gc1q1kvphvzygi0zvfy07386p76q-gssdp-1.6.3' from 'https://cache.nixos.org'...
copying path '/nix/store/dlvcgf0y7m1ijrlkqlzdgs6jw43px4qj-ffado-2.4.9' from 'https://cache.nixos.org'...
copying path '/nix/store/570m5d83a79bcqddf1bq9ac758sgi1j0-pango-1.56.3' from 'https://cache.nixos.org'...
copying path '/nix/store/1sv8j6k9rccxb10sxkh38xfsx1ppl3rh-avahi-0.8' from 'https://cache.nixos.org'...
copying path '/nix/store/f6h1mckx26vw89f0hlgh2n0y3nx4y22x-bluez-5.80' from 'https://cache.nixos.org'...
copying path '/nix/store/b3rlh7gh6l8i1a8455fdn148mkk2dnbi-dbus-1.14.10' from 'https://cache.nixos.org'...
copying path '/nix/store/63wimhdy7m07j1rd9f9zhqjaxyygdb0h-dnsmasq-2.91' from 'https://cache.nixos.org'...
copying path '/nix/store/6an935fh9nn57y2ym940v8y2qrsscp35-gupnp-1.6.9' from 'https://cache.nixos.org'...
copying path '/nix/store/bycfn585xlnarr6zmmmqlmhr7wzs9gmb-gjs-1.84.2' from 'https://cache.nixos.org'...
copying path '/nix/store/y9pdffmcljhsklcwcgrzzhmd43ndhacg-libjack2-1.9.22' from 'https://cache.nixos.org'...
copying path '/nix/store/cipbx35w268sdp8851zb50m1lfnd9xn0-libpulseaudio-17.0' from 'https://cache.nixos.org'...
copying path '/nix/store/f07xfxk6grysx90p9a0gg6lg9w49jc22-perl5.40.0-Net-DBus-1.2.0' from 'https://cache.nixos.org'...
copying path '/nix/store/yksy1kpppwmn1aqx81nx9mwfc15z4kbr-gupnp-igd-1.6.0' from 'https://cache.nixos.org'...
copying path '/nix/store/y2gq1i1r8cxb5sarg3ybian6mcql3q1d-librsvg-2.60.0' from 'https://cache.nixos.org'...
copying path '/nix/store/zfiwajrqhjhkygqmg6y7gmckm739xxca-pango-1.56.3-bin' from 'https://cache.nixos.org'...
copying path '/nix/store/nc6zg9n8jllvy61l59046h545b30nv5z-dbus-1.14.10-dev' from 'https://cache.nixos.org'...
copying path '/nix/store/qia8jjij6qwqb9lkfg4x72px65lqmpms-cups-2.4.14-lib' from 'https://cache.nixos.org'...
copying path '/nix/store/hs224b5gsfrvymxsyhm1j22mhcm30nhi-polkit-126-bin' from 'https://cache.nixos.org'...
copying path '/nix/store/q8qpir2iq0mlwpm3mrjf2nz7aim4jcwj-ppp-2.5.2' from 'https://cache.nixos.org'...
copying path '/nix/store/xnx5jnb26fia13bh62dxrv9p24pi8dmg-tinysparql-3.9.2' from 'https://cache.nixos.org'...
copying path '/nix/store/i49qr6nkxfvp0h0j8pcz34jz525xnslv-upower-1.90.6' from 'https://cache.nixos.org'...
copying path '/nix/store/y8d34qlvw42fykl3ya4x5vjdc19vbj8i-volume_key-0.3.11' from 'https://cache.nixos.org'...
copying path '/nix/store/i3dgz7mk28xi12q32mpvyxzmgfw8h988-cups-2.4.14' from 'https://cache.nixos.org'...
copying path '/nix/store/7zcgw7325dkys87jv1h05vplmq5n6gwx-flite-2.2-lib' from 'https://cache.nixos.org'...
copying path '/nix/store/1hm5xf6f87ndhcgq7rw4aq4sscwic92f-fluidsynth-2.4.4' from 'https://cache.nixos.org'...
copying path '/nix/store/sr5n77vlqy08yd1ilx3awpqw1d4vgkvv-libao-1.2.2' from 'https://cache.nixos.org'...
copying path '/nix/store/q8hxz8ar2z9dmak8zsgv9bv5sy5hm8sf-libpulseaudio-17.0-dev' from 'https://cache.nixos.org'...
copying path '/nix/store/d52qnl9mald53hyg69md697m6gk1mqhc-mpg123-1.32.10' from 'https://cache.nixos.org'...
copying path '/nix/store/54s7cb868069jnankr3lkbzq53k7w535-libblockdev-3.3.0' from 'https://cache.nixos.org'...
copying path '/nix/store/0dc9kkbr9z1wh0sarjc1k65sdlxw72qj-sox-unstable-2021-05-09-lib' from 'https://cache.nixos.org'...
copying path '/nix/store/y1jz7wdb8m9vr1a926pf9lgnxvmkf2v7-libopenmpt-0.7.16' from 'https://cache.nixos.org'...
copying path '/nix/store/h13jrdg1scvfpwmpwdqvd8jmb90gv2z3-at-spi2-core-2.56.2' from 'https://cache.nixos.org'...
copying path '/nix/store/ib078xbwy0dwfxj9mx3jry5ibwni01ni-vpnc-scripts-unstable-2023-01-03' from 'https://cache.nixos.org'...
copying path '/nix/store/x3sgcqishcb0aqnlglba2l1g3gkfkclb-modemmanager-1.22.0' from 'https://cache.nixos.org'...
copying path '/nix/store/lbmf09mml4llrvna9isqmy08f2k73ghd-util-linux-2.41.1-bin' from 'https://cache.nixos.org'...
copying path '/nix/store/1xb348bicw1b0fmahnvnvax0jhiapz42-procps-4.0.4' from 'https://cache.nixos.org'...
copying path '/nix/store/dmrwlq8ram9bi4dy09h0wrmjzklhnww5-appstream-1.0.4' from 'https://cache.nixos.org'...
copying path '/nix/store/lw419kksszipf5h674s0j28rcqi0wi60-roc-toolkit-0.4.0' from 'https://cache.nixos.org'...
copying path '/nix/store/5rwfr4ya0vcy2byj153gw71hnfygs3r8-cups-2.4.14-dev' from 'https://cache.nixos.org'...
copying path '/nix/store/gfignin0226v6d6xxs10bfbxqw17p8bg-gtk+3-3.24.49' from 'https://cache.nixos.org'...
copying path '/nix/store/jwnq8vfnvjqshmrnrj2acvsixh42ijv2-ffmpeg-headless-7.1.1-lib' from 'https://cache.nixos.org'...
copying path '/nix/store/979545629b417pw1y7xi351ah59x2lfk-xdg-utils-1.2.1' from 'https://cache.nixos.org'...
copying path '/nix/store/nclbdyhlakrh1njrw8z06aafhna7cwag-mdadm-4.3' from 'https://cache.nixos.org'...
copying path '/nix/store/kpb516x1nchblcimvvyhvqaa10vl41j0-nodejs-install-executables' from 'https://cache.nixos.org'...
copying path '/nix/store/d5vq2a5qin67if3wl9awsvkgsf9kdzvj-npm-config-hook' from 'https://cache.nixos.org'...
copying path '/nix/store/5h3di3m60im6v37gl4g4m6w4d94mr84q-nodejs-22.20.0-dev' from 'https://cache.nixos.org'...
copying path '/nix/store/chpacyfj0sx2nn0d8qn1zkhr35cwxyf8-typescript-5.8.2' from 'https://cache.nixos.org'...
copying path '/nix/store/1qcp4gysmiy7jg0lmzk83dhh6bvs7w95-udisks-2.10.2' from 'https://cache.nixos.org'...
copying path '/nix/store/dwcmxlc28ywnch3z1rp43vp291dz1sk7-npm-install-hook' from 'https://cache.nixos.org'...
copying path '/nix/store/w6p5xfwxig647v0nvaki3qs8ghm4f1dx-libdbusmenu-gtk3-16.04.0' from 'https://cache.nixos.org'...
copying path '/nix/store/i148xjalb4qb3dpj9vvgfp3ikksakvx2-stoken-0.93' from 'https://cache.nixos.org'...
copying path '/nix/store/f4gc44jjpc6nsgrx2jkvqbqa56bjgjms-gtk-layer-shell-0.9.1' from 'https://cache.nixos.org'...
copying path '/nix/store/qizvbwf91ddf7fw68n25z2mkjajdiawv-openconnect-9.12' from 'https://cache.nixos.org'...
copying path '/nix/store/7ksd3m78lxjpnr8l63g46gr24fb2pcf1-gtk-layer-shell-0.9.1-dev' from 'https://cache.nixos.org'...
copying path '/nix/store/yrw2z93rq23dw93wvy098gdz09qgp3zj-chromaprint-1.5.1' from 'https://cache.nixos.org'...
copying path '/nix/store/94f5ar2n9rgz4icf9v189nh757fb1b23-networkmanager-1.52.1' from 'https://cache.nixos.org'...
copying path '/nix/store/hk14wvmxbd5kpwnmzhslhs5qpfvnslgy-networkmanager-1.52.1-dev' from 'https://cache.nixos.org'...
building '/nix/store/03iahhmk9d1jsvrfq6vwl87fanhcp637-upscayl-2.15.0-init.drv'...
building '/nix/store/792pi79q4bwz5g53nsdb9342w6pcjb61-upscayl-2.15.0-bwrap.drv'...
copying path '/nix/store/frfa9gkb39j5a7gk7585vnhrb7gwx485-gstreamer-1.26.3' from 'https://cache.nixos.org'...
copying path '/nix/store/wmj6p90va05lbrmwbgval6hvsbi3m9mn-meson-1.7.2' from 'https://cache.nixos.org'...
copying path '/nix/store/j2md3lhl9yxy0cjqg06yb8vq89c4yjvc-python3.12-dnspython-2.7.0' from 'https://cache.nixos.org'...
copying path '/nix/store/1nwhd27bknbnrd7lb76z3r8jc8gvj37y-python3.12-markdown-3.8.2' from 'https://cache.nixos.org'...
copying path '/nix/store/adamj0bnqapcgzg8bbr076ggchcxx2pi-tdb-1.4.13' from 'https://cache.nixos.org'...
copying path '/nix/store/a3xi3v2zxn87p1vdph9i47bcz7c93370-talloc-2.4.3' from 'https://cache.nixos.org'...
copying path '/nix/store/jahiclal74yv1j7py0jnlm30ji3wa1wr-python3.12-setuptools-78.1.1' from 'https://cache.nixos.org'...
copying path '/nix/store/s1s7cngw3wc3wm6ysqyjkwq8nq4cz4vl-python3.12-markupsafe-3.0.2' from 'https://cache.nixos.org'...
copying path '/nix/store/h1qsc2cb41r5iaix9n7s3gn4r5s2pdfw-python3.12-packaging-24.2' from 'https://cache.nixos.org'...
building '/nix/store/9mmvz038q1r9hxck7ppkxpx200qz0vik-upscayl-2.15.0.drv'...
copying path '/nix/store/a7b8rw1chhk2d0s1r5qc1hhiky22ldq6-python3.12-mako-1.3.9' from 'https://cache.nixos.org'...
copying path '/nix/store/g39bcyi0m973iirm2azrhmwizqczqibw-tevent-0.16.2' from 'https://cache.nixos.org'...
copying path '/nix/store/66zgnxa0lchbcjbc4izm13qwgkk66ilj-glib-2.84.3-dev' from 'https://cache.nixos.org'...
copying path '/nix/store/612hizs0z99bf39ssqfpmqfnf4nh8ma0-ldb-2.9.2' from 'https://cache.nixos.org'...
copying path '/nix/store/xkgs1irfbfm7j5ccpxy69ar5gxk25vmn-gst-plugins-base-1.26.3' from 'https://cache.nixos.org'...
copying path '/nix/store/3yk6qq4s2zjcmvr3xaill3z2y1qd1rim-libnice-0.1.22' from 'https://cache.nixos.org'...
copying path '/nix/store/xpb1ibiij73b8yql5lyyms7lb9b0cbpk-libcanberra-0.30' from 'https://cache.nixos.org'...
copying path '/nix/store/v8m10awvxkgwn9mh5qnhk06qv6ijg3yr-samba-4.20.8' from 'https://cache.nixos.org'...
copying path '/nix/store/khfzzr2541i00pmd2sdsxcqrz6vw3r4f-gsound-1.0.3' from 'https://cache.nixos.org'...
copying path '/nix/store/74mi5rpl82w5976dabc9442ily61j31a-cairo-1.18.2-dev' from 'https://cache.nixos.org'...
copying path '/nix/store/ylpzan5pxfwd0c8nm605lq7rwraz74gn-gdk-pixbuf-2.42.12-dev' from 'https://cache.nixos.org'...
copying path '/nix/store/maq937f5dx8sichmkl7x3p36ch90jpam-libsoup-3.6.5-dev' from 'https://cache.nixos.org'...
copying path '/nix/store/1y1l1nqicwk55sr16pywl0bdaajm7r4w-polkit-126-dev' from 'https://cache.nixos.org'...
copying path '/nix/store/gybizxcsd0y8wrijnb7yldrdl4a5v4ay-at-spi2-core-2.56.2-dev' from 'https://cache.nixos.org'...
copying path '/nix/store/89fxs4hxyqgqsgnxk5br0szidayxxy4z-gjs-1.84.2-dev' from 'https://cache.nixos.org'...
copying path '/nix/store/kks0nbx2riwry5qsx0qr87qr0lswmhzi-gcc-wrapper-14.3.0' from 'https://cache.nixos.org'...
copying path '/nix/store/k5rf0bfkimz646njbzj6v90gn9kfvb0x-pango-1.56.3-dev' from 'https://cache.nixos.org'...
copying path '/nix/store/q84czshqak04gb2k9n03qz5ibmcwzp02-upower-1.90.6-dev' from 'https://cache.nixos.org'...
copying path '/nix/store/3rxk21hy400vh9rwcd4n66v26xlwk6l1-librsvg-2.60.0-dev' from 'https://cache.nixos.org'...
copying path '/nix/store/0lrkqam7b9d1rgrm2q5jmwkjzb89kkqr-libnotify-0.8.6-dev' from 'https://cache.nixos.org'...
copying path '/nix/store/xswym3887gf8l681i2m3j587kllcwlh7-libcamera-0.5.0' from 'https://cache.nixos.org'...
copying path '/nix/store/025sr32f1bbzvfwvj80ybnmq4hil58ri-make-binary-wrapper-hook' from 'https://cache.nixos.org'...
copying path '/nix/store/lfwfj17y9fpjb73nsj2m35rmkh587a0x-stdenv-linux' from 'https://cache.nixos.org'...
copying path '/nix/store/x63xmxkh76ri4a3zscav3qcl75pk26nk-python3-3.12.12-env' from 'https://cache.nixos.org'...
copying path '/nix/store/9hrqkyi7wx3fy92cvwf2y14rmjnh3ydd-gtk+3-3.24.49-dev' from 'https://cache.nixos.org'...
building '/nix/store/0zihy44jyjip1m96lsj8a2rjd0pv6npf-ags.drv'...
copying path '/nix/store/1jyj305advkmfvm78srkypwy9qr4v1wa-gobject-introspection-1.84.0-dev' from 'https://cache.nixos.org'...
copying path '/nix/store/0490wlxa4p3k4h95kkv0wlmv7iyjgm8i-pipewire-1.4.7' from 'https://cache.nixos.org'...
copying path '/nix/store/s95b1rh47gyr9v4ly1sm9sqw4344igxa-gobject-introspection-wrapped-1.84.0-dev' from 'https://cache.nixos.org'...
copying path '/nix/store/hb84vp6i215hbclsla9l0n617bjrsgq9-wrap-gapps-hook' from 'https://cache.nixos.org'...
copying path '/nix/store/vc0p41f03fk34ifi0jyrfz0gm4bd7d5k-openal-soft-1.24.2' from 'https://cache.nixos.org'...
copying path '/nix/store/3jlrpiji5jc7brmjy750abrcn0z7h9jl-gvfs-1.57.2' from 'https://cache.nixos.org'...
copying path '/nix/store/pn5rnphljfwj5nj7fm9jna2f8cpaxf36-gst-plugins-bad-1.26.3' from 'https://cache.nixos.org'...
copying path '/nix/store/w8kpi29gnj914xnbns7rds35155lyxfk-gtk4-4.18.6' from 'https://cache.nixos.org'...
copying path '/nix/store/8kxg2016yvvf9abmv9lfwjr14qrz7j76-libadwaita-1.7.5' from 'https://cache.nixos.org'...
copying path '/nix/store/963bx5255ss2wl0w8gad3vg1pcy9yvpp-gnome-bluetooth-47.1' from 'https://cache.nixos.org'...
copying path '/nix/store/3qb51kqmmrffvn6qnvlznrilry9sd14y-gnome-bluetooth-47.1-dev' from 'https://cache.nixos.org'...
building '/nix/store/0xjhkx69mwl6rvr8wj0g1l258wa821r5-ags-1.9.0.drv'...
building '/nix/store/9gclnwz58i98kk0d07nrx1ii32fjpkwl-clapgrep-25.07.drv'...
building '/nix/store/l633zqrxpka64jz1z42l8z1shw6wlg1s-gajim-2.3.6.drv'...
building '/nix/store/mr9bn47ah9i7l3xdr4brnyfpac1swc4h-agsv1.drv'...
building '/nix/store/20l09hmvx52dii8mkd2rwm1s59m65qjy-system-path.drv'...
building '/nix/store/ixgxrjxqca0pm66350vafpgq259y941a-X-Restart-Triggers-polkit.drv'...
building '/nix/store/h6fmi553277322m102pw1bf4xr19xdp3-dbus-1.drv'...
building '/nix/store/c5rbmzbndv15ny399d7a78n45pppsqhp-unit-polkit.service.drv'...
building '/nix/store/kv8w2x7j7rrdfzxkbf0vq47wdh5g6xy1-X-Restart-Triggers-dbus.drv'...
building '/nix/store/8dy6qj2zy61g5k2v9ix7prmqq0bmmga3-unit-dbus.service.drv'...
building '/nix/store/qmrkwaziimriga05clihk2vzfmdzyclr-unit-dbus.service.drv'...
building '/nix/store/vy961dsrlkmqhbd1j2l7jp687c2zqxby-user-units.drv'...
building '/nix/store/n4m9cmvwklk2ypa7xkp0svj4ia0svdbx-system-units.drv'...
building '/nix/store/xl1w3qkp2knpdi1c4yd1zx2wlsppvxjd-etc.drv'...
building '/nix/store/ayky1jk1yj1dc2jl3a00hhgq54b36mkq-nixos-system-PD-5CG84633PQ-26.05.20251205.a672be6.drv'...
Done. The new configuration is /nix/store/24m27yyqrmiwv8abbzzdh22p7xppnqw3-nixos-system-PD-5CG84633PQ-26.05.20251205.a672be6
[0;32m╔═══════════════════════════════════════════════════════════════════════╗[0m
[0;32m║                 ddubsOS Installation Successful!                      ║[0m
[0;32m║                                                                       ║[0m
[0;32m║   Please reboot your system for changes to take full effect.          ║[0m
[0;32m║                                                                       ║[0m
[0;32m╚═══════════════════════════════════════════════════════════════════════╝[0m
